lead_id,created_at,vertical,traffic_source,sub_id,state,cpl,status,buyer,sold_price,return_reason
L000001,2026-06-01 9:54,bathroom,facebook,fb_03,CA,31.34,sold,BuyerB,44.98,
L000002,2026-06-01 6:20,windows,native,nt_02,NJ,12.46,sold,BuyerB,28.41,
L000003,2026-06-01 14:05,windows,facebook,fb_07,CA,18.06,returned,BuyerA,28.79,not_homeowner
L000004,2026-06-01 19:11,windows,google,g_04,TN,21.99,sold,BuyerA,30.18,
L000005,2026-06-01 20:09,bathroom,facebook,fb_05,ID,24.81,unsold,,,
L000006,2026-06-01 11:03,windows,facebook,fb_02,NC,22.16,sold,BuyerA,28.01,
L000007,2026-06-01 12:33,bathroom,native,nt_01,AZ,20.87,sold,BuyerB,43.76,
L000008,2026-06-01 16:45,roofing,facebook,fb_01,CO,25.9,returned,BuyerA,33.42,no_answer
L000009,2026-06-01 23:32,windows,facebook,fb_06,PA,18,sold,BuyerA,30.31,
L000010,2026-06-01 14:44,roofing,native,nt_01,TX,19.59,sold,BuyerC,52.29,
L000011,2026-06-01 17:23,roofing,facebook,fb_03,GA,25.09,sold,BuyerC,52.2,
L000012,2026-06-01 18:49,windows,native,nt_01,NY,15.9,sold,BuyerA,29.06,
L000013,2026-06-01 11:25,roofing,google,g_03,MI,35.43,sold,BuyerA,33.24,
L000014,2026-06-01 13:06,windows,facebook,fb_07,AZ,18.48,returned,BuyerA,31.1,not_homeowner
L000015,2026-06-01 11:45,bathroom,google,g_02,TX,36.23,returned,BuyerB,42.98,no_answer
L000016,2026-06-01 11:15,roofing,facebook,fb_03,AZ,19.19,sold,BuyerD,33.72,
L000017,2026-06-01 20:14,windows,google,g_03,MI,29.79,unsold,,,
L000018,2026-06-01 9:11,bathroom,native,nt_02,SC,17.54,sold,BuyerB,43.98,
L000019,2026-06-01 7:07,bathroom,native,nt_01,FL,21.56,sold,BuyerB,45.01,
L000020,2026-06-01 15:43,bathroom,native,nt_01,FL,22.9,sold,BuyerB,45.78,
L000021,2026-06-01 18:06,roofing,facebook,fb_02,MI,22.94,sold,BuyerA,32.06,
L000022,2026-06-01 14:45,windows,facebook,fb_04,TX,20.12,sold,BuyerA,30.06,
L000023,2026-06-01 8:11,roofing,native,nt_01,GA,22.93,sold,BuyerC,53.16,
L000024,2026-06-01 18:45,roofing,facebook,fb_04,PA,23.92,sold,BuyerA,34.89,
L000025,2026-06-01 12:50,bathroom,facebook,fb_05,TN,26.34,sold,BuyerE,41.11,
L000026,2026-06-01 13:32,roofing,facebook,fb_07,IL,25.41,sold,BuyerA,35.56,
L000027,2026-06-01 10:15,roofing,google,g_02,VA,25.06,sold,BuyerA,37.21,
L000028,2026-06-01 13:15,bathroom,facebook,fb_03,NY,28.03,sold,BuyerB,46.56,
L000029,2026-06-01 11:30,bathroom,facebook,fb_03,NC,24.88,sold,BuyerB,45.92,
L000030,2026-06-01 12:42,roofing,facebook,fb_07,CA,23.57,sold,BuyerD,37.74,
L000031,2026-06-01 16:44,bathroom,facebook,fb_03,WY,21.46,sold,BuyerB,45.27,
L000032,2026-06-01 14:50,bathroom,google,g_03,VA,39.67,sold,BuyerE,39.05,
L000033,2026-06-01 13:17,windows,facebook,fb_04,IN,22.4,sold,BuyerA,28.82,
L000034,2026-06-01 6:43,roofing,facebook,fb_06,MI,24.65,returned,BuyerD,33.41,out_of_service_area
L000035,2026-06-01 6:32,bathroom,facebook,fb_06,NC,30.19,sold,BuyerB,44.67,
L000036,2026-06-01 9:00,windows,facebook,fb_01,AZ,19.88,sold,BuyerB,28.01,
L000037,2026-06-01 10:06,bathroom,google,g_01,TN,34.35,sold,BuyerB,41.83,
L000038,2026-06-01 9:45,roofing,google,g_04,NJ,29.79,sold,BuyerD,31.82,
L000039,2026-06-01 15:34,roofing,facebook,fb_04,CA,18.54,sold,BuyerA,39.72,
L000040,2026-06-01 22:59,roofing,facebook,fb_04,CO,20.13,unsold,,,
L000041,2026-06-01 8:59,bathroom,facebook,fb_04,OH,29.66,sold,BuyerB,43.29,
L000042,2026-06-01 7:10,roofing,google,g_02,NY,34.99,sold,BuyerA,34.26,
L000043,2026-06-01 13:09,roofing,facebook,fb_07,PA,28.15,returned,BuyerA,35.87,bad_number
L000044,2026-06-01 15:12,windows,facebook,fb_03,FL,19.56,sold,BuyerA,28.58,
L000045,2026-06-01 14:26,windows,facebook,fb_02,NC,20.36,returned,BuyerA,29.36,no_answer
L000046,2026-06-01 13:28,roofing,facebook,fb_06,FL,21.79,sold,BuyerC,52.69,
L000047,2026-06-01 7:53,windows,facebook,fb_01,MI,21.29,sold,BuyerA,31.51,
L000048,2026-06-01 12:59,windows,google,g_01,MI,27.88,sold,BuyerA,32.39,
L000049,2026-06-01 17:45,roofing,facebook,fb_01,FL,24.61,sold,BuyerA,36.72,
L000050,2026-06-01 6:04,roofing,facebook,fb_01,NJ,21.34,sold,BuyerA,35.33,
L000051,2026-06-01 16:34,bathroom,facebook,fb_02,PA,32.51,sold,BuyerB,44.6,
L000052,2026-06-01 14:12,bathroom,facebook,fb_04,NY,26.9,returned,BuyerE,39.63,changed_mind
L000053,2026-06-01 11:44,roofing,google,g_02,CA,24.52,returned,BuyerA,36.99,no_answer
L000054,2026-06-01 11:10,roofing,facebook,fb_06,FL,24.86,returned,BuyerC,52.11,no_answer
L000055,2026-06-01 19:26,windows,google,g_03,TX,33.48,unsold,,,
L000056,2026-06-01 9:51,windows,facebook,fb_05,NY,20.28,sold,BuyerA,28.76,
L000057,2026-06-01 12:04,windows,native,nt_02,AZ,14.03,sold,BuyerA,29.96,
L000058,2026-06-01 16:09,windows,google,g_04,FL,33.67,sold,BuyerB,29.82,
L000059,2026-06-01 16:55,roofing,facebook,fb_03,FL,22.46,unsold,,,
L000060,2026-06-01 15:56,roofing,facebook,fb_03,OH,22.09,sold,BuyerA,31.38,
L000061,2026-06-01 8:52,bathroom,facebook,fb_02,VA,27.26,sold,BuyerB,40.98,
L000062,2026-06-01 13:36,roofing,facebook,fb_01,FL,28.47,sold,BuyerC,50.99,
L000063,2026-06-01 9:23,bathroom,facebook,fb_06,CO,34.39,sold,BuyerB,45.06,
L000064,2026-06-01 14:18,roofing,google,g_02,OH,35.59,sold,BuyerA,34.96,
L000065,2026-06-01 17:01,bathroom,facebook,fb_08,TX,26.05,sold,BuyerE,38.16,
L000066,2026-06-01 7:46,bathroom,native,nt_02,CA,20,sold,BuyerB,44.87,
L000067,2026-06-01 16:26,roofing,facebook,fb_06,FL,23.1,sold,BuyerC,52.59,
L000068,2026-06-01 8:45,roofing,facebook,fb_04,TN,18.28,sold,BuyerD,32.56,
L000069,2026-06-01 12:15,roofing,facebook,fb_08,AZ,20.68,sold,BuyerD,33.03,
L000070,2026-06-01 13:36,bathroom,native,nt_02,TX,17.32,returned,BuyerB,45.11,no_answer
L000071,2026-06-01 14:04,roofing,facebook,fb_04,TX,26.2,returned,BuyerC,51.1,no_answer
L000072,2026-06-01 19:25,bathroom,google,g_01,TX,27.69,unsold,,,
L000073,2026-06-01 15:01,roofing,google,g_01,TX,32.93,sold,BuyerC,55.14,
L000074,2026-06-01 12:06,roofing,facebook,fb_08,MT,23.85,returned,BuyerA,35.74,no_answer
L000075,2026-06-01 9:41,bathroom,google,g_03,OH,30.55,sold,BuyerB,48.04,
L000076,2026-06-01 13:36,roofing,facebook,fb_03,IL,23.52,sold,BuyerA,37.47,
L000077,2026-06-01 14:39,windows,facebook,fb_01,PA,18.9,sold,BuyerB,29.78,
L000078,2026-06-01 17:29,roofing,google,g_02,FL,28.46,unsold,,,
L000079,2026-06-01 13:58,roofing,google,g_01,TX,28.07,sold,BuyerC,52.04,
L000080,2026-06-01 10:57,windows,facebook,fb_06,SC,21.94,sold,BuyerA,32.78,
L000081,2026-06-01 18:22,roofing,facebook,fb_01,CA,16.76,sold,BuyerD,35.92,
L000082,2026-06-01 13:12,bathroom,native,nt_01,TN,24.7,sold,BuyerB,44.04,
L000083,2026-06-01 18:00,roofing,facebook,fb_02,FL,21.89,sold,BuyerC,52.54,
L000084,2026-06-01 15:14,windows,facebook,fb_04,CO,20.15,sold,BuyerA,29.57,
L000085,2026-06-01 9:00,roofing,facebook,fb_03,TX,17.36,sold,BuyerC,50.42,
L000086,2026-06-01 14:37,roofing,google,g_04,NC,26.5,sold,BuyerD,35.66,
L000087,2026-06-01 12:32,windows,facebook,fb_06,NC,19.36,sold,BuyerB,31.66,
L000088,2026-06-01 17:06,windows,facebook,fb_06,IN,17.32,sold,BuyerA,28.95,
L000089,2026-06-01 10:41,windows,google,g_04,IN,26.64,sold,BuyerA,32.21,
L000090,2026-06-01 13:35,bathroom,facebook,fb_01,TX,27.43,sold,BuyerB,42.72,
L000091,2026-06-01 7:26,roofing,facebook,fb_08,ID,23.83,unsold,,,
L000092,2026-06-01 13:05,bathroom,facebook,fb_08,CO,26.31,sold,BuyerB,43.2,
L000093,2026-06-01 16:17,roofing,facebook,fb_03,GA,23.16,returned,BuyerC,53.14,bad_number
L000094,2026-06-01 14:32,windows,facebook,fb_01,NC,18.28,sold,BuyerA,28.83,
L000095,2026-06-01 10:01,windows,facebook,fb_07,VA,20.76,sold,BuyerF,29.68,
L000096,2026-06-01 10:09,roofing,native,nt_02,CO,19.22,sold,BuyerA,33.05,
L000097,2026-06-01 7:47,bathroom,facebook,fb_02,OH,28.74,sold,BuyerE,39.25,
L000098,2026-06-01 6:02,roofing,facebook,fb_03,TX,23.6,sold,BuyerA,35.99,
L000099,2026-06-01 14:17,bathroom,facebook,fb_01,IL,29.08,sold,BuyerE,41.85,
L000100,2026-06-01 11:23,bathroom,facebook,fb_08,PA,25.81,sold,BuyerE,36.52,
L000101,2026-06-01 12:00,bathroom,facebook,fb_08,MI,28.96,sold,BuyerB,43.94,
L000102,2026-06-01 19:14,bathroom,facebook,fb_02,PA,25.83,sold,BuyerB,44.57,
L000103,2026-06-01 16:45,windows,facebook,fb_05,TX,19.69,sold,BuyerA,29.43,
L000104,2026-06-01 18:58,windows,facebook,fb_05,IL,20.82,sold,BuyerA,28.99,
L000105,2026-06-01 15:50,roofing,google,g_01,MO,27.46,sold,BuyerD,32.15,
L000106,2026-06-01 23:40,windows,google,g_03,TN,31.48,returned,BuyerA,29.81,not_homeowner
L000107,2026-06-01 19:19,windows,facebook,fb_04,MI,21,sold,BuyerA,32.28,
L000108,2026-06-01 13:05,windows,google,g_01,MO,26.35,sold,BuyerA,30.26,
L000109,2026-06-01 7:38,windows,facebook,fb_05,MI,22.66,sold,BuyerA,30.93,
L000110,2026-06-01 14:53,roofing,facebook,fb_02,TN,22.39,sold,BuyerA,41.4,
L000111,2026-06-01 17:59,roofing,google,g_03,FL,37.17,sold,BuyerC,50.07,
L000112,2026-06-01 14:36,bathroom,native,nt_02,NY,23.08,sold,BuyerE,38.64,
L000113,2026-06-01 15:26,bathroom,facebook,fb_03,MI,22.56,sold,BuyerB,45.15,
L000114,2026-06-01 12:48,bathroom,native,nt_01,SC,23.99,sold,BuyerE,45.23,
L000115,2026-06-01 6:31,roofing,facebook,fb_04,FL,30.81,sold,BuyerC,50.63,
L000116,2026-06-01 13:02,roofing,facebook,fb_07,TX,18.3,sold,BuyerD,33.67,
L000117,2026-06-01 17:23,roofing,facebook,fb_04,CA,22.23,sold,BuyerA,39.27,
L000118,2026-06-01 16:08,roofing,facebook,fb_02,GA,24.95,returned,BuyerD,34.58,changed_mind
L000119,2026-06-01 8:28,roofing,facebook,fb_02,TN,20.36,sold,BuyerD,31.16,
L000120,2026-06-01 7:12,bathroom,facebook,fb_01,OH,24.87,sold,BuyerE,43.16,
L000121,2026-06-01 14:32,roofing,facebook,fb_04,NC,23.22,sold,BuyerD,34.52,
L000122,2026-06-01 12:52,roofing,google,g_02,ND,28.25,sold,BuyerD,32.85,
L000123,2026-06-01 13:36,roofing,facebook,fb_03,TX,20.5,returned,BuyerD,33.15,bad_number
L000124,2026-06-01 21:51,windows,facebook,fb_06,FL,21.91,returned,BuyerF,30.06,no_answer
L000125,2026-06-01 15:24,roofing,facebook,fb_05,VA,20.55,sold,BuyerA,35.71,
L000126,2026-06-01 16:49,roofing,facebook,fb_01,CO,24.16,sold,BuyerD,39.98,
L000127,2026-06-01 13:28,roofing,google,g_03,VA,33.58,sold,BuyerA,39.18,
L000128,2026-06-01 6:04,windows,google,g_01,CA,23.45,sold,BuyerA,32.37,
L000129,2026-06-01 18:06,bathroom,google,g_01,PA,35.21,sold,BuyerB,47.97,
L000130,2026-06-01 11:43,roofing,facebook,fb_04,GA,18.25,sold,BuyerA,35.01,
L000131,2026-06-01 17:52,bathroom,google,g_03,MI,31.3,sold,BuyerB,39.96,
L000132,2026-06-01 9:34,bathroom,facebook,fb_02,TN,22.95,sold,BuyerB,42.58,
L000133,2026-06-01 10:23,windows,facebook,fb_03,IL,17.33,sold,BuyerA,28.71,
L000134,2026-06-01 13:17,roofing,google,g_03,NC,36.58,sold,BuyerA,35.57,
L000135,2026-06-01 12:55,roofing,facebook,fb_06,GA,21.45,sold,BuyerD,34.38,
L000136,2026-06-01 13:49,roofing,google,g_04,TX,22.25,sold,BuyerA,35.12,
L000137,2026-06-01 12:00,windows,facebook,fb_02,CO,18,sold,BuyerA,31.77,
L000138,2026-06-01 12:07,windows,facebook,fb_06,NC,20.24,sold,BuyerA,30.74,
L000139,2026-06-01 9:49,windows,google,g_01,WY,24.02,sold,BuyerB,29.86,
L000140,2026-06-01 19:54,bathroom,facebook,fb_06,AZ,31.66,sold,BuyerE,38.16,
L000141,2026-06-01 13:15,windows,facebook,fb_01,MT,18.17,unsold,,,
L000142,2026-06-01 17:19,windows,facebook,fb_01,MO,15.58,sold,BuyerA,29.64,
L000143,2026-06-01 11:56,roofing,facebook,fb_01,CO,18.24,sold,BuyerA,37.64,
L000144,2026-06-01 14:59,roofing,facebook,fb_06,WY,21.23,sold,BuyerA,36.97,
L000145,2026-06-01 12:41,roofing,facebook,fb_05,CA,20.91,sold,BuyerD,36.3,
L000146,2026-06-01 17:57,roofing,facebook,fb_08,IN,20.06,sold,BuyerD,32.55,
L000147,2026-06-01 15:07,windows,native,nt_02,CA,17.44,sold,BuyerB,29.02,
L000148,2026-06-01 18:58,bathroom,google,g_02,GA,39.71,sold,BuyerE,43.79,
L000149,2026-06-01 17:50,roofing,facebook,fb_07,AZ,26.11,sold,BuyerA,34.74,
L000150,2026-06-01 12:55,windows,google,g_04,PA,23.02,sold,BuyerA,29.73,
L000151,2026-06-01 12:36,roofing,facebook,fb_04,TX,25.82,sold,BuyerA,36.02,
L000152,2026-06-01 18:40,bathroom,facebook,fb_04,PA,32.62,sold,BuyerB,43.79,
L000153,2026-06-01 12:13,windows,google,g_02,MO,27.67,sold,BuyerB,28.53,
L000154,2026-06-01 13:36,roofing,google,g_03,OH,34.28,sold,BuyerD,35.08,
L000155,2026-06-01 12:49,roofing,facebook,fb_04,PA,22.83,sold,BuyerA,38.23,
L000156,2026-06-01 13:28,bathroom,facebook,fb_02,FL,25.02,sold,BuyerB,44.9,
L000157,2026-06-01 22:48,bathroom,google,g_04,OH,31.3,sold,BuyerB,47.63,
L000158,2026-06-01 13:41,windows,native,nt_02,CO,15.33,sold,BuyerA,29.42,
L000159,2026-06-01 16:18,bathroom,facebook,fb_01,CA,27.32,sold,BuyerB,43.51,
L000160,2026-06-01 20:13,bathroom,facebook,fb_02,TX,31.6,sold,BuyerE,38.72,
L000161,2026-06-01 16:05,roofing,google,g_03,TN,38.85,sold,BuyerA,34.35,
L000162,2026-06-01 11:40,roofing,facebook,fb_08,GA,22.75,sold,BuyerA,36.3,
L000163,2026-06-01 15:30,roofing,facebook,fb_03,NC,22.54,sold,BuyerD,32.92,
L000164,2026-06-01 15:51,roofing,google,g_03,MI,30.66,sold,BuyerD,34.47,
L000165,2026-06-01 14:38,roofing,facebook,fb_03,NY,24.17,sold,BuyerD,36.65,
L000166,2026-06-01 22:06,roofing,google,g_01,NY,30.5,sold,BuyerA,33.92,
L000167,2026-06-01 16:20,windows,google,g_04,TN,31.72,sold,BuyerA,32.78,
L000168,2026-06-01 9:41,roofing,facebook,fb_07,MI,23.17,returned,BuyerD,34.04,no_answer
L000169,2026-06-01 16:16,windows,google,g_04,AZ,23.25,sold,BuyerA,32.59,
L000170,2026-06-01 17:50,bathroom,google,g_02,NY,31.93,sold,BuyerB,43.72,
L000171,2026-06-01 16:18,roofing,facebook,fb_03,IL,23.21,sold,BuyerA,33.89,
L000172,2026-06-01 13:22,bathroom,facebook,fb_05,ID,29.41,unsold,,,
L000173,2026-06-01 11:39,windows,facebook,fb_02,ID,20.56,sold,BuyerA,31.15,
L000174,2026-06-01 14:29,roofing,facebook,fb_02,TX,22.31,sold,BuyerA,38.57,
L000175,2026-06-01 16:02,bathroom,facebook,fb_02,SC,24.73,sold,BuyerB,46.29,
L000176,2026-06-01 20:42,roofing,google,g_03,CA,37.47,sold,BuyerA,39.59,
L000177,2026-06-01 16:28,windows,facebook,fb_01,CA,16.47,sold,BuyerA,30.41,
L000178,2026-06-01 14:23,roofing,native,nt_01,ID,23.25,sold,BuyerD,30.75,
L000179,2026-06-01 11:15,bathroom,facebook,fb_01,IL,25.9,sold,BuyerB,41.95,
L000180,2026-06-01 9:51,windows,google,g_01,CA,26.1,sold,BuyerB,30.9,
L000181,2026-06-01 6:03,roofing,facebook,fb_03,SC,27.08,sold,BuyerD,36.03,
L000182,2026-06-01 13:44,windows,facebook,fb_01,TX,15.42,sold,BuyerA,30.14,
L000183,2026-06-01 12:29,roofing,google,g_03,PA,39.92,sold,BuyerA,38.83,
L000184,2026-06-01 18:25,roofing,native,nt_02,TX,17.25,sold,BuyerA,34.03,
L000185,2026-06-01 13:33,roofing,facebook,fb_03,IN,20.02,sold,BuyerA,35.36,
L000186,2026-06-01 13:03,windows,facebook,fb_06,FL,19.04,sold,BuyerA,30.97,
L000187,2026-06-01 9:18,windows,facebook,fb_01,TX,22.39,sold,BuyerA,31.25,
L000188,2026-06-01 14:20,bathroom,facebook,fb_01,CA,27.12,sold,BuyerE,39.03,
L000189,2026-06-01 13:58,bathroom,facebook,fb_06,FL,25.22,sold,BuyerB,46.38,
L000190,2026-06-01 11:01,roofing,google,g_04,CO,27.19,sold,BuyerA,35.42,
L000191,2026-06-01 8:59,roofing,google,g_01,NC,25.19,sold,BuyerA,35.52,
L000192,2026-06-01 11:35,bathroom,facebook,fb_07,FL,24.18,sold,BuyerE,38.81,
L000193,2026-06-01 16:46,bathroom,google,g_04,NC,30.53,sold,BuyerB,47.24,
L000194,2026-06-01 16:02,roofing,facebook,fb_03,PA,25.36,sold,BuyerD,33.78,
L000195,2026-06-01 9:39,bathroom,facebook,fb_02,VA,28.36,sold,BuyerE,38.97,
L000196,2026-06-02 16:19,roofing,native,nt_01,CO,17.96,sold,BuyerD,34.69,
L000197,2026-06-02 15:11,bathroom,facebook,fb_07,CA,18.68,sold,BuyerB,46.77,
L000198,2026-06-02 8:01,roofing,facebook,fb_01,CO,25.14,sold,BuyerD,34.54,
L000199,2026-06-02 15:20,windows,facebook,fb_01,NC,18.12,sold,BuyerA,28.99,
L000200,2026-06-02 8:52,roofing,native,nt_02,SC,20.01,sold,BuyerA,34.56,
L000201,2026-06-02 13:37,windows,google,g_03,NC,20.88,returned,BuyerA,29.17,changed_mind
L000202,2026-06-02 18:01,windows,facebook,fb_06,IL,21.1,sold,BuyerA,30.06,
L000203,2026-06-02 14:35,bathroom,google,g_04,WY,30.08,unsold,,,
L000204,2026-06-02 14:05,bathroom,facebook,fb_03,TN,28.77,sold,BuyerB,41.89,
L000205,2026-06-02 6:13,bathroom,google,g_03,IL,32.61,sold,BuyerB,43.62,
L000206,2026-06-02 12:58,roofing,google,g_04,SC,31.22,sold,BuyerA,35,
L000207,2026-06-02 14:47,roofing,facebook,fb_01,TX,25.94,sold,BuyerC,49.99,
L000208,2026-06-02 17:19,roofing,facebook,fb_05,MT,24.99,unsold,,,
L000209,2026-06-02 14:22,roofing,native,nt_01,NC,17.99,sold,BuyerA,39.06,
L000210,2026-06-02 23:38,roofing,facebook,fb_01,FL,19.69,sold,BuyerC,51.54,
L000211,2026-06-02 21:46,roofing,native,nt_01,OH,18.9,sold,BuyerA,35.29,
L000212,2026-06-02 7:16,bathroom,facebook,fb_01,IL,23.4,sold,BuyerB,44.45,
L000213,2026-06-02 18:52,roofing,facebook,fb_02,AZ,26.05,returned,BuyerA,36.81,changed_mind
L000214,2026-06-02 14:08,bathroom,native,nt_02,VA,20.92,sold,BuyerB,43.89,
L000215,2026-06-02 15:55,roofing,facebook,fb_08,FL,28.85,sold,BuyerC,53.21,
L000216,2026-06-02 15:23,windows,google,g_02,IL,23.67,sold,BuyerA,32.14,
L000217,2026-06-02 18:05,windows,facebook,fb_06,CA,21.79,sold,BuyerB,31.28,
L000218,2026-06-02 10:36,roofing,facebook,fb_07,AZ,22.18,sold,BuyerA,34.71,
L000219,2026-06-02 11:09,roofing,facebook,fb_04,FL,20.24,returned,BuyerC,52.68,changed_mind
L000220,2026-06-02 23:10,windows,facebook,fb_04,FL,19.48,sold,BuyerA,30.57,
L000221,2026-06-02 10:20,windows,native,nt_01,PA,14.09,sold,BuyerB,30.98,
L000222,2026-06-02 10:17,bathroom,native,nt_01,AZ,23,returned,BuyerE,43.24,no_answer
L000223,2026-06-02 12:15,windows,google,g_04,TX,25.29,sold,BuyerA,29.5,
L000224,2026-06-02 15:38,bathroom,facebook,fb_01,PA,27.72,sold,BuyerB,39.69,
L000225,2026-06-02 14:14,bathroom,facebook,fb_05,CO,28.61,sold,BuyerB,44.08,
L000226,2026-06-02 14:42,windows,native,nt_02,ND,15.56,sold,BuyerA,30.08,
L000227,2026-06-02 16:02,bathroom,native,nt_01,ID,18.7,returned,BuyerB,40.82,no_answer
L000228,2026-06-02 18:46,roofing,facebook,fb_06,CA,22.84,sold,BuyerD,32.5,
L000229,2026-06-02 16:28,windows,facebook,fb_07,CA,18.32,returned,BuyerA,28.56,not_homeowner
L000230,2026-06-02 10:38,bathroom,facebook,fb_01,SC,24.61,returned,BuyerB,42.42,bad_number
L000231,2026-06-02 15:53,bathroom,facebook,fb_07,TX,26.98,sold,BuyerE,41.48,
L000232,2026-06-02 13:40,roofing,google,g_02,NC,28.82,unsold,,,
L000233,2026-06-02 15:22,roofing,facebook,fb_06,VA,27.08,sold,BuyerD,35.07,
L000234,2026-06-02 9:40,roofing,facebook,fb_03,TX,23.74,sold,BuyerC,52.54,
L000235,2026-06-02 14:37,bathroom,facebook,fb_01,TX,25.35,sold,BuyerB,40.61,
L000236,2026-06-02 6:06,windows,google,g_02,ND,32.05,sold,BuyerA,29.67,
L000237,2026-06-02 8:06,bathroom,native,nt_01,TX,22.9,sold,BuyerE,38.45,
L000238,2026-06-02 17:13,bathroom,facebook,fb_01,CA,25.36,sold,BuyerB,45.88,
L000239,2026-06-02 17:37,windows,google,g_01,NC,24.77,sold,BuyerA,30.46,
L000240,2026-06-02 10:45,windows,facebook,fb_08,TX,19.84,sold,BuyerB,27.87,
L000241,2026-06-02 13:39,bathroom,facebook,fb_06,NC,30.57,sold,BuyerE,41.03,
L000242,2026-06-02 15:42,windows,google,g_03,TX,21.03,sold,BuyerB,28.41,
L000243,2026-06-02 11:20,windows,facebook,fb_07,SC,19.36,sold,BuyerB,31.02,
L000244,2026-06-02 9:05,roofing,facebook,fb_02,IL,22.7,sold,BuyerD,33.96,
L000245,2026-06-02 12:16,bathroom,facebook,fb_02,OH,25.42,sold,BuyerE,34.94,
L000246,2026-06-02 14:02,bathroom,facebook,fb_07,FL,28.81,unsold,,,
L000247,2026-06-02 11:54,roofing,native,nt_01,TX,17.49,sold,BuyerC,50.24,
L000248,2026-06-02 14:32,roofing,facebook,fb_01,AZ,21.41,sold,BuyerA,31.52,
L000249,2026-06-02 14:36,roofing,native,nt_02,NJ,20.09,unsold,,,
L000250,2026-06-02 14:38,roofing,native,nt_01,OH,20.86,sold,BuyerA,36.66,
L000251,2026-06-02 22:27,roofing,facebook,fb_01,CO,31.81,sold,BuyerA,35,
L000252,2026-06-02 22:52,roofing,google,g_02,GA,32.61,sold,BuyerC,51.48,
L000253,2026-06-02 16:54,roofing,native,nt_02,VA,21.3,sold,BuyerD,31.28,
L000254,2026-06-02 11:25,windows,google,g_01,TX,34.01,sold,BuyerA,29.09,
L000255,2026-06-02 23:24,roofing,google,g_03,NJ,32.19,sold,BuyerD,33.51,
L000256,2026-06-02 14:53,bathroom,google,g_03,NC,33.94,unsold,,,
L000257,2026-06-02 12:28,bathroom,native,nt_01,FL,19.36,sold,BuyerB,47.18,
L000258,2026-06-02 9:21,windows,facebook,fb_01,FL,22.46,sold,BuyerA,32.96,
L000259,2026-06-02 13:15,bathroom,facebook,fb_02,FL,26.71,sold,BuyerE,39.94,
L000260,2026-06-02 11:26,windows,facebook,fb_06,NC,26.29,sold,BuyerA,29.62,
L000261,2026-06-02 16:43,windows,google,g_03,VA,28.56,unsold,,,
L000262,2026-06-02 19:54,windows,facebook,fb_04,NC,22.16,sold,BuyerB,30.64,
L000263,2026-06-02 7:00,bathroom,google,g_02,GA,37.74,sold,BuyerE,42.54,
L000264,2026-06-02 8:24,windows,native,nt_01,GA,14.74,sold,BuyerA,29.74,
L000265,2026-06-02 11:34,windows,facebook,fb_03,TX,22.47,sold,BuyerA,31.81,
L000266,2026-06-02 13:28,roofing,google,g_02,NY,28.52,sold,BuyerD,32.55,
L000267,2026-06-02 20:07,roofing,facebook,fb_05,TN,24.87,sold,BuyerD,33.85,
L000268,2026-06-02 19:37,bathroom,facebook,fb_03,NY,23.65,sold,BuyerE,42.91,
L000269,2026-06-02 14:39,bathroom,google,g_02,PA,33.37,sold,BuyerE,38.16,
L000270,2026-06-02 14:02,bathroom,native,nt_02,OH,23.71,sold,BuyerB,43.32,
L000271,2026-06-02 13:41,windows,facebook,fb_07,TX,19.88,sold,BuyerA,28.76,
L000272,2026-06-02 13:56,bathroom,native,nt_02,TX,22.18,sold,BuyerB,41.85,
L000273,2026-06-02 13:29,windows,google,g_02,VA,27.26,sold,BuyerA,30.61,
L000274,2026-06-02 12:37,windows,facebook,fb_07,NY,18.02,sold,BuyerA,33.23,
L000275,2026-06-02 14:15,roofing,google,g_01,TX,26.4,sold,BuyerC,52.8,
L000276,2026-06-02 14:20,windows,native,nt_01,NY,17.8,sold,BuyerA,30.48,
L000277,2026-06-02 6:46,roofing,facebook,fb_02,AZ,22.07,sold,BuyerA,37.88,
L000278,2026-06-02 10:06,windows,facebook,fb_04,FL,23.51,sold,BuyerA,28.63,
L000279,2026-06-02 10:58,bathroom,facebook,fb_06,NY,21.88,sold,BuyerB,43.33,
L000280,2026-06-02 20:07,bathroom,facebook,fb_02,GA,20.07,sold,BuyerE,39.27,
L000281,2026-06-02 10:09,roofing,facebook,fb_01,MI,22.2,unsold,,,
L000282,2026-06-02 15:16,bathroom,facebook,fb_02,GA,28.74,sold,BuyerB,45.01,
L000283,2026-06-02 13:35,roofing,facebook,fb_04,NC,17.94,sold,BuyerA,37.61,
L000284,2026-06-02 6:16,roofing,google,g_03,CA,27.74,sold,BuyerD,35.83,
L000285,2026-06-02 15:04,windows,native,nt_02,MI,14.1,sold,BuyerA,30.08,
L000286,2026-06-02 15:26,roofing,facebook,fb_03,TX,24.63,unsold,,,
L000287,2026-06-02 7:24,roofing,facebook,fb_04,PA,28.38,sold,BuyerA,35.71,
L000288,2026-06-02 19:24,roofing,facebook,fb_03,OH,25.95,sold,BuyerA,32.77,
L000289,2026-06-02 14:48,roofing,facebook,fb_04,ID,24.78,unsold,,,
L000290,2026-06-02 14:30,bathroom,google,g_04,AZ,33.2,sold,BuyerE,39.9,
L000291,2026-06-02 19:17,bathroom,native,nt_02,FL,25.85,unsold,,,
L000292,2026-06-02 11:38,windows,facebook,fb_04,ND,23.44,sold,BuyerA,31.1,
L000293,2026-06-02 10:40,bathroom,facebook,fb_08,TX,30.26,sold,BuyerB,48.77,
L000294,2026-06-02 23:17,roofing,facebook,fb_05,CA,23.2,sold,BuyerD,34.76,
L000295,2026-06-02 11:48,roofing,facebook,fb_05,SC,20.99,sold,BuyerA,36.1,
L000296,2026-06-02 12:14,roofing,facebook,fb_04,GA,25.34,sold,BuyerC,50.73,
L000297,2026-06-02 15:56,roofing,google,g_01,MI,25.48,sold,BuyerA,36.96,
L000298,2026-06-02 6:20,windows,google,g_01,TX,29.71,sold,BuyerA,30.14,
L000299,2026-06-02 14:05,roofing,facebook,fb_04,OH,20.56,sold,BuyerA,33.13,
L000300,2026-06-02 21:28,roofing,facebook,fb_03,SC,24.92,sold,BuyerD,33.41,
L000301,2026-06-02 16:15,windows,facebook,fb_08,NC,17.06,sold,BuyerB,30.15,
L000302,2026-06-02 17:56,bathroom,facebook,fb_05,CO,24.31,sold,BuyerB,42.14,
L000303,2026-06-02 17:09,windows,native,nt_02,TX,14.67,sold,BuyerA,32.3,
L000304,2026-06-02 9:17,bathroom,facebook,fb_07,GA,22.4,sold,BuyerB,45.69,
L000305,2026-06-02 14:17,windows,facebook,fb_02,GA,18.85,sold,BuyerA,30.46,
L000306,2026-06-02 17:18,roofing,facebook,fb_07,GA,25.73,sold,BuyerC,52.84,
L000307,2026-06-02 15:49,roofing,google,g_01,IL,30.83,sold,BuyerA,38.17,
L000308,2026-06-02 9:56,roofing,facebook,fb_01,PA,23.63,unsold,,,
L000309,2026-06-02 6:02,windows,facebook,fb_02,MI,18.46,sold,BuyerA,31.45,
L000310,2026-06-02 6:49,windows,facebook,fb_07,IL,21.49,unsold,,,
L000311,2026-06-02 18:23,windows,facebook,fb_01,AZ,19.6,sold,BuyerA,32.52,
L000312,2026-06-02 16:31,roofing,facebook,fb_01,MI,26,sold,BuyerA,39.45,
L000313,2026-06-02 10:52,roofing,facebook,fb_07,ID,23.59,unsold,,,
L000314,2026-06-02 16:28,roofing,google,g_03,IN,33.23,unsold,,,
L000315,2026-06-02 12:31,windows,facebook,fb_02,AZ,15.89,sold,BuyerA,31.79,
L000316,2026-06-02 9:41,roofing,facebook,fb_02,GA,20.21,returned,BuyerC,53.7,changed_mind
L000317,2026-06-02 15:29,roofing,google,g_01,IL,31.59,sold,BuyerA,35.78,
L000318,2026-06-02 12:47,roofing,facebook,fb_08,ID,23.88,sold,BuyerD,37.3,
L000319,2026-06-02 11:49,bathroom,google,g_03,TX,34.4,sold,BuyerE,43.67,
L000320,2026-06-02 7:18,roofing,facebook,fb_03,CA,20.18,sold,BuyerA,36.38,
L000321,2026-06-02 11:25,roofing,facebook,fb_07,FL,20.32,sold,BuyerC,50.29,
L000322,2026-06-02 20:19,roofing,facebook,fb_04,MI,26.66,sold,BuyerA,34.34,
L000323,2026-06-02 10:04,roofing,facebook,fb_03,SC,28.81,sold,BuyerA,34.65,
L000324,2026-06-02 10:51,roofing,native,nt_01,PA,21.19,returned,BuyerD,33.3,not_homeowner
L000325,2026-06-02 17:32,roofing,facebook,fb_02,OH,20.47,sold,BuyerD,35.85,
L000326,2026-06-02 20:48,roofing,facebook,fb_03,AZ,22.74,sold,BuyerA,37.16,
L000327,2026-06-02 12:58,windows,native,nt_01,IN,13.68,sold,BuyerA,31.6,
L000328,2026-06-02 14:40,bathroom,facebook,fb_03,CA,27.56,unsold,,,
L000329,2026-06-02 12:18,windows,google,g_02,TX,23.68,unsold,,,
L000330,2026-06-02 15:02,roofing,facebook,fb_04,CO,24.48,sold,BuyerA,33.12,
L000331,2026-06-02 12:31,roofing,google,g_02,OH,31.3,sold,BuyerA,36.99,
L000332,2026-06-02 13:29,windows,facebook,fb_07,OH,20.5,sold,BuyerA,30.46,
L000333,2026-06-02 10:42,bathroom,google,g_01,ND,36.12,unsold,,,
L000334,2026-06-02 16:16,roofing,facebook,fb_02,MI,24.64,sold,BuyerA,35.69,
L000335,2026-06-02 19:10,bathroom,facebook,fb_07,GA,25.97,sold,BuyerB,42.03,
L000336,2026-06-02 11:43,bathroom,google,g_03,GA,34.08,sold,BuyerB,46.1,
L000337,2026-06-02 23:02,roofing,facebook,fb_03,MI,25.01,sold,BuyerA,33.31,
L000338,2026-06-02 12:01,bathroom,facebook,fb_05,MI,29,sold,BuyerB,44.7,
L000339,2026-06-02 10:35,roofing,facebook,fb_07,MI,25.55,sold,BuyerA,35.71,
L000340,2026-06-02 16:00,roofing,native,nt_01,TX,19.78,sold,BuyerC,53.31,
L000341,2026-06-02 10:24,roofing,google,g_04,TX,28.48,sold,BuyerC,52.69,
L000342,2026-06-02 17:01,roofing,facebook,fb_07,CO,26.09,sold,BuyerD,31.22,
L000343,2026-06-02 8:51,roofing,facebook,fb_04,TX,16.51,sold,BuyerC,52.73,
L000344,2026-06-02 18:49,roofing,google,g_02,FL,28.76,sold,BuyerA,39.55,
L000345,2026-06-02 11:14,roofing,google,g_03,CA,35.61,returned,BuyerA,34.13,out_of_service_area
L000346,2026-06-02 18:27,windows,facebook,fb_02,PA,19.58,sold,BuyerA,30.79,
L000347,2026-06-02 16:20,windows,google,g_01,SC,26.89,sold,BuyerA,31.14,
L000348,2026-06-02 18:05,windows,google,g_03,NC,26.13,sold,BuyerB,27.14,
L000349,2026-06-02 7:44,bathroom,facebook,fb_01,GA,23.1,returned,BuyerB,45.76,bad_number
L000350,2026-06-02 8:15,roofing,facebook,fb_05,TX,21.61,unsold,,,
L000351,2026-06-02 11:04,bathroom,native,nt_01,ID,25.55,unsold,,,
L000352,2026-06-02 16:00,roofing,facebook,fb_01,MO,22.55,sold,BuyerD,35.7,
L000353,2026-06-02 13:49,roofing,facebook,fb_06,GA,21.28,sold,BuyerA,35.07,
L000354,2026-06-02 11:16,roofing,facebook,fb_03,TX,21.51,sold,BuyerD,33.57,
L000355,2026-06-02 15:17,bathroom,facebook,fb_01,TX,30.44,sold,BuyerB,41.34,
L000356,2026-06-02 12:14,roofing,facebook,fb_06,NC,24.9,sold,BuyerA,39.33,
L000357,2026-06-02 13:02,roofing,google,g_01,TX,29.17,sold,BuyerD,34.63,
L000358,2026-06-02 10:17,roofing,google,g_01,FL,24.72,sold,BuyerA,38.74,
L000359,2026-06-02 13:22,windows,facebook,fb_05,TX,22.27,sold,BuyerA,30.44,
L000360,2026-06-02 14:17,bathroom,facebook,fb_06,VA,20.57,sold,BuyerB,41.97,
L000361,2026-06-02 11:36,roofing,facebook,fb_07,OH,21.16,sold,BuyerD,34.33,
L000362,2026-06-02 16:56,roofing,google,g_03,CA,35.69,unsold,,,
L000363,2026-06-02 13:12,windows,facebook,fb_01,ID,16.96,sold,BuyerA,30.74,
L000364,2026-06-02 15:21,roofing,native,nt_01,CA,20.44,sold,BuyerD,31.55,
L000365,2026-06-02 17:20,bathroom,facebook,fb_03,CA,21.03,sold,BuyerB,44.67,
L000366,2026-06-02 11:42,roofing,facebook,fb_04,GA,26.14,sold,BuyerD,34.46,
L000367,2026-06-02 12:41,roofing,google,g_04,PA,37.85,sold,BuyerD,33.97,
L000368,2026-06-02 14:04,bathroom,facebook,fb_06,WY,34.58,sold,BuyerB,40.87,
L000369,2026-06-02 16:22,windows,facebook,fb_05,IL,16.54,sold,BuyerA,29.47,
L000370,2026-06-02 8:19,bathroom,facebook,fb_05,NY,26.82,sold,BuyerE,42.08,
L000371,2026-06-02 16:57,bathroom,facebook,fb_04,MI,29.92,returned,BuyerE,40.41,changed_mind
L000372,2026-06-02 11:23,roofing,google,g_01,TX,21.73,sold,BuyerA,40.56,
L000373,2026-06-02 17:06,bathroom,facebook,fb_06,SC,24.85,sold,BuyerB,45.81,
L000374,2026-06-02 17:37,roofing,facebook,fb_02,NY,20.59,unsold,,,
L000375,2026-06-02 16:16,roofing,facebook,fb_04,FL,20.71,sold,BuyerA,35.04,
L000376,2026-06-02 17:07,roofing,google,g_01,NC,36,sold,BuyerD,36.44,
L000377,2026-06-02 10:15,roofing,facebook,fb_06,FL,22.78,sold,BuyerA,39.36,
L000378,2026-06-02 14:46,roofing,facebook,fb_04,ID,23.63,sold,BuyerD,32.63,
L000379,2026-06-02 11:59,roofing,facebook,fb_04,TX,19.82,unsold,,,
L000380,2026-06-02 18:16,windows,facebook,fb_05,AZ,21.2,sold,BuyerA,29.63,
L000381,2026-06-02 21:18,roofing,native,nt_02,CA,18.36,sold,BuyerA,32.7,
L000382,2026-06-02 11:08,roofing,native,nt_02,FL,18.06,sold,BuyerA,35.86,
L000383,2026-06-02 11:34,roofing,google,g_04,CA,25.64,sold,BuyerD,35.45,
L000384,2026-06-02 13:43,windows,google,g_02,NY,29.13,unsold,,,
L000385,2026-06-02 10:23,roofing,native,nt_01,NC,19.71,sold,BuyerD,36.1,
L000386,2026-06-02 15:13,bathroom,facebook,fb_02,NJ,27.71,sold,BuyerE,36.95,
L000387,2026-06-02 12:38,windows,google,g_02,GA,27.61,sold,BuyerB,28.9,
L000388,2026-06-02 8:19,windows,facebook,fb_05,TN,18.07,sold,BuyerA,27.94,
L000389,2026-06-02 16:50,windows,google,g_01,MO,30.03,returned,BuyerA,28.03,no_answer
L000390,2026-06-02 9:44,roofing,native,nt_01,TX,17.61,sold,BuyerA,35.57,
L000391,2026-06-02 10:01,roofing,google,g_04,OH,28.43,sold,BuyerA,36.3,
L000392,2026-06-02 17:13,roofing,google,g_02,AZ,33.44,sold,BuyerD,34.99,
L000393,2026-06-03 9:29,roofing,facebook,fb_01,NC,21.96,sold,BuyerA,36.35,
L000394,2026-06-03 18:12,roofing,google,g_01,GA,24.37,sold,BuyerC,54.2,
L000395,2026-06-03 22:52,windows,google,g_01,NJ,20.37,unsold,,,
L000396,2026-06-03 22:10,windows,facebook,fb_04,MI,17.8,returned,BuyerA,31.73,bad_number
L000397,2026-06-03 12:00,bathroom,facebook,fb_02,TX,27.68,sold,BuyerB,44.5,
L000398,2026-06-03 8:54,bathroom,facebook,fb_07,MI,18.77,sold,BuyerB,43.23,
L000399,2026-06-03 10:51,bathroom,facebook,fb_04,GA,28.75,sold,BuyerB,45.33,
L000400,2026-06-03 11:32,bathroom,facebook,fb_04,NC,24.34,returned,BuyerB,46.37,no_answer
L000401,2026-06-03 15:21,windows,facebook,fb_07,NC,11.54,unsold,,,
L000402,2026-06-03 18:45,windows,native,nt_02,TX,18.45,sold,BuyerA,32.13,
L000403,2026-06-03 19:38,roofing,facebook,fb_07,IL,24.6,returned,BuyerA,37.75,out_of_service_area
L000404,2026-06-03 13:50,bathroom,facebook,fb_02,GA,28.38,sold,BuyerB,43.4,
L000405,2026-06-03 17:33,windows,google,g_01,AZ,29,sold,BuyerB,30.64,
L000406,2026-06-03 15:58,windows,native,nt_01,CO,15.49,sold,BuyerA,30.65,
L000407,2026-06-03 13:48,roofing,facebook,fb_05,CO,22.63,sold,BuyerA,36.13,
L000408,2026-06-03 11:58,bathroom,facebook,fb_01,TN,28.22,sold,BuyerB,39.57,
L000409,2026-06-03 6:25,windows,google,g_01,WY,31.99,unsold,,,
L000410,2026-06-03 19:39,windows,facebook,fb_02,CO,24.3,sold,BuyerB,29.27,
L000411,2026-06-03 10:08,roofing,google,g_01,GA,31.83,returned,BuyerC,53.44,bad_number
L000412,2026-06-03 10:46,windows,facebook,fb_05,NJ,20.24,returned,BuyerA,28.82,not_homeowner
L000413,2026-06-03 18:20,windows,facebook,fb_02,NC,19.33,sold,BuyerA,30.94,
L000414,2026-06-03 7:05,roofing,facebook,fb_03,TX,20.91,returned,BuyerC,51.61,no_answer
L000415,2026-06-03 21:09,windows,native,nt_01,VA,15.15,sold,BuyerA,30.15,
L000416,2026-06-03 10:03,bathroom,facebook,fb_01,NC,29.71,unsold,,,
L000417,2026-06-03 13:08,windows,facebook,fb_05,TX,22.23,returned,BuyerA,30.9,changed_mind
L000418,2026-06-03 9:38,bathroom,facebook,fb_03,VA,26.11,sold,BuyerB,43.85,
L000419,2026-06-03 15:05,windows,facebook,fb_02,TX,20.22,sold,BuyerA,32.72,
L000420,2026-06-03 12:31,roofing,facebook,fb_03,NC,23.28,sold,BuyerD,33.24,
L000421,2026-06-03 16:02,roofing,google,g_01,SC,25.05,sold,BuyerA,34.32,
L000422,2026-06-03 16:01,bathroom,facebook,fb_02,AZ,23.18,unsold,,,
L000423,2026-06-03 14:26,windows,google,g_04,CA,24.16,sold,BuyerA,30.48,
L000424,2026-06-03 10:10,bathroom,facebook,fb_06,NJ,23.95,sold,BuyerE,43.95,
L000425,2026-06-03 9:37,bathroom,facebook,fb_04,SC,24.68,returned,BuyerB,44.23,no_answer
L000426,2026-06-03 17:17,bathroom,native,nt_01,IL,23.83,sold,BuyerE,43.51,
L000427,2026-06-03 14:50,roofing,google,g_02,MO,29.2,sold,BuyerA,32.03,
L000428,2026-06-03 17:43,roofing,facebook,fb_03,VA,24.2,sold,BuyerA,33.73,
L000429,2026-06-03 12:04,windows,facebook,fb_03,SC,18.9,sold,BuyerA,31.48,
L000430,2026-06-03 17:52,bathroom,facebook,fb_07,MT,29.36,unsold,,,
L000431,2026-06-03 19:57,windows,google,g_03,NY,32.27,sold,BuyerA,28.87,
L000432,2026-06-03 21:40,bathroom,google,g_01,PA,34.33,sold,BuyerB,44.1,
L000433,2026-06-03 17:49,roofing,facebook,fb_01,TX,14.39,sold,BuyerA,34.25,
L000434,2026-06-03 11:00,windows,facebook,fb_04,CA,18.27,sold,BuyerA,29.41,
L000435,2026-06-03 12:26,roofing,facebook,fb_04,CA,25.34,sold,BuyerA,36.04,
L000436,2026-06-03 9:22,windows,facebook,fb_01,AZ,20.39,sold,BuyerA,30.85,
L000437,2026-06-03 16:42,windows,google,g_03,NY,29.44,sold,BuyerA,29.67,
L000438,2026-06-03 21:00,roofing,google,g_04,TX,34.59,sold,BuyerC,50.93,
L000439,2026-06-03 12:08,windows,facebook,fb_08,MO,22.51,returned,BuyerA,27.93,bad_number
L000440,2026-06-03 16:14,roofing,facebook,fb_06,TX,20.45,sold,BuyerC,49.57,
L000441,2026-06-03 6:15,roofing,google,g_03,SC,39.71,sold,BuyerD,34.99,
L000442,2026-06-03 13:27,bathroom,facebook,fb_02,TN,24.03,sold,BuyerB,43.51,
L000443,2026-06-03 10:14,roofing,native,nt_01,FL,20.89,sold,BuyerC,52.02,
L000444,2026-06-03 17:47,roofing,google,g_02,TX,28.77,sold,BuyerC,52.37,
L000445,2026-06-03 15:22,windows,native,nt_01,SC,13.97,sold,BuyerA,27.7,
L000446,2026-06-03 16:43,roofing,facebook,fb_01,GA,24.55,sold,BuyerC,52.2,
L000447,2026-06-03 11:39,windows,facebook,fb_06,FL,22.17,sold,BuyerA,28.92,
L000448,2026-06-03 11:38,roofing,facebook,fb_04,FL,26.39,sold,BuyerC,53.95,
L000449,2026-06-03 6:18,windows,facebook,fb_04,ID,20.74,sold,BuyerA,30.16,
L000450,2026-06-03 6:57,roofing,facebook,fb_04,NC,19.78,sold,BuyerD,34.62,
L000451,2026-06-03 13:14,windows,facebook,fb_06,VA,21.75,sold,BuyerA,32.16,
L000452,2026-06-03 10:40,bathroom,facebook,fb_02,FL,27.57,sold,BuyerB,48.31,
L000453,2026-06-03 21:08,roofing,facebook,fb_04,TX,25.92,sold,BuyerC,52.37,
L000454,2026-06-03 15:27,roofing,facebook,fb_03,NC,24.59,sold,BuyerA,36.09,
L000455,2026-06-03 15:06,bathroom,facebook,fb_03,CA,26,sold,BuyerB,43.57,
L000456,2026-06-03 13:15,bathroom,facebook,fb_01,IL,28.54,sold,BuyerB,45.55,
L000457,2026-06-03 16:07,roofing,facebook,fb_03,ID,23.68,sold,BuyerA,36.65,
L000458,2026-06-03 20:30,windows,google,g_04,MT,32.71,sold,BuyerA,29.84,
L000459,2026-06-03 9:02,windows,facebook,fb_08,NJ,16.4,sold,BuyerA,30.2,
L000460,2026-06-03 18:20,roofing,facebook,fb_06,FL,22.96,sold,BuyerC,50.34,
L000461,2026-06-03 14:49,windows,facebook,fb_07,TX,21.96,sold,BuyerA,29.42,
L000462,2026-06-03 11:43,bathroom,facebook,fb_02,CA,25.92,sold,BuyerE,37.09,
L000463,2026-06-03 8:36,roofing,facebook,fb_01,GA,24.14,returned,BuyerD,35.25,duplicate
L000464,2026-06-03 12:51,windows,facebook,fb_03,MO,22.06,sold,BuyerA,31.14,
L000465,2026-06-03 12:53,roofing,google,g_02,CO,29.88,sold,BuyerA,32.04,
L000466,2026-06-03 9:11,bathroom,facebook,fb_08,MI,24.43,sold,BuyerE,40.15,
L000467,2026-06-03 20:10,windows,facebook,fb_01,NY,20.39,sold,BuyerB,30.15,
L000468,2026-06-03 12:37,windows,facebook,fb_02,NY,21.12,sold,BuyerA,30.1,
L000469,2026-06-03 11:28,bathroom,google,g_02,AZ,25.54,sold,BuyerB,44.16,
L000470,2026-06-03 19:58,windows,facebook,fb_04,FL,20.38,returned,BuyerA,30.35,no_answer
L000471,2026-06-03 14:03,roofing,google,g_02,MI,24.5,sold,BuyerA,37.73,
L000472,2026-06-03 15:46,windows,facebook,fb_03,OH,24.42,sold,BuyerB,29.71,
L000473,2026-06-03 12:32,windows,facebook,fb_08,TX,19.08,sold,BuyerA,30.52,
L000474,2026-06-03 12:09,roofing,facebook,fb_06,NY,21.61,sold,BuyerA,37.04,
L000475,2026-06-03 6:03,windows,facebook,fb_01,TN,23.69,sold,BuyerA,30.71,
L000476,2026-06-03 8:12,bathroom,native,nt_01,TX,18.64,sold,BuyerB,43.96,
L000477,2026-06-03 22:03,windows,facebook,fb_06,NC,22.56,sold,BuyerA,30.75,
L000478,2026-06-03 18:52,bathroom,facebook,fb_01,GA,22.6,sold,BuyerB,46.45,
L000479,2026-06-03 15:14,roofing,facebook,fb_05,CA,19.74,unsold,,,
L000480,2026-06-03 12:23,bathroom,native,nt_02,TN,20.89,sold,BuyerB,40.52,
L000481,2026-06-03 16:49,windows,facebook,fb_02,OH,22.92,unsold,,,
L000482,2026-06-03 19:07,roofing,facebook,fb_02,NY,17.36,sold,BuyerA,35.23,
L000483,2026-06-03 6:45,windows,facebook,fb_08,CA,17.82,sold,BuyerA,30.04,
L000484,2026-06-03 21:32,windows,google,g_02,FL,27.25,sold,BuyerA,29.67,
L000485,2026-06-03 6:12,windows,native,nt_01,FL,17.2,sold,BuyerF,27.64,
L000486,2026-06-03 16:29,bathroom,facebook,fb_02,OH,30,sold,BuyerB,44.43,
L000487,2026-06-03 14:30,roofing,facebook,fb_03,NJ,21.71,sold,BuyerD,34.23,
L000488,2026-06-03 16:46,bathroom,facebook,fb_05,NY,21.55,sold,BuyerE,41.77,
L000489,2026-06-03 18:14,roofing,google,g_03,NY,39.09,sold,BuyerD,33.29,
L000490,2026-06-03 7:34,roofing,facebook,fb_02,MI,25.79,sold,BuyerD,31.82,
L000491,2026-06-03 11:46,roofing,facebook,fb_07,MI,22.39,sold,BuyerA,35.67,
L000492,2026-06-03 6:26,bathroom,facebook,fb_01,AZ,23.94,returned,BuyerB,40.88,out_of_service_area
L000493,2026-06-03 12:31,bathroom,google,g_03,TX,29.32,sold,BuyerB,41.96,
L000494,2026-06-03 14:29,roofing,facebook,fb_03,VA,22.65,sold,BuyerD,38.11,
L000495,2026-06-03 12:14,windows,facebook,fb_07,NC,22.65,sold,BuyerB,30.44,
L000496,2026-06-03 23:27,roofing,native,nt_02,MO,17.58,returned,BuyerA,36.5,out_of_service_area
L000497,2026-06-03 13:41,bathroom,facebook,fb_08,GA,28.05,returned,BuyerE,39.59,not_homeowner
L000498,2026-06-03 13:40,roofing,google,g_02,TX,32.59,sold,BuyerD,36.73,
L000499,2026-06-03 10:11,windows,google,g_01,FL,24.13,sold,BuyerA,30.22,
L000500,2026-06-03 15:10,roofing,google,g_02,FL,26.34,sold,BuyerC,51.45,
L000501,2026-06-03 10:47,roofing,facebook,fb_08,TX,20.2,sold,BuyerC,51.79,
L000502,2026-06-03 6:32,windows,native,nt_02,VA,14.27,sold,BuyerA,29.47,
L000503,2026-06-03 10:38,bathroom,facebook,fb_07,TX,28.71,sold,BuyerB,41.45,
L000504,2026-06-03 9:37,roofing,facebook,fb_07,CA,20.7,sold,BuyerA,38.08,
L000505,2026-06-03 11:59,roofing,facebook,fb_05,IL,20.95,returned,BuyerA,35.18,no_answer
L000506,2026-06-03 19:41,roofing,facebook,fb_03,CA,26.75,sold,BuyerA,34.25,
L000507,2026-06-03 20:15,bathroom,facebook,fb_05,TN,24.27,sold,BuyerB,44.54,
L000508,2026-06-03 11:50,windows,facebook,fb_01,SC,18.45,unsold,,,
L000509,2026-06-03 14:48,bathroom,google,g_01,TX,23.07,sold,BuyerB,42.19,
L000510,2026-06-03 16:59,roofing,google,g_04,FL,32.89,sold,BuyerC,52.46,
L000511,2026-06-03 15:31,roofing,facebook,fb_03,NC,20.39,sold,BuyerA,33.88,
L000512,2026-06-03 15:10,bathroom,facebook,fb_04,OH,27.79,sold,BuyerB,42.29,
L000513,2026-06-03 10:16,windows,facebook,fb_03,OH,16.26,sold,BuyerA,30.78,
L000514,2026-06-03 8:31,windows,facebook,fb_08,SC,18.12,sold,BuyerA,27.57,
L000515,2026-06-03 12:56,windows,google,g_04,GA,25.39,sold,BuyerA,28.26,
L000516,2026-06-03 18:43,bathroom,google,g_03,AZ,37.16,sold,BuyerB,42.48,
L000517,2026-06-03 11:07,windows,google,g_01,NC,26.61,sold,BuyerB,28.77,
L000518,2026-06-03 9:04,windows,native,nt_02,GA,14.24,sold,BuyerA,31.54,
L000519,2026-06-03 20:14,bathroom,facebook,fb_05,MT,22.53,unsold,,,
L000520,2026-06-03 10:08,roofing,facebook,fb_07,NJ,24.2,sold,BuyerA,34.03,
L000521,2026-06-03 10:06,bathroom,google,g_02,TX,27.43,sold,BuyerB,46.75,
L000522,2026-06-03 13:40,bathroom,facebook,fb_01,MO,25.88,sold,BuyerE,41.38,
L000523,2026-06-03 15:06,bathroom,facebook,fb_08,WY,23.38,unsold,,,
L000524,2026-06-03 16:17,roofing,facebook,fb_06,OH,18.28,sold,BuyerA,34.71,
L000525,2026-06-03 14:14,bathroom,facebook,fb_03,WY,28.83,unsold,,,
L000526,2026-06-03 6:33,windows,facebook,fb_01,IL,17.24,sold,BuyerA,34.48,
L000527,2026-06-03 13:43,roofing,google,g_04,WY,28.87,sold,BuyerD,34.86,
L000528,2026-06-03 14:49,roofing,native,nt_02,MO,17.42,sold,BuyerA,34.01,
L000529,2026-06-03 11:54,bathroom,facebook,fb_01,NY,27.68,sold,BuyerB,44.03,
L000530,2026-06-03 17:13,roofing,facebook,fb_08,TX,23.23,sold,BuyerC,52.04,
L000531,2026-06-03 19:17,roofing,facebook,fb_04,MI,20.59,sold,BuyerD,36.26,
L000532,2026-06-03 8:42,windows,google,g_01,PA,27.04,sold,BuyerA,28.78,
L000533,2026-06-03 11:39,windows,facebook,fb_07,GA,22.58,sold,BuyerB,29.57,
L000534,2026-06-03 12:08,bathroom,facebook,fb_08,MO,29.52,sold,BuyerE,40.38,
L000535,2026-06-03 12:12,windows,facebook,fb_05,CO,18.73,unsold,,,
L000536,2026-06-03 15:43,windows,facebook,fb_01,NJ,20.32,sold,BuyerA,28.79,
L000537,2026-06-03 19:59,windows,facebook,fb_07,AZ,19.6,sold,BuyerB,27.38,
L000538,2026-06-03 7:28,windows,facebook,fb_04,MI,19.5,sold,BuyerA,28.91,
L000539,2026-06-03 11:39,roofing,facebook,fb_07,MO,17.84,sold,BuyerA,34.81,
L000540,2026-06-03 10:46,roofing,native,nt_01,VA,19.85,sold,BuyerD,36.11,
L000541,2026-06-03 14:46,roofing,google,g_01,NJ,32.22,sold,BuyerD,33.46,
L000542,2026-06-03 11:13,bathroom,google,g_02,PA,38.9,returned,BuyerB,42.18,changed_mind
L000543,2026-06-03 9:53,bathroom,facebook,fb_02,TN,26.86,sold,BuyerB,42.91,
L000544,2026-06-03 16:58,bathroom,native,nt_01,NY,23.27,sold,BuyerB,47.42,
L000545,2026-06-03 15:28,bathroom,facebook,fb_05,PA,28.94,sold,BuyerE,37.77,
L000546,2026-06-03 12:19,bathroom,facebook,fb_03,NC,25.42,sold,BuyerE,37.35,
L000547,2026-06-03 15:55,roofing,facebook,fb_02,NY,21.25,sold,BuyerA,34.02,
L000548,2026-06-03 7:17,windows,facebook,fb_08,GA,22.71,sold,BuyerA,30.69,
L000549,2026-06-03 15:04,bathroom,google,g_02,WY,35.68,unsold,,,
L000550,2026-06-03 16:58,windows,google,g_03,NC,31.81,sold,BuyerA,31.3,
L000551,2026-06-03 12:54,bathroom,google,g_02,PA,30.52,sold,BuyerE,43.53,
L000552,2026-06-03 7:16,roofing,facebook,fb_02,AZ,23.89,sold,BuyerA,35.34,
L000553,2026-06-03 15:04,bathroom,native,nt_02,AZ,22.67,sold,BuyerB,44.51,
L000554,2026-06-03 13:32,bathroom,facebook,fb_06,SC,30,sold,BuyerE,42.59,
L000555,2026-06-03 17:16,roofing,facebook,fb_01,FL,24.31,unsold,,,
L000556,2026-06-03 11:31,roofing,facebook,fb_01,TX,22.57,sold,BuyerD,32.36,
L000557,2026-06-03 8:56,bathroom,google,g_02,CO,35.42,sold,BuyerB,41.5,
L000558,2026-06-03 22:29,roofing,facebook,fb_04,FL,26.52,sold,BuyerA,37.94,
L000559,2026-06-03 11:21,roofing,facebook,fb_04,PA,21.07,sold,BuyerD,33.85,
L000560,2026-06-03 8:16,windows,facebook,fb_08,GA,20.44,sold,BuyerA,29.06,
L000561,2026-06-03 21:00,bathroom,facebook,fb_07,VA,25.4,sold,BuyerB,43.17,
L000562,2026-06-03 7:14,roofing,native,nt_01,NY,16.58,sold,BuyerD,34.97,
L000563,2026-06-03 18:03,roofing,facebook,fb_08,FL,24.82,returned,BuyerA,35.85,no_answer
L000564,2026-06-03 18:57,windows,facebook,fb_07,SC,20.91,returned,BuyerA,32.22,not_homeowner
L000565,2026-06-03 12:00,roofing,facebook,fb_01,TX,23.02,sold,BuyerD,35.23,
L000566,2026-06-03 11:10,windows,facebook,fb_02,FL,20.49,sold,BuyerA,32.32,
L000567,2026-06-04 14:22,windows,facebook,fb_04,NY,19.45,sold,BuyerB,30.11,
L000568,2026-06-04 18:43,roofing,facebook,fb_04,FL,25.25,sold,BuyerC,53.32,
L000569,2026-06-04 16:17,roofing,facebook,fb_03,GA,21.91,unsold,,,
L000570,2026-06-04 17:56,roofing,facebook,fb_04,NY,21.57,returned,BuyerD,33,no_answer
L000571,2026-06-04 13:24,windows,google,g_01,MI,34.97,sold,BuyerA,30.77,
L000572,2026-06-04 6:02,windows,native,nt_01,CA,18.34,sold,BuyerA,30.31,
L000573,2026-06-04 14:37,windows,facebook,fb_08,IN,16.94,sold,BuyerA,29.49,
L000574,2026-06-04 9:36,roofing,facebook,fb_03,NY,25.49,sold,BuyerA,39.12,
L000575,2026-06-04 13:49,windows,facebook,fb_05,NJ,21.48,sold,BuyerB,30.12,
L000576,2026-06-04 18:31,windows,native,nt_02,ND,12.95,sold,BuyerA,30.18,
L000577,2026-06-04 11:26,windows,facebook,fb_06,MI,15.58,sold,BuyerA,30.57,
L000578,2026-06-04 10:58,roofing,facebook,fb_05,CO,24.71,sold,BuyerA,37.15,
L000579,2026-06-04 17:29,windows,google,g_01,FL,30.74,unsold,,,
L000580,2026-06-04 13:57,windows,facebook,fb_02,PA,20.88,sold,BuyerA,30.03,
L000581,2026-06-04 9:14,roofing,native,nt_01,TX,18.33,unsold,,,
L000582,2026-06-04 15:00,roofing,google,g_01,PA,33.25,sold,BuyerD,32.7,
L000583,2026-06-04 13:59,roofing,google,g_03,ND,31.64,sold,BuyerA,35.89,
L000584,2026-06-04 15:02,roofing,google,g_01,GA,21.05,sold,BuyerC,49.71,
L000585,2026-06-04 11:04,windows,facebook,fb_05,FL,22.22,sold,BuyerA,29.59,
L000586,2026-06-04 17:03,roofing,facebook,fb_04,OH,24.97,sold,BuyerD,34.9,
L000587,2026-06-04 12:56,windows,facebook,fb_06,AZ,17.43,unsold,,,
L000588,2026-06-04 15:00,bathroom,native,nt_02,VA,20.15,sold,BuyerE,39.47,
L000589,2026-06-04 16:10,roofing,native,nt_01,NY,21.26,sold,BuyerD,33.6,
L000590,2026-06-04 14:35,roofing,native,nt_01,NY,18.54,sold,BuyerA,35.55,
L000591,2026-06-04 6:44,roofing,facebook,fb_08,FL,20.99,sold,BuyerC,52.02,
L000592,2026-06-04 10:03,windows,google,g_01,OH,25.1,sold,BuyerA,29.11,
L000593,2026-06-04 18:35,bathroom,google,g_02,NJ,34.84,returned,BuyerB,42.11,bad_number
L000594,2026-06-04 16:57,windows,facebook,fb_08,PA,18.85,sold,BuyerA,28.29,
L000595,2026-06-04 12:44,roofing,facebook,fb_08,NC,21.01,sold,BuyerD,34.28,
L000596,2026-06-04 7:13,roofing,facebook,fb_03,FL,20.41,sold,BuyerC,52.74,
L000597,2026-06-04 6:21,windows,facebook,fb_01,CA,21.01,sold,BuyerB,29.41,
L000598,2026-06-04 12:58,windows,google,g_01,CA,27.14,sold,BuyerA,28.89,
L000599,2026-06-04 19:08,windows,native,nt_02,TX,14.56,sold,BuyerA,31.26,
L000600,2026-06-04 11:43,roofing,native,nt_01,FL,16.42,sold,BuyerA,37.25,
L000601,2026-06-04 13:10,roofing,facebook,fb_03,VA,23.85,sold,BuyerD,34.22,
L000602,2026-06-04 7:25,windows,google,g_02,FL,23.83,unsold,,,
L000603,2026-06-04 12:07,windows,facebook,fb_01,ID,18.45,sold,BuyerA,29.74,
L000604,2026-06-04 14:22,roofing,facebook,fb_05,NC,24.53,returned,BuyerD,36.16,no_answer
L000605,2026-06-04 13:37,bathroom,native,nt_01,NY,22.82,sold,BuyerB,44.46,
L000606,2026-06-04 12:19,bathroom,google,g_01,SC,35.2,sold,BuyerB,42.95,
L000607,2026-06-04 7:50,roofing,google,g_03,CA,36.94,sold,BuyerD,32.99,
L000608,2026-06-04 13:00,bathroom,facebook,fb_02,GA,26.57,sold,BuyerB,43.69,
L000609,2026-06-04 16:31,windows,google,g_02,IN,25.21,sold,BuyerA,31.03,
L000610,2026-06-04 11:55,windows,facebook,fb_01,GA,18.98,sold,BuyerA,30.04,
L000611,2026-06-04 13:42,windows,facebook,fb_03,IL,17.99,unsold,,,
L000612,2026-06-04 6:10,bathroom,facebook,fb_06,SC,24.65,sold,BuyerB,46.97,
L000613,2026-06-04 11:05,roofing,google,g_01,PA,29.71,sold,BuyerA,35.19,
L000614,2026-06-04 13:17,roofing,facebook,fb_02,MI,21.31,sold,BuyerD,33.57,
L000615,2026-06-04 11:18,bathroom,native,nt_01,PA,21.25,sold,BuyerE,42.59,
L000616,2026-06-04 10:09,windows,native,nt_02,PA,13.71,sold,BuyerA,31.01,
L000617,2026-06-04 16:40,roofing,facebook,fb_07,MO,20.86,sold,BuyerA,37.2,
L000618,2026-06-04 9:18,bathroom,facebook,fb_01,ND,20.58,unsold,,,
L000619,2026-06-04 18:35,roofing,native,nt_01,AZ,20.59,sold,BuyerD,33.24,
L000620,2026-06-04 18:35,windows,native,nt_01,SC,17.91,sold,BuyerA,29.3,
L000621,2026-06-04 17:03,bathroom,facebook,fb_01,OH,25.25,sold,BuyerB,43.12,
L000622,2026-06-04 14:21,roofing,google,g_04,TX,28.69,returned,BuyerC,51.19,out_of_service_area
L000623,2026-06-04 10:39,roofing,facebook,fb_07,FL,25.25,sold,BuyerD,34.31,
L000624,2026-06-04 17:30,roofing,google,g_03,MT,37.08,unsold,,,
L000625,2026-06-04 14:51,roofing,facebook,fb_03,GA,23.99,unsold,,,
L000626,2026-06-04 9:00,roofing,facebook,fb_04,TN,22.69,returned,BuyerD,31.59,out_of_service_area
L000627,2026-06-04 7:04,roofing,facebook,fb_07,IN,21.07,sold,BuyerA,37.51,
L000628,2026-06-04 15:25,roofing,facebook,fb_04,GA,23.71,sold,BuyerC,50.96,
L000629,2026-06-04 21:01,roofing,facebook,fb_05,TX,19.9,sold,BuyerC,52.79,
L000630,2026-06-04 6:06,windows,facebook,fb_05,TX,23.25,sold,BuyerA,32.31,
L000631,2026-06-04 9:38,roofing,facebook,fb_07,CA,20.67,sold,BuyerA,36.44,
L000632,2026-06-04 10:46,bathroom,facebook,fb_05,OH,29.39,unsold,,,
L000633,2026-06-04 10:51,roofing,facebook,fb_08,FL,25.62,sold,BuyerC,52.96,
L000634,2026-06-04 21:02,windows,native,nt_01,CO,18.68,sold,BuyerA,29.71,
L000635,2026-06-04 12:06,roofing,google,g_02,PA,29.63,sold,BuyerA,38.5,
L000636,2026-06-04 19:19,bathroom,native,nt_01,FL,23.26,sold,BuyerE,41.35,
L000637,2026-06-04 19:02,roofing,facebook,fb_03,TX,21.25,sold,BuyerA,37.77,
L000638,2026-06-04 14:03,roofing,facebook,fb_02,GA,21.08,sold,BuyerC,54.13,
L000639,2026-06-04 11:53,windows,facebook,fb_01,CA,21.94,sold,BuyerA,31.06,
L000640,2026-06-04 9:42,windows,facebook,fb_04,CA,19.66,sold,BuyerA,29.4,
L000641,2026-06-04 11:42,windows,google,g_01,IL,29.03,unsold,,,
L000642,2026-06-04 18:24,bathroom,native,nt_01,OH,24.22,returned,BuyerE,42.01,changed_mind
L000643,2026-06-04 17:05,roofing,google,g_04,VA,32,sold,BuyerA,36.77,
L000644,2026-06-04 9:47,roofing,facebook,fb_04,TN,19.95,sold,BuyerD,29,
L000645,2026-06-04 15:47,windows,google,g_04,TX,26.13,sold,BuyerA,31.91,
L000646,2026-06-04 10:07,bathroom,facebook,fb_03,FL,35.18,sold,BuyerE,39.74,
L000647,2026-06-04 14:12,windows,facebook,fb_01,MO,16.57,sold,BuyerA,32.77,
L000648,2026-06-04 17:09,roofing,facebook,fb_06,NC,19.12,sold,BuyerD,35.68,
L000649,2026-06-04 16:30,roofing,google,g_04,NC,24.69,sold,BuyerA,36.98,
L000650,2026-06-04 15:19,windows,google,g_03,FL,25.65,sold,BuyerA,31.07,
L000651,2026-06-04 6:29,windows,facebook,fb_08,GA,18.38,sold,BuyerB,30.01,
L000652,2026-06-04 17:02,roofing,facebook,fb_05,TN,18.66,sold,BuyerA,36.92,
L000653,2026-06-04 13:00,roofing,facebook,fb_06,GA,24.69,sold,BuyerC,50.62,
L000654,2026-06-04 11:57,roofing,native,nt_02,FL,19.9,sold,BuyerC,51.46,
L000655,2026-06-04 10:37,roofing,facebook,fb_01,FL,25.76,sold,BuyerD,37.29,
L000656,2026-06-04 11:42,windows,native,nt_02,FL,18.08,sold,BuyerB,29.38,
L000657,2026-06-04 9:48,windows,facebook,fb_04,CA,21.72,sold,BuyerA,31.36,
L000658,2026-06-04 17:17,roofing,facebook,fb_01,CA,23.08,sold,BuyerA,37.39,
L000659,2026-06-04 13:10,bathroom,native,nt_02,TX,24.15,sold,BuyerB,44.76,
L000660,2026-06-04 11:03,windows,facebook,fb_02,FL,20.67,returned,BuyerA,28.72,no_answer
L000661,2026-06-04 6:48,windows,google,g_01,ID,22.62,sold,BuyerA,33.39,
L000662,2026-06-04 12:27,bathroom,facebook,fb_07,VA,30.94,sold,BuyerE,40.66,
L000663,2026-06-04 14:27,bathroom,facebook,fb_07,MO,25.43,sold,BuyerB,45.52,
L000664,2026-06-04 13:32,bathroom,google,g_04,VA,40.83,sold,BuyerB,45.9,
L000665,2026-06-04 12:59,windows,facebook,fb_06,TN,21.28,sold,BuyerF,29.43,
L000666,2026-06-04 17:56,bathroom,facebook,fb_01,IN,24.8,returned,BuyerE,39.27,changed_mind
L000667,2026-06-04 13:11,roofing,native,nt_01,NJ,17.71,returned,BuyerA,36.29,bad_number
L000668,2026-06-04 15:07,roofing,google,g_01,SC,30.41,sold,BuyerA,38.09,
L000669,2026-06-04 19:08,windows,native,nt_01,TX,17.26,sold,BuyerA,30.38,
L000670,2026-06-04 12:54,bathroom,facebook,fb_06,OH,28.8,returned,BuyerE,39.49,bad_number
L000671,2026-06-04 16:58,roofing,facebook,fb_05,WY,23.57,sold,BuyerA,35.5,
L000672,2026-06-04 13:21,bathroom,google,g_04,NC,39.01,sold,BuyerE,37.68,
L000673,2026-06-04 13:00,bathroom,google,g_02,FL,37.84,sold,BuyerE,38.38,
L000674,2026-06-04 16:05,windows,google,g_01,MI,27.18,sold,BuyerA,31.99,
L000675,2026-06-04 7:12,windows,facebook,fb_03,NJ,19.1,sold,BuyerA,30.63,
L000676,2026-06-04 12:41,roofing,google,g_04,GA,29.53,sold,BuyerD,33.85,
L000677,2026-06-04 17:25,roofing,facebook,fb_08,NJ,21.63,returned,BuyerD,28.96,bad_number
L000678,2026-06-04 18:45,roofing,facebook,fb_02,FL,24.98,sold,BuyerD,34.58,
L000679,2026-06-04 11:48,bathroom,facebook,fb_03,TN,29.76,sold,BuyerB,42.68,
L000680,2026-06-04 15:34,roofing,google,g_04,IL,33.14,sold,BuyerD,34.72,
L000681,2026-06-04 12:38,roofing,facebook,fb_01,VA,22.41,sold,BuyerA,38.77,
L000682,2026-06-04 15:09,roofing,facebook,fb_02,ND,20.45,unsold,,,
L000683,2026-06-04 14:16,roofing,google,g_04,TN,32.28,sold,BuyerA,35.6,
L000684,2026-06-04 17:54,roofing,facebook,fb_02,GA,25.79,sold,BuyerC,52.25,
L000685,2026-06-04 11:17,bathroom,facebook,fb_01,NJ,18.99,sold,BuyerE,39.78,
L000686,2026-06-04 13:56,bathroom,facebook,fb_01,AZ,33.53,sold,BuyerB,42.78,
L000687,2026-06-04 12:46,windows,facebook,fb_07,AZ,18.27,sold,BuyerA,31.07,
L000688,2026-06-04 18:23,bathroom,facebook,fb_07,TX,26.76,sold,BuyerB,47.49,
L000689,2026-06-04 12:18,bathroom,google,g_03,CO,32.25,sold,BuyerB,42.91,
L000690,2026-06-04 15:10,bathroom,facebook,fb_01,TN,27.66,sold,BuyerB,43.15,
L000691,2026-06-04 12:14,roofing,facebook,fb_01,FL,20.11,sold,BuyerC,50.73,
L000692,2026-06-04 14:04,roofing,facebook,fb_03,TX,24.94,unsold,,,
L000693,2026-06-04 18:25,windows,facebook,fb_07,MI,19.69,returned,BuyerA,30.03,not_homeowner
L000694,2026-06-04 20:05,windows,facebook,fb_05,WY,18.32,sold,BuyerA,31.67,
L000695,2026-06-04 8:44,roofing,facebook,fb_02,IN,18.38,sold,BuyerA,36.44,
L000696,2026-06-04 13:16,bathroom,facebook,fb_03,PA,24.12,returned,BuyerE,40.81,changed_mind
L000697,2026-06-04 16:36,windows,google,g_02,GA,28.12,unsold,,,
L000698,2026-06-04 8:20,bathroom,facebook,fb_03,CO,23.75,sold,BuyerE,41.47,
L000699,2026-06-04 13:12,bathroom,facebook,fb_01,FL,20.94,sold,BuyerB,41.33,
L000700,2026-06-04 16:30,roofing,facebook,fb_04,TX,25.06,returned,BuyerC,50.85,no_answer
L000701,2026-06-04 14:43,roofing,facebook,fb_04,OH,26.16,sold,BuyerA,35.34,
L000702,2026-06-04 14:51,roofing,facebook,fb_07,NY,26.1,sold,BuyerD,33.22,
L000703,2026-06-04 16:51,roofing,facebook,fb_04,GA,22.86,sold,BuyerC,51.37,
L000704,2026-06-04 11:22,roofing,facebook,fb_05,GA,23.8,sold,BuyerA,34.02,
L000705,2026-06-04 12:18,bathroom,facebook,fb_05,TX,27.6,sold,BuyerB,42.98,
L000706,2026-06-04 9:59,windows,facebook,fb_07,MO,22.85,sold,BuyerB,30.36,
L000707,2026-06-04 15:23,roofing,facebook,fb_08,NY,26.01,sold,BuyerD,32.03,
L000708,2026-06-04 21:35,roofing,native,nt_01,MO,18.75,unsold,,,
L000709,2026-06-04 15:24,bathroom,facebook,fb_05,SC,21.43,unsold,,,
L000710,2026-06-04 10:29,roofing,facebook,fb_08,FL,19.7,sold,BuyerA,37.23,
L000711,2026-06-04 15:02,roofing,google,g_01,AZ,30.84,sold,BuyerD,34.1,
L000712,2026-06-04 11:43,roofing,facebook,fb_08,FL,20.69,sold,BuyerD,34.26,
L000713,2026-06-04 13:43,roofing,facebook,fb_06,GA,23.29,sold,BuyerD,34.57,
L000714,2026-06-04 14:58,roofing,native,nt_02,NY,21.74,sold,BuyerA,32.04,
L000715,2026-06-04 12:29,windows,facebook,fb_04,TX,21.35,sold,BuyerA,29.68,
L000716,2026-06-04 11:34,bathroom,google,g_04,MO,34.44,sold,BuyerE,40.56,
L000717,2026-06-04 14:33,roofing,facebook,fb_07,TX,17.87,sold,BuyerA,39.17,
L000718,2026-06-04 14:01,roofing,google,g_02,IN,27.73,sold,BuyerD,29.76,
L000719,2026-06-04 8:32,roofing,native,nt_02,MI,20.2,sold,BuyerD,30.66,
L000720,2026-06-04 14:19,windows,native,nt_01,CA,17.13,returned,BuyerA,31.61,no_answer
L000721,2026-06-04 13:24,roofing,native,nt_02,PA,16.07,returned,BuyerA,38.46,no_answer
L000722,2026-06-04 10:26,roofing,google,g_04,FL,28.22,sold,BuyerA,36.34,
L000723,2026-06-04 10:03,bathroom,facebook,fb_02,OH,27.75,returned,BuyerB,45.72,not_homeowner
L000724,2026-06-04 9:09,bathroom,google,g_01,GA,33.88,sold,BuyerB,41.8,
L000725,2026-06-04 18:05,windows,facebook,fb_04,TN,25.43,returned,BuyerB,27.82,no_answer
L000726,2026-06-04 14:19,windows,google,g_02,NY,22.29,returned,BuyerA,29.22,not_homeowner
L000727,2026-06-04 11:51,roofing,facebook,fb_01,VA,30.4,sold,BuyerD,33.82,
L000728,2026-06-04 14:48,bathroom,facebook,fb_07,OH,23.68,sold,BuyerB,43.79,
L000729,2026-06-04 19:48,bathroom,google,g_03,AZ,36.18,unsold,,,
L000730,2026-06-04 14:35,roofing,native,nt_02,MI,16.06,sold,BuyerA,38.12,
L000731,2026-06-04 18:43,windows,facebook,fb_04,NY,16.37,sold,BuyerA,30.74,
L000732,2026-06-04 14:12,roofing,native,nt_01,OH,16.94,sold,BuyerD,32.02,
L000733,2026-06-04 12:56,roofing,facebook,fb_05,CO,27,sold,BuyerA,36.83,
L000734,2026-06-04 17:49,bathroom,facebook,fb_07,CA,24.31,sold,BuyerB,43.88,
L000735,2026-06-04 17:55,bathroom,google,g_02,NY,34,sold,BuyerB,49.64,
L000736,2026-06-04 11:41,windows,google,g_01,IL,31.08,sold,BuyerA,30,
L000737,2026-06-04 11:39,roofing,facebook,fb_01,NC,21.05,returned,BuyerA,36.67,duplicate
L000738,2026-06-04 15:41,bathroom,facebook,fb_07,GA,25.25,sold,BuyerE,37.16,
L000739,2026-06-04 15:56,roofing,facebook,fb_08,AZ,23.23,sold,BuyerA,37.67,
L000740,2026-06-04 8:45,windows,google,g_04,TN,31.43,sold,BuyerA,30.77,
L000741,2026-06-04 19:59,windows,facebook,fb_08,TX,19.3,sold,BuyerB,28.05,
L000742,2026-06-04 12:49,bathroom,facebook,fb_07,PA,27.89,returned,BuyerE,39.68,no_answer
L000743,2026-06-04 13:46,roofing,google,g_03,AZ,32.78,sold,BuyerA,35.55,
L000744,2026-06-04 17:46,roofing,native,nt_01,IL,21.47,sold,BuyerA,38.25,
L000745,2026-06-04 15:18,bathroom,native,nt_02,FL,20.7,sold,BuyerB,42.41,
L000746,2026-06-04 9:18,roofing,facebook,fb_05,IN,25.38,sold,BuyerA,36.72,
L000747,2026-06-04 18:11,windows,facebook,fb_05,TX,20.84,sold,BuyerA,30.21,
L000748,2026-06-04 7:51,roofing,facebook,fb_01,TN,23.36,sold,BuyerA,33.92,
L000749,2026-06-04 11:47,roofing,facebook,fb_01,TX,20.18,sold,BuyerA,33.18,
L000750,2026-06-04 19:17,roofing,native,nt_02,OH,19.73,sold,BuyerD,33.53,
L000751,2026-06-04 15:00,roofing,native,nt_01,FL,15.9,sold,BuyerD,33.37,
L000752,2026-06-04 12:41,windows,native,nt_01,TX,15.52,sold,BuyerA,28.59,
L000753,2026-06-04 7:21,roofing,native,nt_01,AZ,14.81,sold,BuyerD,33.89,
L000754,2026-06-04 18:35,roofing,facebook,fb_05,FL,23.63,sold,BuyerD,35.21,
L000755,2026-06-04 11:04,roofing,facebook,fb_03,NY,23.57,sold,BuyerD,34.49,
L000756,2026-06-04 10:07,windows,native,nt_02,IL,15.77,sold,BuyerA,30.7,
L000757,2026-06-04 13:11,roofing,google,g_01,FL,28.72,sold,BuyerA,33.53,
L000758,2026-06-04 17:04,roofing,native,nt_01,GA,18.37,returned,BuyerD,34.89,out_of_service_area
L000759,2026-06-04 17:54,roofing,google,g_04,AZ,32.38,sold,BuyerA,34.7,
L000760,2026-06-04 16:10,bathroom,google,g_01,NC,36.41,sold,BuyerB,43.46,
L000761,2026-06-04 12:41,windows,facebook,fb_03,TX,18.2,sold,BuyerA,30.97,
L000762,2026-06-04 14:13,windows,facebook,fb_05,TX,14.2,sold,BuyerA,31.07,
L000763,2026-06-04 15:29,bathroom,facebook,fb_03,WY,21.56,unsold,,,
L000764,2026-06-04 16:31,windows,facebook,fb_03,GA,21.9,sold,BuyerA,30.56,
L000765,2026-06-05 11:42,bathroom,native,nt_01,FL,23.63,sold,BuyerB,49.81,
L000766,2026-06-05 11:48,bathroom,facebook,fb_01,NY,27.95,sold,BuyerB,43.13,
L000767,2026-06-05 10:17,windows,facebook,fb_03,SC,21.61,unsold,,,
L000768,2026-06-05 15:40,bathroom,facebook,fb_02,NC,26.23,sold,BuyerE,38.77,
L000769,2026-06-05 16:52,roofing,facebook,fb_01,NJ,22.51,sold,BuyerA,35.93,
L000770,2026-06-05 10:30,windows,google,g_03,CA,28.43,sold,BuyerA,28.94,
L000771,2026-06-05 9:49,bathroom,facebook,fb_06,TX,27.86,sold,BuyerE,42.83,
L000772,2026-06-05 15:29,roofing,facebook,fb_07,OH,27.79,sold,BuyerA,34.11,
L000773,2026-06-05 11:44,bathroom,facebook,fb_01,WY,28.3,unsold,,,
L000774,2026-06-05 23:09,windows,google,g_01,TX,24.37,sold,BuyerA,31.53,
L000775,2026-06-05 9:52,windows,facebook,fb_06,MO,19.54,sold,BuyerA,32.14,
L000776,2026-06-05 18:26,windows,google,g_04,NJ,22.39,sold,BuyerA,29.01,
L000777,2026-06-05 15:33,roofing,facebook,fb_07,OH,25.32,sold,BuyerA,36.06,
L000778,2026-06-05 11:00,roofing,google,g_01,TX,26.04,sold,BuyerC,52.9,
L000779,2026-06-05 8:28,roofing,facebook,fb_07,IL,24.7,sold,BuyerA,35.93,
L000780,2026-06-05 18:49,bathroom,native,nt_01,MI,24.07,sold,BuyerB,43.81,
L000781,2026-06-05 12:39,windows,facebook,fb_02,IL,16.94,sold,BuyerA,30.3,
L000782,2026-06-05 18:31,bathroom,facebook,fb_01,FL,27.07,sold,BuyerB,41.34,
L000783,2026-06-05 7:44,roofing,google,g_02,IL,31.4,sold,BuyerD,35.68,
L000784,2026-06-05 13:20,windows,facebook,fb_03,NC,19.61,sold,BuyerA,29.19,
L000785,2026-06-05 18:06,windows,facebook,fb_06,FL,21.93,sold,BuyerA,29.83,
L000786,2026-06-05 8:00,roofing,facebook,fb_07,TX,20.56,unsold,,,
L000787,2026-06-05 15:57,roofing,facebook,fb_07,CO,22.47,sold,BuyerD,34.09,
L000788,2026-06-05 13:29,roofing,facebook,fb_07,OH,28.86,sold,BuyerA,34.52,
L000789,2026-06-05 23:47,roofing,native,nt_01,PA,19.52,sold,BuyerD,34.34,
L000790,2026-06-05 16:17,bathroom,facebook,fb_07,TX,26.32,sold,BuyerE,41.19,
L000791,2026-06-05 22:03,roofing,native,nt_01,NJ,18.74,sold,BuyerA,33.37,
L000792,2026-06-05 10:23,roofing,google,g_04,FL,27.3,sold,BuyerC,52.22,
L000793,2026-06-05 14:12,bathroom,facebook,fb_03,TX,30.84,sold,BuyerE,41.55,
L000794,2026-06-05 19:34,roofing,facebook,fb_02,TN,19.77,sold,BuyerA,36.95,
L000795,2026-06-05 16:57,roofing,native,nt_01,TX,16.48,sold,BuyerC,53.48,
L000796,2026-06-05 18:21,windows,native,nt_01,WY,15.88,sold,BuyerA,30.44,
L000797,2026-06-05 14:06,roofing,native,nt_02,IL,21.25,sold,BuyerD,35.61,
L000798,2026-06-05 16:25,roofing,facebook,fb_08,PA,27.04,sold,BuyerA,36.14,
L000799,2026-06-05 20:20,windows,facebook,fb_05,NC,17.13,sold,BuyerA,32,
L000800,2026-06-05 10:39,roofing,google,g_04,PA,28.44,sold,BuyerA,35.41,
L000801,2026-06-05 19:12,bathroom,facebook,fb_03,FL,20.31,sold,BuyerE,37.47,
L000802,2026-06-05 13:20,roofing,facebook,fb_02,TX,22.72,sold,BuyerC,51.66,
L000803,2026-06-05 15:00,windows,facebook,fb_08,IL,22.12,sold,BuyerA,30.21,
L000804,2026-06-05 23:48,windows,facebook,fb_02,TX,16.71,sold,BuyerA,30.05,
L000805,2026-06-05 18:04,roofing,facebook,fb_08,NJ,21.88,sold,BuyerA,35.43,
L000806,2026-06-05 10:35,roofing,facebook,fb_03,TX,19.83,sold,BuyerC,53.01,
L000807,2026-06-05 13:56,roofing,facebook,fb_01,TX,26.96,sold,BuyerC,52.32,
L000808,2026-06-05 17:23,roofing,google,g_02,SC,33.74,sold,BuyerD,29.71,
L000809,2026-06-05 17:46,roofing,facebook,fb_01,GA,20.34,sold,BuyerC,53.48,
L000810,2026-06-05 11:06,bathroom,facebook,fb_07,TN,27.97,sold,BuyerE,38.85,
L000811,2026-06-05 11:53,roofing,facebook,fb_04,IL,24.78,sold,BuyerD,28.08,
L000812,2026-06-05 16:21,roofing,google,g_03,FL,37.9,sold,BuyerC,51.83,
L000813,2026-06-05 16:08,roofing,facebook,fb_08,GA,24.39,sold,BuyerC,50.75,
L000814,2026-06-05 12:23,windows,google,g_03,AZ,24.26,sold,BuyerA,30.79,
L000815,2026-06-05 23:50,roofing,facebook,fb_07,OH,20.48,sold,BuyerA,36,
L000816,2026-06-05 15:07,roofing,google,g_04,NC,31.45,sold,BuyerA,35.93,
L000817,2026-06-05 20:44,roofing,google,g_01,SC,31.38,sold,BuyerA,38.4,
L000818,2026-06-05 18:59,bathroom,native,nt_01,PA,27.1,sold,BuyerE,41.39,
L000819,2026-06-05 9:50,bathroom,facebook,fb_02,PA,24.79,returned,BuyerE,38.07,bad_number
L000820,2026-06-05 14:14,windows,facebook,fb_05,NJ,20.6,sold,BuyerB,30.18,
L000821,2026-06-05 17:54,roofing,google,g_01,PA,35.64,sold,BuyerA,34.79,
L000822,2026-06-05 6:16,roofing,google,g_03,FL,25.4,sold,BuyerC,51.84,
L000823,2026-06-05 8:38,roofing,facebook,fb_05,TX,24.37,returned,BuyerC,52.33,no_answer
L000824,2026-06-05 17:49,bathroom,facebook,fb_02,ND,23.86,unsold,,,
L000825,2026-06-05 7:00,roofing,google,g_01,IL,29.82,sold,BuyerA,37.27,
L000826,2026-06-05 17:11,roofing,facebook,fb_03,NC,23.39,unsold,,,
L000827,2026-06-05 11:57,roofing,native,nt_02,NJ,16.13,sold,BuyerA,38.05,
L000828,2026-06-05 14:07,bathroom,google,g_01,TN,37.54,sold,BuyerE,39.56,
L000829,2026-06-05 16:28,bathroom,native,nt_01,PA,22.08,unsold,,,
L000830,2026-06-05 22:29,bathroom,google,g_01,TX,38.93,sold,BuyerB,43.53,
L000831,2026-06-05 12:38,windows,native,nt_02,TX,17.31,sold,BuyerA,29.51,
L000832,2026-06-05 19:48,bathroom,facebook,fb_04,CA,25.59,sold,BuyerE,41.75,
L000833,2026-06-05 11:26,bathroom,facebook,fb_02,TX,26.74,sold,BuyerE,41.11,
L000834,2026-06-05 9:58,bathroom,facebook,fb_07,CA,17.92,sold,BuyerB,43.16,
L000835,2026-06-05 17:26,windows,google,g_04,TX,33.84,sold,BuyerB,29.04,
L000836,2026-06-05 10:34,roofing,facebook,fb_03,NY,24.74,sold,BuyerD,31.06,
L000837,2026-06-05 11:40,roofing,google,g_03,TN,37.91,sold,BuyerA,38.26,
L000838,2026-06-05 16:01,roofing,facebook,fb_08,GA,19.32,returned,BuyerC,53.35,not_homeowner
L000839,2026-06-05 8:45,roofing,google,g_03,ID,32.85,unsold,,,
L000840,2026-06-05 13:06,roofing,google,g_02,MO,29.97,sold,BuyerA,32.98,
L000841,2026-06-05 14:06,bathroom,facebook,fb_03,FL,23.22,sold,BuyerB,45.21,
L000842,2026-06-05 19:08,roofing,google,g_04,VA,28.71,sold,BuyerA,38.18,
L000843,2026-06-05 8:31,roofing,native,nt_01,MT,14.97,returned,BuyerA,35.1,no_answer
L000844,2026-06-05 8:30,windows,facebook,fb_03,VA,19.22,sold,BuyerA,30.91,
L000845,2026-06-05 9:08,roofing,facebook,fb_05,MI,24.55,returned,BuyerD,31.07,bad_number
L000846,2026-06-05 14:32,bathroom,facebook,fb_07,NJ,31.22,returned,BuyerB,47.43,no_answer
L000847,2026-06-05 11:04,roofing,facebook,fb_02,ID,23.14,sold,BuyerD,35.04,
L000848,2026-06-05 14:37,bathroom,native,nt_02,TX,23.95,unsold,,,
L000849,2026-06-05 21:07,roofing,google,g_03,TX,32.56,unsold,,,
L000850,2026-06-05 11:55,roofing,facebook,fb_06,TX,22.29,sold,BuyerC,49.94,
L000851,2026-06-05 10:30,bathroom,facebook,fb_06,MO,28.19,sold,BuyerE,39.96,
L000852,2026-06-05 18:52,roofing,native,nt_02,AZ,17.53,sold,BuyerA,37.43,
L000853,2026-06-05 19:17,windows,google,g_01,OH,29.76,sold,BuyerB,30.45,
L000854,2026-06-05 13:02,roofing,facebook,fb_02,FL,25.82,returned,BuyerC,51.7,not_homeowner
L000855,2026-06-05 15:23,windows,native,nt_01,TN,20.56,sold,BuyerA,31.1,
L000856,2026-06-05 19:51,roofing,google,g_02,CA,34.5,sold,BuyerD,34.67,
L000857,2026-06-05 21:51,roofing,facebook,fb_05,CO,21.76,sold,BuyerD,31.03,
L000858,2026-06-05 12:09,windows,facebook,fb_06,GA,19.91,sold,BuyerA,32.01,
L000859,2026-06-05 15:16,bathroom,facebook,fb_05,NY,26.17,returned,BuyerE,42.72,out_of_service_area
L000860,2026-06-05 14:38,windows,facebook,fb_03,TX,19.15,sold,BuyerA,29.41,
L000861,2026-06-05 7:16,windows,google,g_04,FL,28.73,sold,BuyerA,29.99,
L000862,2026-06-05 11:19,bathroom,facebook,fb_05,NY,28.65,sold,BuyerB,46.64,
L000863,2026-06-05 13:34,bathroom,facebook,fb_01,CO,26.75,sold,BuyerB,43.45,
L000864,2026-06-05 13:25,windows,facebook,fb_02,SC,16.45,sold,BuyerA,29.15,
L000865,2026-06-05 16:48,roofing,google,g_03,TN,41.18,sold,BuyerA,34.7,
L000866,2026-06-05 17:40,bathroom,facebook,fb_07,ID,27.71,unsold,,,
L000867,2026-06-05 15:34,bathroom,google,g_03,CA,37.42,sold,BuyerB,41.66,
L000868,2026-06-05 17:59,windows,facebook,fb_08,GA,20.4,sold,BuyerA,30.96,
L000869,2026-06-05 10:39,roofing,native,nt_01,GA,18.37,sold,BuyerC,50.37,
L000870,2026-06-05 14:44,windows,google,g_04,AZ,30.27,unsold,,,
L000871,2026-06-05 20:30,windows,facebook,fb_03,TX,22.93,sold,BuyerA,31.7,
L000872,2026-06-05 12:05,roofing,google,g_04,ID,21.74,sold,BuyerD,36.86,
L000873,2026-06-05 21:08,bathroom,facebook,fb_03,OH,25.2,sold,BuyerE,36.47,
L000874,2026-06-05 15:49,roofing,google,g_03,GA,27.19,sold,BuyerA,35.14,
L000875,2026-06-05 17:58,bathroom,facebook,fb_07,FL,31.16,sold,BuyerB,44,
L000876,2026-06-05 6:43,roofing,native,nt_01,TX,20.46,unsold,,,
L000877,2026-06-05 9:43,roofing,facebook,fb_08,MT,27.83,sold,BuyerD,35.64,
L000878,2026-06-05 14:17,bathroom,facebook,fb_06,OH,24.93,sold,BuyerB,46.28,
L000879,2026-06-05 6:15,windows,facebook,fb_01,CO,19.36,sold,BuyerA,31.8,
L000880,2026-06-05 18:33,roofing,facebook,fb_03,VA,21.98,sold,BuyerA,40.07,
L000881,2026-06-05 10:10,windows,facebook,fb_06,FL,23.05,sold,BuyerA,30.42,
L000882,2026-06-05 14:47,windows,facebook,fb_02,CA,20.06,sold,BuyerA,27.38,
L000883,2026-06-05 23:10,roofing,google,g_02,IL,29.89,unsold,,,
L000884,2026-06-05 12:19,roofing,native,nt_02,NY,20.2,sold,BuyerD,36.35,
L000885,2026-06-05 10:41,windows,facebook,fb_03,CA,22.53,sold,BuyerA,30.52,
L000886,2026-06-05 20:50,windows,google,g_03,NC,27.87,sold,BuyerA,28.74,
L000887,2026-06-05 17:39,roofing,facebook,fb_01,IN,21.95,sold,BuyerA,35.84,
L000888,2026-06-05 13:43,bathroom,facebook,fb_01,CA,31.29,sold,BuyerB,44.18,
L000889,2026-06-05 12:53,roofing,facebook,fb_04,IL,23.22,sold,BuyerD,37.74,
L000890,2026-06-05 20:15,windows,facebook,fb_07,GA,18.49,unsold,,,
L000891,2026-06-05 16:28,roofing,google,g_01,IN,25.89,sold,BuyerA,32.08,
L000892,2026-06-05 13:18,roofing,facebook,fb_07,TN,24.08,returned,BuyerD,33.02,no_answer
L000893,2026-06-05 11:16,roofing,facebook,fb_05,SC,24.43,sold,BuyerA,40.19,
L000894,2026-06-05 7:29,bathroom,facebook,fb_06,NC,28.3,sold,BuyerE,41.91,
L000895,2026-06-05 18:16,roofing,google,g_03,GA,35.99,sold,BuyerA,33.47,
L000896,2026-06-05 11:06,roofing,native,nt_01,VA,18.52,sold,BuyerA,35.6,
L000897,2026-06-05 15:27,bathroom,facebook,fb_05,PA,27.94,sold,BuyerE,39.92,
L000898,2026-06-05 14:10,bathroom,facebook,fb_07,PA,26.42,sold,BuyerE,41.01,
L000899,2026-06-05 14:45,roofing,facebook,fb_04,VA,17.66,sold,BuyerA,34.48,
L000900,2026-06-05 8:26,roofing,google,g_03,CA,36.12,sold,BuyerD,31.13,
L000901,2026-06-05 15:08,windows,native,nt_01,CA,14.07,sold,BuyerA,31.31,
L000902,2026-06-05 13:15,bathroom,facebook,fb_03,OH,30.64,sold,BuyerE,41.93,
L000903,2026-06-05 6:26,roofing,facebook,fb_03,CA,22.7,sold,BuyerA,36.32,
L000904,2026-06-05 12:21,roofing,facebook,fb_04,CO,22.41,sold,BuyerD,31.67,
L000905,2026-06-05 18:20,roofing,facebook,fb_02,AZ,21.1,returned,BuyerD,31.81,no_answer
L000906,2026-06-05 23:16,bathroom,facebook,fb_02,OH,27.45,sold,BuyerB,41.73,
L000907,2026-06-05 16:35,roofing,facebook,fb_03,AZ,20.95,unsold,,,
L000908,2026-06-05 15:47,windows,facebook,fb_03,CA,17.39,sold,BuyerA,31.74,
L000909,2026-06-05 12:11,roofing,facebook,fb_03,PA,28.16,sold,BuyerD,33.58,
L000910,2026-06-05 12:07,roofing,facebook,fb_07,NC,21.21,returned,BuyerD,29.94,bad_number
L000911,2026-06-05 21:11,windows,facebook,fb_03,PA,17.8,sold,BuyerA,26.6,
L000912,2026-06-05 10:35,roofing,google,g_04,CO,23.79,sold,BuyerA,35.32,
L000913,2026-06-05 10:04,windows,facebook,fb_08,OH,15.89,sold,BuyerA,29.94,
L000914,2026-06-05 16:34,roofing,google,g_04,NC,31.75,sold,BuyerA,38.35,
L000915,2026-06-05 12:56,windows,facebook,fb_02,PA,19.51,sold,BuyerA,30.88,
L000916,2026-06-05 22:26,windows,facebook,fb_07,TX,20.05,sold,BuyerA,29.01,
L000917,2026-06-05 8:10,roofing,facebook,fb_07,VA,21.42,sold,BuyerA,34.44,
L000918,2026-06-05 9:43,bathroom,facebook,fb_08,CA,28.48,unsold,,,
L000919,2026-06-05 9:19,windows,facebook,fb_08,MO,21.11,sold,BuyerB,29.78,
L000920,2026-06-05 13:32,bathroom,facebook,fb_02,IL,18.23,sold,BuyerE,42.63,
L000921,2026-06-05 16:49,windows,facebook,fb_05,AZ,20.22,sold,BuyerB,32.28,
L000922,2026-06-05 13:52,roofing,google,g_04,CA,22.29,sold,BuyerA,37.21,
L000923,2026-06-05 17:45,roofing,facebook,fb_03,PA,22.22,sold,BuyerA,35.21,
L000924,2026-06-05 18:34,roofing,facebook,fb_01,TX,23.31,sold,BuyerD,35.47,
L000925,2026-06-05 23:03,bathroom,facebook,fb_05,MI,23.37,sold,BuyerE,37.74,
L000926,2026-06-05 17:02,roofing,native,nt_01,SC,16.4,sold,BuyerA,36.99,
L000927,2026-06-05 18:05,roofing,facebook,fb_01,PA,23.59,sold,BuyerA,37.67,
L000928,2026-06-05 11:00,bathroom,facebook,fb_08,WY,25.25,sold,BuyerE,40.08,
L000929,2026-06-05 23:21,roofing,facebook,fb_02,CA,26.2,sold,BuyerA,37.1,
L000930,2026-06-05 19:22,roofing,facebook,fb_05,TX,19.42,sold,BuyerD,33.12,
L000931,2026-06-05 14:54,roofing,google,g_01,NY,29.61,sold,BuyerA,36.75,
L000932,2026-06-05 10:38,roofing,google,g_01,OH,30.9,returned,BuyerD,36.43,duplicate
L000933,2026-06-05 12:32,windows,facebook,fb_06,IL,19.75,sold,BuyerB,31.17,
L000934,2026-06-05 13:12,roofing,facebook,fb_04,AZ,21.17,sold,BuyerA,37.33,
L000935,2026-06-06 12:25,bathroom,native,nt_02,NJ,21.28,sold,BuyerE,36.73,
L000936,2026-06-06 13:55,roofing,google,g_01,OH,38.34,sold,BuyerA,35.48,
L000937,2026-06-06 9:26,roofing,facebook,fb_03,TX,20.82,sold,BuyerC,52.36,
L000938,2026-06-06 14:01,roofing,facebook,fb_06,NY,18.36,sold,BuyerA,35.57,
L000939,2026-06-06 18:41,roofing,facebook,fb_01,NC,20.42,returned,BuyerD,32.32,out_of_service_area
L000940,2026-06-06 6:13,roofing,facebook,fb_03,AZ,22.56,returned,BuyerD,33.85,no_answer
L000941,2026-06-06 10:55,windows,facebook,fb_03,OH,23.94,sold,BuyerA,31.58,
L000942,2026-06-06 16:52,roofing,facebook,fb_03,PA,19.73,sold,BuyerA,37.82,
L000943,2026-06-06 19:35,roofing,facebook,fb_03,MI,20.29,sold,BuyerA,37.35,
L000944,2026-06-06 19:06,bathroom,google,g_02,VA,33.2,sold,BuyerB,42.99,
L000945,2026-06-06 9:10,bathroom,native,nt_01,CA,20.47,sold,BuyerE,41.1,
L000946,2026-06-06 16:33,windows,native,nt_01,AZ,15.51,unsold,,,
L000947,2026-06-06 11:44,windows,facebook,fb_08,TX,18.67,sold,BuyerF,29.17,
L000948,2026-06-06 10:17,bathroom,facebook,fb_07,CA,23.35,sold,BuyerB,42.46,
L000949,2026-06-06 12:26,roofing,facebook,fb_07,OH,20.66,returned,BuyerA,38.69,changed_mind
L000950,2026-06-06 14:41,roofing,facebook,fb_01,GA,22.67,returned,BuyerA,36.75,no_answer
L000951,2026-06-06 6:46,windows,google,g_03,TX,27.36,sold,BuyerA,28.09,
L000952,2026-06-06 12:47,windows,native,nt_01,SC,13.75,unsold,,,
L000953,2026-06-06 16:33,roofing,native,nt_01,AZ,19.54,sold,BuyerA,41.3,
L000954,2026-06-06 14:48,roofing,facebook,fb_06,IN,22.4,unsold,,,
L000955,2026-06-06 9:21,bathroom,facebook,fb_01,IL,26.03,sold,BuyerE,43.51,
L000956,2026-06-06 12:14,windows,facebook,fb_05,FL,17.74,sold,BuyerB,30.97,
L000957,2026-06-06 15:13,roofing,facebook,fb_07,OH,18.02,sold,BuyerD,32.39,
L000958,2026-06-06 12:35,bathroom,facebook,fb_07,GA,29.4,returned,BuyerB,42.85,bad_number
L000959,2026-06-06 11:59,roofing,native,nt_01,GA,19.89,sold,BuyerD,32.13,
L000960,2026-06-06 19:05,windows,google,g_04,NC,21.47,sold,BuyerA,30.17,
L000961,2026-06-06 13:25,bathroom,facebook,fb_05,NJ,27.71,sold,BuyerB,44.9,
L000962,2026-06-06 10:22,roofing,facebook,fb_03,OH,18.69,sold,BuyerD,31.43,
L000963,2026-06-06 12:13,roofing,facebook,fb_03,FL,19.7,sold,BuyerC,51.27,
L000964,2026-06-06 6:15,windows,facebook,fb_03,MO,24.21,returned,BuyerA,31.03,changed_mind
L000965,2026-06-06 13:05,windows,facebook,fb_06,SC,17.7,sold,BuyerA,30.37,
L000966,2026-06-06 9:26,bathroom,facebook,fb_01,CO,24.29,returned,BuyerE,44.38,bad_number
L000967,2026-06-06 15:47,bathroom,facebook,fb_02,OH,22.7,sold,BuyerE,39.53,
L000968,2026-06-06 7:18,bathroom,facebook,fb_07,PA,23.44,sold,BuyerB,43.07,
L000969,2026-06-06 19:51,roofing,facebook,fb_02,IL,23.28,sold,BuyerD,31.81,
L000970,2026-06-06 12:37,bathroom,facebook,fb_02,FL,26.04,sold,BuyerE,42.61,
L000971,2026-06-06 13:20,roofing,native,nt_01,PA,21.63,sold,BuyerD,31.22,
L000972,2026-06-06 18:47,roofing,facebook,fb_02,IL,17.75,sold,BuyerA,34.17,
L000973,2026-06-06 8:18,roofing,facebook,fb_08,NC,21.92,sold,BuyerD,31.03,
L000974,2026-06-06 18:07,roofing,native,nt_02,SC,20.06,unsold,,,
L000975,2026-06-06 9:30,bathroom,google,g_01,AZ,35.78,sold,BuyerB,47.86,
L000976,2026-06-06 15:10,bathroom,native,nt_02,PA,19.5,sold,BuyerB,43.12,
L000977,2026-06-06 11:26,windows,google,g_04,VA,32.34,sold,BuyerA,27.61,
L000978,2026-06-06 17:38,windows,facebook,fb_03,GA,14.22,sold,BuyerA,32.05,
L000979,2026-06-06 11:19,roofing,google,g_03,OH,29.95,sold,BuyerD,32.62,
L000980,2026-06-06 11:26,windows,facebook,fb_06,PA,19.1,returned,BuyerB,30.46,duplicate
L000981,2026-06-06 21:12,windows,facebook,fb_01,AZ,16.46,sold,BuyerA,28.99,
L000982,2026-06-06 16:50,roofing,facebook,fb_06,OH,26.31,unsold,,,
L000983,2026-06-06 9:03,windows,facebook,fb_07,FL,22.14,sold,BuyerA,26.71,
L000984,2026-06-06 7:16,roofing,facebook,fb_08,TX,25.57,sold,BuyerC,53.28,
L000985,2026-06-06 17:03,windows,facebook,fb_04,ID,15.15,sold,BuyerA,31.02,
L000986,2026-06-06 15:42,roofing,google,g_04,TX,25.6,sold,BuyerC,55.79,
L000987,2026-06-06 18:11,roofing,facebook,fb_02,NC,21.39,sold,BuyerD,34.62,
L000988,2026-06-06 12:13,windows,facebook,fb_02,PA,19.58,sold,BuyerA,32.37,
L000989,2026-06-06 6:56,roofing,facebook,fb_07,GA,29.06,sold,BuyerC,49.04,
L000990,2026-06-06 22:36,bathroom,native,nt_02,SC,21.3,sold,BuyerE,37.71,
L000991,2026-06-06 13:57,bathroom,facebook,fb_06,PA,24.02,returned,BuyerE,40.4,bad_number
L000992,2026-06-06 23:18,bathroom,google,g_02,AZ,47.41,sold,BuyerB,46.7,
L000993,2026-06-06 6:58,windows,facebook,fb_05,TX,19.58,unsold,,,
L000994,2026-06-06 11:02,bathroom,facebook,fb_05,IN,28.74,sold,BuyerE,40.41,
L000995,2026-06-06 14:38,roofing,google,g_01,CA,35.05,sold,BuyerD,34.09,
L000996,2026-06-06 13:51,bathroom,google,g_03,IL,32.8,sold,BuyerB,42.97,
L000997,2026-06-06 21:48,roofing,facebook,fb_08,MT,23.34,sold,BuyerA,35.14,
L000998,2026-06-06 6:49,bathroom,facebook,fb_05,GA,29.57,sold,BuyerE,40.08,
L000999,2026-06-06 13:11,windows,native,nt_01,GA,19.31,returned,BuyerB,28.64,no_answer
L001000,2026-06-06 19:51,roofing,facebook,fb_08,VA,18.72,returned,BuyerD,33.65,bad_number
L001001,2026-06-06 22:18,roofing,facebook,fb_04,NC,20.92,sold,BuyerA,35.08,
L001002,2026-06-06 10:47,roofing,facebook,fb_01,NJ,23.32,sold,BuyerD,30.67,
L001003,2026-06-06 14:13,bathroom,google,g_02,TX,36.51,sold,BuyerB,41.69,
L001004,2026-06-06 10:37,roofing,native,nt_01,GA,19.79,sold,BuyerC,52.62,
L001005,2026-06-06 18:47,roofing,facebook,fb_01,ND,20.59,sold,BuyerA,34.71,
L001006,2026-06-06 10:23,windows,facebook,fb_03,AZ,13.48,sold,BuyerA,28.56,
L001007,2026-06-06 10:20,roofing,google,g_03,TX,33.34,sold,BuyerC,53.68,
L001008,2026-06-06 6:31,roofing,google,g_04,MI,31.52,sold,BuyerA,41.16,
L001009,2026-06-06 9:23,bathroom,facebook,fb_01,VA,27.46,sold,BuyerB,46.55,
L001010,2026-06-06 10:42,windows,facebook,fb_05,GA,21.64,sold,BuyerF,28.24,
L001011,2026-06-06 14:50,bathroom,google,g_03,AZ,29.05,sold,BuyerE,38.97,
L001012,2026-06-06 15:58,windows,facebook,fb_04,CA,14.75,sold,BuyerA,30.92,
L001013,2026-06-06 10:57,windows,facebook,fb_06,NY,17.84,returned,BuyerA,29.15,not_homeowner
L001014,2026-06-06 19:32,roofing,native,nt_02,IN,22.31,sold,BuyerD,36.9,
L001015,2026-06-06 12:12,roofing,facebook,fb_01,GA,20.42,sold,BuyerC,51.74,
L001016,2026-06-06 18:46,bathroom,google,g_02,TX,34.02,sold,BuyerB,46.64,
L001017,2026-06-06 16:57,roofing,facebook,fb_03,TX,28.71,returned,BuyerC,52.3,duplicate
L001018,2026-06-06 9:27,windows,facebook,fb_01,VA,19.3,sold,BuyerA,29.71,
L001019,2026-06-06 19:27,roofing,facebook,fb_07,WY,27.04,sold,BuyerD,31.1,
L001020,2026-06-06 16:48,roofing,facebook,fb_07,MI,23.49,sold,BuyerA,32.66,
L001021,2026-06-06 20:58,bathroom,facebook,fb_01,TX,28.88,sold,BuyerE,39.83,
L001022,2026-06-06 6:05,windows,facebook,fb_04,FL,21.68,sold,BuyerA,29.9,
L001023,2026-06-06 12:30,roofing,google,g_01,TX,29.98,sold,BuyerC,51.52,
L001024,2026-06-06 13:47,roofing,google,g_04,TX,27.12,sold,BuyerC,51.07,
L001025,2026-06-06 17:48,roofing,facebook,fb_07,SC,24.01,returned,BuyerA,34.37,no_answer
L001026,2026-06-06 9:47,roofing,facebook,fb_07,TN,23.67,sold,BuyerD,35.26,
L001027,2026-06-06 9:18,roofing,facebook,fb_02,NC,22.8,sold,BuyerA,35.62,
L001028,2026-06-06 14:43,roofing,google,g_02,OH,27.6,sold,BuyerD,36.18,
L001029,2026-06-06 10:05,roofing,google,g_04,GA,33.28,sold,BuyerA,37.33,
L001030,2026-06-06 13:42,bathroom,facebook,fb_06,NC,28.3,sold,BuyerB,42.99,
L001031,2026-06-06 21:33,roofing,facebook,fb_06,TX,22.52,sold,BuyerC,54.72,
L001032,2026-06-06 17:31,windows,google,g_02,PA,20.86,sold,BuyerA,29.64,
L001033,2026-06-06 12:45,roofing,native,nt_02,NJ,17.79,sold,BuyerA,36.54,
L001034,2026-06-06 14:20,bathroom,google,g_01,IL,47.63,sold,BuyerE,40.23,
L001035,2026-06-06 15:42,bathroom,google,g_02,CA,25.69,sold,BuyerE,38.53,
L001036,2026-06-06 12:47,bathroom,native,nt_01,FL,23.35,sold,BuyerB,46.92,
L001037,2026-06-06 13:15,roofing,facebook,fb_07,TX,25.51,sold,BuyerC,52.55,
L001038,2026-06-06 15:55,windows,google,g_04,MI,27.57,sold,BuyerA,30.27,
L001039,2026-06-06 7:23,windows,facebook,fb_06,NY,15.14,sold,BuyerA,27.79,
L001040,2026-06-06 6:51,bathroom,native,nt_02,NY,20.98,unsold,,,
L001041,2026-06-06 16:10,roofing,google,g_02,TN,34.29,sold,BuyerD,33.93,
L001042,2026-06-06 15:36,roofing,native,nt_01,NC,21,unsold,,,
L001043,2026-06-06 6:49,windows,facebook,fb_05,GA,18.62,sold,BuyerA,33.76,
L001044,2026-06-06 10:46,windows,facebook,fb_04,FL,18.14,sold,BuyerA,30.44,
L001045,2026-06-06 19:16,roofing,native,nt_02,FL,18.45,sold,BuyerA,35.58,
L001046,2026-06-06 13:14,windows,facebook,fb_04,NJ,21.52,sold,BuyerA,32.59,
L001047,2026-06-06 21:42,windows,native,nt_01,NC,13.04,sold,BuyerA,30.06,
L001048,2026-06-06 17:38,bathroom,facebook,fb_06,PA,30.39,sold,BuyerE,39.25,
L001049,2026-06-06 17:55,windows,facebook,fb_07,ID,17.19,returned,BuyerA,31.38,not_homeowner
L001050,2026-06-06 16:42,windows,facebook,fb_04,GA,21.12,sold,BuyerA,31.77,
L001051,2026-06-06 10:49,windows,facebook,fb_03,IL,19.94,sold,BuyerA,29.45,
L001052,2026-06-06 17:10,bathroom,google,g_03,TX,32.92,sold,BuyerB,45.6,
L001053,2026-06-06 15:16,windows,facebook,fb_05,SC,21.32,unsold,,,
L001054,2026-06-06 12:31,roofing,native,nt_01,CA,21.25,sold,BuyerA,36.69,
L001055,2026-06-06 12:39,roofing,facebook,fb_06,FL,24.23,sold,BuyerC,51.65,
L001056,2026-06-06 18:36,roofing,facebook,fb_04,TN,26.72,sold,BuyerA,40.19,
L001057,2026-06-06 11:40,roofing,google,g_03,FL,40.83,sold,BuyerC,52.74,
L001058,2026-06-06 14:25,bathroom,facebook,fb_06,MI,22.85,sold,BuyerB,45.03,
L001059,2026-06-06 9:28,windows,facebook,fb_03,CA,21.57,sold,BuyerA,32.23,
L001060,2026-06-06 22:31,roofing,native,nt_01,IL,16.92,sold,BuyerD,37.43,
L001061,2026-06-06 11:38,roofing,facebook,fb_03,CA,22.64,returned,BuyerA,35.75,no_answer
L001062,2026-06-06 7:18,windows,google,g_02,CO,33.11,sold,BuyerA,30.32,
L001063,2026-06-06 23:50,roofing,facebook,fb_08,SC,23.22,returned,BuyerA,35.62,no_answer
L001064,2026-06-06 14:03,bathroom,facebook,fb_05,CA,27.86,sold,BuyerB,44.79,
L001065,2026-06-06 14:25,windows,native,nt_02,PA,15.02,sold,BuyerA,27.66,
L001066,2026-06-06 10:12,roofing,google,g_01,CA,28.56,sold,BuyerA,35.83,
L001067,2026-06-06 10:11,bathroom,facebook,fb_07,CA,29.94,sold,BuyerE,37.33,
L001068,2026-06-06 12:15,windows,facebook,fb_01,OH,21.41,sold,BuyerA,29.8,
L001069,2026-06-06 16:35,roofing,facebook,fb_02,GA,21.64,sold,BuyerD,35.31,
L001070,2026-06-06 12:49,windows,facebook,fb_08,MO,26.54,sold,BuyerA,28.16,
L001071,2026-06-06 14:41,windows,facebook,fb_05,NJ,22.18,unsold,,,
L001072,2026-06-06 8:56,windows,google,g_04,TX,31.74,sold,BuyerA,30.75,
L001073,2026-06-06 19:08,roofing,google,g_03,TN,38.57,sold,BuyerA,38.33,
L001074,2026-06-06 13:54,roofing,google,g_01,OH,31.58,sold,BuyerD,31.57,
L001075,2026-06-06 14:07,windows,google,g_01,MI,22.44,sold,BuyerA,28.42,
L001076,2026-06-06 11:10,bathroom,facebook,fb_03,CO,25.01,sold,BuyerB,43.6,
L001077,2026-06-06 12:49,windows,facebook,fb_01,CO,20.71,unsold,,,
L001078,2026-06-06 13:59,roofing,facebook,fb_02,CA,24.39,sold,BuyerA,35.01,
L001079,2026-06-06 16:42,windows,google,g_01,GA,24.61,returned,BuyerA,31.36,no_answer
L001080,2026-06-07 13:03,bathroom,native,nt_01,GA,20.8,unsold,,,
L001081,2026-06-07 13:57,bathroom,facebook,fb_06,NY,25.52,sold,BuyerE,39.28,
L001082,2026-06-07 11:58,roofing,facebook,fb_06,CO,23.13,returned,BuyerD,34.41,no_answer
L001083,2026-06-07 13:35,roofing,google,g_03,MO,37.02,sold,BuyerA,33.82,
L001084,2026-06-07 11:51,windows,native,nt_01,TX,17.23,sold,BuyerA,29.26,
L001085,2026-06-07 12:44,roofing,facebook,fb_01,TX,21.15,sold,BuyerC,52.05,
L001086,2026-06-07 16:02,windows,facebook,fb_05,GA,18.72,sold,BuyerA,29.51,
L001087,2026-06-07 21:09,bathroom,native,nt_01,OH,18.44,sold,BuyerE,41.81,
L001088,2026-06-07 16:22,roofing,google,g_04,MI,26.89,sold,BuyerD,33.92,
L001089,2026-06-07 12:34,windows,native,nt_01,TX,18.8,sold,BuyerA,29.25,
L001090,2026-06-07 17:58,roofing,facebook,fb_02,OH,20.79,sold,BuyerD,35.98,
L001091,2026-06-07 13:18,bathroom,google,g_04,NY,36.65,sold,BuyerE,43.64,
L001092,2026-06-07 9:45,bathroom,native,nt_02,GA,21.92,sold,BuyerE,38.52,
L001093,2026-06-07 12:31,roofing,facebook,fb_05,TN,23.18,sold,BuyerA,37.2,
L001094,2026-06-07 17:18,bathroom,facebook,fb_08,IN,29.58,sold,BuyerE,41.36,
L001095,2026-06-07 15:21,roofing,facebook,fb_01,TX,25.68,sold,BuyerC,51.59,
L001096,2026-06-07 11:44,roofing,facebook,fb_01,AZ,24.03,sold,BuyerD,34.1,
L001097,2026-06-07 18:59,roofing,facebook,fb_02,VA,19.95,sold,BuyerA,37.55,
L001098,2026-06-07 14:20,roofing,google,g_01,NC,27.19,sold,BuyerA,36.68,
L001099,2026-06-07 16:49,windows,facebook,fb_02,CA,19.21,returned,BuyerA,30.13,no_answer
L001100,2026-06-07 6:19,roofing,google,g_01,VA,33.67,returned,BuyerD,35.25,no_answer
L001101,2026-06-07 8:26,windows,facebook,fb_08,MI,20.08,sold,BuyerA,30.25,
L001102,2026-06-07 19:23,windows,facebook,fb_03,TX,23.95,sold,BuyerA,31.48,
L001103,2026-06-07 11:00,roofing,native,nt_02,IL,22.26,returned,BuyerA,35.94,bad_number
L001104,2026-06-07 14:56,bathroom,facebook,fb_08,AZ,31.43,sold,BuyerE,38,
L001105,2026-06-07 14:20,roofing,facebook,fb_03,OH,28.87,sold,BuyerA,36.96,
L001106,2026-06-07 14:01,bathroom,facebook,fb_05,NC,25.95,unsold,,,
L001107,2026-06-07 12:03,bathroom,google,g_01,PA,29.37,sold,BuyerE,42.41,
L001108,2026-06-07 13:32,roofing,native,nt_01,OH,16.11,sold,BuyerA,36.29,
L001109,2026-06-07 6:39,roofing,facebook,fb_05,FL,25.4,unsold,,,
L001110,2026-06-07 15:20,roofing,facebook,fb_03,PA,18.26,sold,BuyerD,33.93,
L001111,2026-06-07 13:22,roofing,google,g_04,NC,31.19,returned,BuyerD,37.83,out_of_service_area
L001112,2026-06-07 6:59,roofing,facebook,fb_05,TN,19.86,sold,BuyerA,35.58,
L001113,2026-06-07 14:38,roofing,facebook,fb_02,GA,25.89,sold,BuyerC,49.53,
L001114,2026-06-07 20:36,roofing,facebook,fb_07,NC,25.76,sold,BuyerA,34.26,
L001115,2026-06-07 23:26,bathroom,facebook,fb_03,AZ,24.4,sold,BuyerB,46.29,
L001116,2026-06-07 7:16,roofing,facebook,fb_04,MT,26.27,returned,BuyerD,32.33,bad_number
L001117,2026-06-07 16:39,bathroom,facebook,fb_07,TX,27.25,sold,BuyerB,44.12,
L001118,2026-06-07 12:26,windows,facebook,fb_02,NC,19.58,returned,BuyerA,29.44,not_homeowner
L001119,2026-06-07 21:50,roofing,facebook,fb_03,WY,23.16,sold,BuyerD,36.29,
L001120,2026-06-07 13:34,roofing,facebook,fb_03,AZ,26.37,sold,BuyerA,35.02,
L001121,2026-06-07 15:41,bathroom,facebook,fb_01,TX,25.64,sold,BuyerE,36.66,
L001122,2026-06-07 15:32,roofing,facebook,fb_06,GA,21.01,sold,BuyerC,51.84,
L001123,2026-06-07 13:38,roofing,facebook,fb_03,NC,23.4,returned,BuyerA,37,duplicate
L001124,2026-06-07 6:25,windows,facebook,fb_05,MI,17.38,returned,BuyerA,32.59,no_answer
L001125,2026-06-07 22:16,roofing,native,nt_01,IL,18.23,sold,BuyerD,33.91,
L001126,2026-06-07 21:24,roofing,google,g_03,GA,41.92,sold,BuyerC,51.69,
L001127,2026-06-07 13:49,bathroom,facebook,fb_02,FL,27.26,unsold,,,
L001128,2026-06-07 18:19,roofing,facebook,fb_07,MI,22.33,sold,BuyerA,37.77,
L001129,2026-06-07 11:58,roofing,google,g_02,TX,33.48,returned,BuyerC,50.73,no_answer
L001130,2026-06-07 11:22,bathroom,facebook,fb_05,TX,29.24,sold,BuyerB,46.54,
L001131,2026-06-07 16:34,windows,google,g_02,AZ,30.38,sold,BuyerB,29.83,
L001132,2026-06-07 17:34,windows,google,g_03,TX,32.89,sold,BuyerA,32.56,
L001133,2026-06-07 13:21,bathroom,facebook,fb_01,MO,28.62,returned,BuyerE,39.67,bad_number
L001134,2026-06-07 6:59,windows,facebook,fb_07,SC,22.34,returned,BuyerA,29.66,not_homeowner
L001135,2026-06-07 12:39,roofing,native,nt_01,GA,20.15,sold,BuyerC,52.37,
L001136,2026-06-07 18:27,roofing,facebook,fb_07,NJ,25.23,sold,BuyerA,33.72,
L001137,2026-06-07 12:31,roofing,facebook,fb_08,GA,27.73,returned,BuyerC,51.92,bad_number
L001138,2026-06-07 13:28,windows,native,nt_01,TX,15.59,sold,BuyerA,29.08,
L001139,2026-06-07 7:55,bathroom,facebook,fb_06,CA,24.13,sold,BuyerE,39.22,
L001140,2026-06-07 11:39,roofing,facebook,fb_03,FL,26.67,sold,BuyerD,35.37,
L001141,2026-06-07 15:10,roofing,facebook,fb_07,NJ,20.39,sold,BuyerA,29.01,
L001142,2026-06-07 14:45,roofing,facebook,fb_01,TN,23.1,sold,BuyerD,31.52,
L001143,2026-06-07 11:51,bathroom,native,nt_01,SC,15.58,unsold,,,
L001144,2026-06-07 8:10,roofing,facebook,fb_04,ND,19.45,sold,BuyerD,33.7,
L001145,2026-06-07 9:53,bathroom,facebook,fb_02,VA,29.98,sold,BuyerB,43.18,
L001146,2026-06-07 18:12,roofing,native,nt_01,GA,15.71,sold,BuyerC,53.43,
L001147,2026-06-07 10:40,bathroom,facebook,fb_08,IN,23.83,returned,BuyerB,44.72,duplicate
L001148,2026-06-07 10:40,windows,native,nt_02,VA,17.17,sold,BuyerA,31.64,
L001149,2026-06-07 15:15,roofing,facebook,fb_04,GA,25.13,sold,BuyerC,52.94,
L001150,2026-06-07 12:30,roofing,google,g_02,GA,36.38,sold,BuyerC,52.47,
L001151,2026-06-07 10:24,roofing,google,g_01,CA,31.82,returned,BuyerA,36.65,out_of_service_area
L001152,2026-06-07 16:32,roofing,facebook,fb_08,OH,21.46,sold,BuyerA,33.52,
L001153,2026-06-07 15:26,windows,facebook,fb_01,OH,16.04,sold,BuyerF,28.21,
L001154,2026-06-07 10:29,roofing,facebook,fb_03,FL,21.9,sold,BuyerC,52.63,
L001155,2026-06-07 23:50,bathroom,native,nt_02,IL,21.4,returned,BuyerB,41.36,no_answer
L001156,2026-06-07 14:59,windows,google,g_01,MI,26.44,sold,BuyerA,33.06,
L001157,2026-06-07 18:28,bathroom,facebook,fb_01,PA,27.65,returned,BuyerE,40.36,no_answer
L001158,2026-06-07 18:27,windows,google,g_02,SC,20.87,sold,BuyerA,29.81,
L001159,2026-06-07 16:19,roofing,facebook,fb_01,IN,21.71,sold,BuyerD,34.48,
L001160,2026-06-07 19:00,roofing,facebook,fb_03,CA,19.23,sold,BuyerA,34.92,
L001161,2026-06-07 9:07,roofing,facebook,fb_08,TX,18.82,returned,BuyerC,53.13,no_answer
L001162,2026-06-07 13:56,bathroom,google,g_01,TN,37.02,returned,BuyerB,44.84,bad_number
L001163,2026-06-07 17:44,bathroom,facebook,fb_03,GA,27.87,sold,BuyerE,41.15,
L001164,2026-06-07 21:43,windows,facebook,fb_01,NC,20.32,sold,BuyerA,29.16,
L001165,2026-06-07 15:38,roofing,facebook,fb_06,FL,22.32,unsold,,,
L001166,2026-06-07 18:09,roofing,facebook,fb_07,PA,22.2,sold,BuyerD,33.71,
L001167,2026-06-07 14:10,windows,google,g_02,OH,24.18,sold,BuyerA,29.71,
L001168,2026-06-07 12:24,roofing,native,nt_02,FL,18.7,sold,BuyerC,48.99,
L001169,2026-06-07 14:09,roofing,facebook,fb_02,VA,20.55,sold,BuyerA,36.92,
L001170,2026-06-07 20:41,bathroom,facebook,fb_06,GA,30.13,sold,BuyerE,41.42,
L001171,2026-06-07 15:27,roofing,google,g_04,CO,29.8,returned,BuyerD,34.19,bad_number
L001172,2026-06-07 13:57,bathroom,facebook,fb_06,ID,24.2,sold,BuyerB,43.23,
L001173,2026-06-07 14:29,bathroom,google,g_02,MT,39.96,unsold,,,
L001174,2026-06-07 14:11,roofing,native,nt_02,OH,18.07,sold,BuyerD,36.13,
L001175,2026-06-07 12:34,bathroom,facebook,fb_02,CO,27.13,sold,BuyerB,44.34,
L001176,2026-06-07 13:31,windows,google,g_04,FL,24.17,sold,BuyerA,29.43,
L001177,2026-06-07 11:31,roofing,facebook,fb_07,TN,18.93,sold,BuyerA,36.82,
L001178,2026-06-07 12:24,roofing,facebook,fb_02,FL,21.26,sold,BuyerC,52.57,
L001179,2026-06-07 14:58,bathroom,facebook,fb_03,OH,25.56,sold,BuyerB,42.24,
L001180,2026-06-07 20:41,windows,facebook,fb_06,FL,21.27,sold,BuyerA,29.51,
L001181,2026-06-07 6:55,windows,google,g_01,SC,29.95,sold,BuyerA,31.47,
L001182,2026-06-07 9:54,windows,facebook,fb_03,FL,21.62,sold,BuyerA,30.32,
L001183,2026-06-07 18:01,roofing,facebook,fb_02,TN,22.01,sold,BuyerD,31.37,
L001184,2026-06-07 20:19,windows,facebook,fb_05,TX,16.79,sold,BuyerA,32.94,
L001185,2026-06-07 18:07,bathroom,facebook,fb_02,TN,29.66,sold,BuyerB,43.4,
L001186,2026-06-07 16:52,roofing,google,g_04,SC,32.02,sold,BuyerA,33.68,
L001187,2026-06-07 14:12,roofing,facebook,fb_08,CA,27.36,sold,BuyerD,34.67,
L001188,2026-06-07 15:33,roofing,google,g_02,IL,29.26,sold,BuyerD,34.2,
L001189,2026-06-07 21:22,roofing,facebook,fb_06,AZ,24.75,sold,BuyerA,34.01,
L001190,2026-06-07 18:35,roofing,facebook,fb_01,TX,23.64,sold,BuyerA,36.49,
L001191,2026-06-07 15:00,bathroom,facebook,fb_07,GA,26.76,sold,BuyerB,46.76,
L001192,2026-06-07 7:57,bathroom,google,g_02,OH,36.36,returned,BuyerE,36.58,no_answer
L001193,2026-06-07 14:16,roofing,facebook,fb_02,TX,27.68,sold,BuyerD,32.51,
L001194,2026-06-07 11:15,windows,google,g_02,VA,26.8,sold,BuyerB,28.92,
L001195,2026-06-07 6:57,roofing,google,g_02,VA,34.01,sold,BuyerD,28.25,
L001196,2026-06-07 12:47,windows,facebook,fb_05,GA,20.2,sold,BuyerB,30.45,
L001197,2026-06-07 6:06,windows,facebook,fb_04,FL,21.77,sold,BuyerA,32.86,
L001198,2026-06-07 16:27,roofing,facebook,fb_02,CA,25.08,returned,BuyerA,36.66,no_answer
L001199,2026-06-07 14:50,windows,facebook,fb_04,NY,22.54,sold,BuyerA,28.19,
L001200,2026-06-07 14:25,bathroom,facebook,fb_08,OH,23.7,sold,BuyerE,34.88,
L001201,2026-06-07 15:04,bathroom,facebook,fb_04,TX,24.84,sold,BuyerB,44.4,
L001202,2026-06-07 6:32,roofing,facebook,fb_03,NJ,23.21,sold,BuyerD,35.01,
L001203,2026-06-07 6:00,windows,google,g_03,SC,27.07,sold,BuyerB,29.95,
L001204,2026-06-07 12:41,bathroom,google,g_01,NJ,34.48,sold,BuyerE,42.84,
L001205,2026-06-07 10:28,bathroom,google,g_03,CO,30.71,sold,BuyerE,39.82,
L001206,2026-06-07 17:30,roofing,facebook,fb_01,TX,24.53,sold,BuyerD,32.01,
L001207,2026-06-07 12:37,windows,facebook,fb_01,AZ,20.13,sold,BuyerA,29.88,
L001208,2026-06-07 12:56,bathroom,facebook,fb_05,VA,24.38,sold,BuyerB,44.88,
L001209,2026-06-07 11:00,roofing,facebook,fb_01,CA,25.28,sold,BuyerA,34.36,
L001210,2026-06-07 12:10,windows,facebook,fb_07,TX,19.56,unsold,,,
L001211,2026-06-07 17:52,roofing,facebook,fb_01,TX,22.45,returned,BuyerD,31.79,no_answer
L001212,2026-06-07 20:05,bathroom,facebook,fb_05,NC,30.36,sold,BuyerE,40.55,
L001213,2026-06-07 13:18,roofing,facebook,fb_01,GA,23.86,sold,BuyerA,37.68,
L001214,2026-06-07 12:40,windows,facebook,fb_06,NY,21.1,sold,BuyerA,32.83,
L001215,2026-06-07 9:44,roofing,google,g_02,FL,33.11,sold,BuyerA,35.35,
L001216,2026-06-07 14:35,bathroom,facebook,fb_04,TX,23.89,sold,BuyerE,39.1,
L001217,2026-06-07 16:14,bathroom,facebook,fb_01,NC,25.23,sold,BuyerB,42.12,
L001218,2026-06-07 16:26,windows,google,g_01,NJ,23.92,sold,BuyerA,28.63,
L001219,2026-06-07 11:39,roofing,google,g_03,GA,36.73,sold,BuyerD,35.99,
L001220,2026-06-07 10:48,windows,facebook,fb_01,SC,16.84,returned,BuyerA,31.56,changed_mind
L001221,2026-06-07 13:08,roofing,facebook,fb_02,AZ,19.74,sold,BuyerD,32.48,
L001222,2026-06-07 22:46,roofing,facebook,fb_07,TX,22.35,sold,BuyerD,33.28,
L001223,2026-06-08 15:26,roofing,facebook,fb_08,MO,29.56,sold,BuyerA,35.95,
L001224,2026-06-08 9:18,roofing,google,g_04,PA,31.61,sold,BuyerD,34.11,
L001225,2026-06-08 6:23,roofing,google,g_01,PA,29.98,sold,BuyerD,33.83,
L001226,2026-06-08 11:34,bathroom,facebook,fb_06,PA,28.01,sold,BuyerB,43.53,
L001227,2026-06-08 17:10,bathroom,facebook,fb_01,MO,28.14,sold,BuyerB,42.68,
L001228,2026-06-08 13:28,bathroom,facebook,fb_05,GA,27.15,sold,BuyerB,43.87,
L001229,2026-06-08 18:20,roofing,facebook,fb_03,IL,21.7,sold,BuyerD,33.74,
L001230,2026-06-08 19:01,windows,facebook,fb_07,FL,21.67,sold,BuyerA,29.79,
L001231,2026-06-08 16:06,windows,facebook,fb_02,MO,21.17,sold,BuyerA,29.57,
L001232,2026-06-08 15:57,windows,facebook,fb_02,PA,19.22,sold,BuyerA,30.2,
L001233,2026-06-08 18:57,roofing,facebook,fb_02,AZ,25.89,sold,BuyerD,35.03,
L001234,2026-06-08 11:18,roofing,facebook,fb_05,PA,20.44,sold,BuyerA,36.32,
L001235,2026-06-08 15:16,roofing,native,nt_02,AZ,17.18,sold,BuyerA,36.21,
L001236,2026-06-08 16:12,windows,google,g_03,TX,25.62,unsold,,,
L001237,2026-06-08 13:10,roofing,google,g_01,TX,27.53,sold,BuyerC,51.83,
L001238,2026-06-08 9:47,windows,facebook,fb_07,NC,19.5,sold,BuyerA,30.88,
L001239,2026-06-08 13:53,bathroom,facebook,fb_08,ID,30.03,sold,BuyerB,43.63,
L001240,2026-06-08 11:05,roofing,facebook,fb_04,MO,25.64,returned,BuyerD,35.01,changed_mind
L001241,2026-06-08 11:12,bathroom,facebook,fb_07,CA,24.98,sold,BuyerE,40.05,
L001242,2026-06-08 12:31,bathroom,google,g_02,PA,37.07,sold,BuyerB,43.05,
L001243,2026-06-08 12:13,bathroom,facebook,fb_06,MI,28.21,sold,BuyerB,45.41,
L001244,2026-06-08 12:40,windows,facebook,fb_01,PA,21.73,sold,BuyerA,30.89,
L001245,2026-06-08 15:49,windows,facebook,fb_02,NC,22.99,unsold,,,
L001246,2026-06-08 16:59,bathroom,facebook,fb_08,GA,32.65,sold,BuyerE,39.62,
L001247,2026-06-08 17:09,windows,facebook,fb_04,NY,20.58,sold,BuyerA,29.77,
L001248,2026-06-08 17:56,roofing,facebook,fb_04,FL,18.67,sold,BuyerC,52.58,
L001249,2026-06-08 19:03,windows,facebook,fb_02,CA,21.16,sold,BuyerA,29.91,
L001250,2026-06-08 23:21,bathroom,facebook,fb_08,WY,22.75,unsold,,,
L001251,2026-06-08 19:28,windows,google,g_04,FL,24.33,sold,BuyerA,29.96,
L001252,2026-06-08 13:59,roofing,google,g_01,FL,28.36,sold,BuyerC,50.66,
L001253,2026-06-08 23:39,roofing,facebook,fb_03,OH,21.52,sold,BuyerD,35.4,
L001254,2026-06-08 19:27,roofing,google,g_04,TN,33.57,sold,BuyerD,30.48,
L001255,2026-06-08 19:40,windows,facebook,fb_05,AZ,24.12,sold,BuyerA,32.2,
L001256,2026-06-08 9:30,bathroom,facebook,fb_04,NY,30.63,unsold,,,
L001257,2026-06-08 21:59,roofing,google,g_01,MI,27.46,sold,BuyerD,33.86,
L001258,2026-06-08 20:40,windows,google,g_03,CA,30.49,sold,BuyerB,30.11,
L001259,2026-06-08 10:12,roofing,facebook,fb_01,NC,19.81,sold,BuyerA,33.65,
L001260,2026-06-08 6:10,windows,facebook,fb_06,NJ,22.17,sold,BuyerA,31.08,
L001261,2026-06-08 6:23,roofing,native,nt_01,IL,18.68,sold,BuyerA,36.79,
L001262,2026-06-08 14:25,roofing,google,g_04,CA,30.72,sold,BuyerA,33.78,
L001263,2026-06-08 22:34,roofing,facebook,fb_05,VA,17.46,returned,BuyerD,35.1,no_answer
L001264,2026-06-08 15:06,roofing,facebook,fb_07,WY,27.14,sold,BuyerD,34.32,
L001265,2026-06-08 23:12,windows,facebook,fb_02,NJ,18.17,sold,BuyerA,29.21,
L001266,2026-06-08 11:30,roofing,native,nt_01,IL,19.13,sold,BuyerA,36.46,
L001267,2026-06-08 17:32,bathroom,native,nt_02,OH,21.35,sold,BuyerB,45.17,
L001268,2026-06-08 19:58,bathroom,facebook,fb_03,IL,23.97,unsold,,,
L001269,2026-06-08 12:56,bathroom,facebook,fb_05,FL,24.67,returned,BuyerB,43.49,changed_mind
L001270,2026-06-08 20:17,windows,facebook,fb_05,WY,21.99,sold,BuyerA,29.23,
L001271,2026-06-08 8:23,roofing,facebook,fb_01,CA,25.16,returned,BuyerA,31.27,duplicate
L001272,2026-06-08 10:04,roofing,facebook,fb_08,SC,25.51,sold,BuyerA,38.97,
L001273,2026-06-08 14:52,bathroom,facebook,fb_01,CO,27.28,sold,BuyerE,34.82,
L001274,2026-06-08 17:17,windows,facebook,fb_04,PA,18.57,sold,BuyerA,32.16,
L001275,2026-06-08 11:09,roofing,google,g_04,CA,29.51,returned,BuyerA,36.93,changed_mind
L001276,2026-06-08 16:49,windows,facebook,fb_07,NJ,19.35,unsold,,,
L001277,2026-06-08 9:38,windows,google,g_03,TN,27.53,sold,BuyerB,30.16,
L001278,2026-06-08 14:48,roofing,facebook,fb_07,FL,21.84,sold,BuyerC,51.83,
L001279,2026-06-08 12:35,windows,google,g_04,IN,22.94,sold,BuyerA,33.93,
L001280,2026-06-08 17:21,roofing,facebook,fb_01,TX,20.79,unsold,,,
L001281,2026-06-08 17:49,bathroom,google,g_03,IN,32.69,returned,BuyerB,41.55,out_of_service_area
L001282,2026-06-08 14:50,windows,native,nt_01,NJ,15.8,sold,BuyerB,29.79,
L001283,2026-06-08 6:23,bathroom,facebook,fb_01,NJ,28.51,sold,BuyerB,44.24,
L001284,2026-06-08 21:38,roofing,facebook,fb_06,OH,24.26,sold,BuyerD,33.67,
L001285,2026-06-08 12:04,roofing,facebook,fb_05,CA,24.63,sold,BuyerA,35.02,
L001286,2026-06-08 6:47,roofing,google,g_03,TX,48.22,unsold,,,
L001287,2026-06-08 20:01,windows,google,g_01,TX,26.54,sold,BuyerA,28.4,
L001288,2026-06-08 9:02,roofing,facebook,fb_04,WY,21.96,sold,BuyerA,36.36,
L001289,2026-06-08 13:43,roofing,facebook,fb_04,GA,21.99,sold,BuyerC,54.17,
L001290,2026-06-08 12:10,roofing,facebook,fb_07,TX,26.93,sold,BuyerC,55.2,
L001291,2026-06-08 17:00,roofing,native,nt_02,TX,20.47,sold,BuyerC,52.55,
L001292,2026-06-08 13:01,bathroom,facebook,fb_07,NC,26.66,sold,BuyerB,45.8,
L001293,2026-06-08 15:37,windows,native,nt_02,MI,10.39,sold,BuyerA,31.04,
L001294,2026-06-08 11:48,bathroom,google,g_04,ID,39.08,unsold,,,
L001295,2026-06-08 12:15,windows,google,g_01,TX,22.71,sold,BuyerA,32.67,
L001296,2026-06-08 12:30,roofing,google,g_01,TX,31.43,sold,BuyerC,52.2,
L001297,2026-06-08 23:23,roofing,google,g_04,GA,28.87,sold,BuyerA,35.7,
L001298,2026-06-08 16:27,roofing,google,g_02,MO,27.63,sold,BuyerA,33.77,
L001299,2026-06-08 22:04,roofing,google,g_04,NY,29.05,sold,BuyerD,33.94,
L001300,2026-06-08 15:49,roofing,facebook,fb_08,PA,31.81,sold,BuyerD,39.06,
L001301,2026-06-08 17:31,windows,facebook,fb_02,NY,14.21,sold,BuyerA,31.94,
L001302,2026-06-08 16:53,roofing,facebook,fb_04,AZ,21.32,unsold,,,
L001303,2026-06-08 11:36,windows,facebook,fb_07,MO,18.2,returned,BuyerA,30.14,not_homeowner
L001304,2026-06-08 11:41,windows,facebook,fb_04,TX,18.33,sold,BuyerA,28.5,
L001305,2026-06-08 10:17,windows,facebook,fb_07,NC,21.57,unsold,,,
L001306,2026-06-08 9:45,windows,google,g_04,MO,29.42,sold,BuyerA,31.41,
L001307,2026-06-08 15:42,windows,facebook,fb_05,OH,17.04,sold,BuyerA,31.76,
L001308,2026-06-08 19:24,windows,facebook,fb_03,TX,18.96,returned,BuyerB,29.78,no_answer
L001309,2026-06-08 13:58,roofing,facebook,fb_08,TN,26.2,sold,BuyerD,40.64,
L001310,2026-06-08 9:00,bathroom,facebook,fb_05,TX,24.55,sold,BuyerB,45.2,
L001311,2026-06-08 9:19,roofing,google,g_01,NJ,33.11,sold,BuyerD,33.02,
L001312,2026-06-08 20:21,roofing,native,nt_01,NJ,14.35,sold,BuyerA,32.83,
L001313,2026-06-08 10:42,roofing,facebook,fb_05,VA,20.19,sold,BuyerA,31.11,
L001314,2026-06-08 13:03,bathroom,facebook,fb_07,TN,21.38,sold,BuyerB,45.16,
L001315,2026-06-08 18:13,bathroom,facebook,fb_04,TX,20.42,sold,BuyerB,42.83,
L001316,2026-06-08 6:28,roofing,facebook,fb_03,NC,22.19,sold,BuyerD,38.36,
L001317,2026-06-08 13:41,windows,facebook,fb_04,TX,21.57,sold,BuyerA,32.95,
L001318,2026-06-08 12:01,roofing,facebook,fb_03,VA,24.49,sold,BuyerA,36.33,
L001319,2026-06-08 10:18,bathroom,google,g_01,WY,38.61,unsold,,,
L001320,2026-06-08 16:42,roofing,facebook,fb_02,TN,25.63,sold,BuyerD,33.55,
L001321,2026-06-08 12:25,bathroom,facebook,fb_05,FL,26.22,sold,BuyerB,46.73,
L001322,2026-06-08 15:53,roofing,facebook,fb_03,IL,18.96,sold,BuyerA,36.29,
L001323,2026-06-08 12:48,roofing,facebook,fb_04,MO,28.69,sold,BuyerA,34.82,
L001324,2026-06-08 10:44,roofing,facebook,fb_02,MO,25.66,sold,BuyerD,31.15,
L001325,2026-06-08 10:36,roofing,facebook,fb_01,NY,24.83,sold,BuyerA,36.92,
L001326,2026-06-08 8:24,bathroom,facebook,fb_05,NJ,27.75,sold,BuyerB,42.61,
L001327,2026-06-08 13:42,bathroom,facebook,fb_06,IL,29.8,sold,BuyerB,39.5,
L001328,2026-06-08 15:36,roofing,facebook,fb_05,IN,26.45,sold,BuyerD,32.98,
L001329,2026-06-08 11:22,roofing,google,g_01,SC,28.75,sold,BuyerD,34.07,
L001330,2026-06-08 16:10,roofing,google,g_03,CA,31.33,sold,BuyerA,31.79,
L001331,2026-06-08 17:36,windows,facebook,fb_01,NY,17.08,sold,BuyerB,29,
L001332,2026-06-08 16:04,roofing,facebook,fb_07,SC,29.54,sold,BuyerD,33.47,
L001333,2026-06-08 10:18,windows,google,g_04,FL,24.47,sold,BuyerA,30.86,
L001334,2026-06-08 11:21,windows,facebook,fb_02,IL,18.62,sold,BuyerA,31.08,
L001335,2026-06-08 13:15,roofing,google,g_02,NY,25.94,unsold,,,
L001336,2026-06-08 13:43,roofing,facebook,fb_08,MT,26.36,sold,BuyerA,40.47,
L001337,2026-06-08 6:14,bathroom,google,g_01,PA,32.03,returned,BuyerB,42.71,not_homeowner
L001338,2026-06-08 6:17,roofing,facebook,fb_03,FL,23.49,sold,BuyerC,54.16,
L001339,2026-06-08 15:25,bathroom,facebook,fb_07,CA,24.89,sold,BuyerB,45.48,
L001340,2026-06-08 7:49,roofing,facebook,fb_08,VA,25.47,sold,BuyerD,33.13,
L001341,2026-06-08 13:13,bathroom,google,g_02,PA,33.63,returned,BuyerB,44.42,no_answer
L001342,2026-06-08 9:56,windows,facebook,fb_03,GA,25.21,sold,BuyerB,29.16,
L001343,2026-06-08 21:39,windows,facebook,fb_06,IL,20.01,sold,BuyerA,29.26,
L001344,2026-06-08 6:02,roofing,facebook,fb_07,AZ,19.04,sold,BuyerA,34.73,
L001345,2026-06-08 19:40,roofing,google,g_03,IL,32.89,sold,BuyerA,37.35,
L001346,2026-06-08 11:37,windows,google,g_02,OH,22.33,sold,BuyerA,30.07,
L001347,2026-06-08 6:39,bathroom,google,g_02,WY,33.02,unsold,,,
L001348,2026-06-08 13:24,windows,facebook,fb_04,CO,18.81,returned,BuyerA,30.75,duplicate
L001349,2026-06-08 11:11,bathroom,google,g_02,MI,37.66,unsold,,,
L001350,2026-06-08 17:05,bathroom,facebook,fb_07,OH,26.97,sold,BuyerE,37.06,
L001351,2026-06-08 13:25,roofing,facebook,fb_04,NY,23.6,sold,BuyerD,34.74,
L001352,2026-06-08 10:01,windows,facebook,fb_06,FL,23.01,sold,BuyerB,30.8,
L001353,2026-06-08 12:27,roofing,google,g_03,MO,31.9,sold,BuyerD,32.85,
L001354,2026-06-08 11:18,roofing,facebook,fb_06,SC,18.32,unsold,,,
L001355,2026-06-08 17:10,roofing,google,g_04,VA,25.87,sold,BuyerA,37.75,
L001356,2026-06-08 13:37,windows,facebook,fb_04,NC,23.27,sold,BuyerA,30.63,
L001357,2026-06-08 13:11,windows,google,g_04,TX,28.2,sold,BuyerA,31.45,
L001358,2026-06-08 16:40,roofing,native,nt_01,TX,15.75,sold,BuyerC,52.32,
L001359,2026-06-08 17:16,roofing,facebook,fb_05,MI,26.64,sold,BuyerA,35.55,
L001360,2026-06-08 15:41,windows,facebook,fb_01,MT,16.9,sold,BuyerA,30.33,
L001361,2026-06-08 23:22,windows,facebook,fb_05,MI,21.08,sold,BuyerA,29.93,
L001362,2026-06-08 8:30,windows,native,nt_01,MI,14.24,sold,BuyerA,31.02,
L001363,2026-06-08 15:08,roofing,facebook,fb_07,GA,22.94,returned,BuyerC,50.75,changed_mind
L001364,2026-06-08 20:11,roofing,native,nt_01,PA,21.36,sold,BuyerA,33.32,
L001365,2026-06-08 13:41,windows,facebook,fb_04,MI,21.2,sold,BuyerA,30.41,
L001366,2026-06-08 6:20,roofing,google,g_02,MT,27.28,sold,BuyerD,32.29,
L001367,2026-06-08 9:34,roofing,facebook,fb_01,OH,27.26,returned,BuyerA,40.35,bad_number
L001368,2026-06-08 10:35,roofing,native,nt_01,AZ,18.91,sold,BuyerA,37.29,
L001369,2026-06-08 13:35,roofing,facebook,fb_07,GA,21.68,sold,BuyerC,51.03,
L001370,2026-06-08 12:19,roofing,facebook,fb_02,VA,19.95,sold,BuyerA,38.4,
L001371,2026-06-08 13:21,windows,facebook,fb_05,MI,15.63,unsold,,,
L001372,2026-06-08 14:12,windows,facebook,fb_04,TX,22.43,sold,BuyerA,30.99,
L001373,2026-06-08 18:28,bathroom,facebook,fb_08,FL,27.72,sold,BuyerB,44.02,
L001374,2026-06-08 11:11,bathroom,google,g_02,ID,35.04,sold,BuyerE,39.76,
L001375,2026-06-08 13:52,roofing,google,g_01,IL,30.06,sold,BuyerA,38.88,
L001376,2026-06-08 14:37,roofing,google,g_02,TX,29.35,unsold,,,
L001377,2026-06-08 7:27,windows,native,nt_01,NC,22.36,sold,BuyerA,29.86,
L001378,2026-06-08 15:50,roofing,facebook,fb_06,NC,23.95,sold,BuyerA,34.84,
L001379,2026-06-08 7:58,roofing,facebook,fb_08,FL,23.82,sold,BuyerC,53.51,
L001380,2026-06-08 21:07,roofing,facebook,fb_06,NY,19.29,sold,BuyerD,37.84,
L001381,2026-06-08 16:06,bathroom,google,g_04,TX,36.27,sold,BuyerE,40.57,
L001382,2026-06-08 18:51,roofing,google,g_04,TX,26.29,sold,BuyerC,53.94,
L001383,2026-06-08 12:06,roofing,facebook,fb_03,TX,26.3,sold,BuyerC,53.58,
L001384,2026-06-08 10:56,roofing,native,nt_01,FL,18.72,sold,BuyerA,39,
L001385,2026-06-08 15:17,windows,facebook,fb_04,NJ,17.47,unsold,,,
L001386,2026-06-08 10:36,roofing,google,g_03,FL,37.84,sold,BuyerD,31.25,
L001387,2026-06-08 21:58,windows,google,g_01,IL,31.75,sold,BuyerB,28.13,
L001388,2026-06-08 15:24,windows,facebook,fb_07,ID,14.93,sold,BuyerA,29.89,
L001389,2026-06-08 18:44,bathroom,facebook,fb_07,VA,26.76,sold,BuyerB,44.3,
L001390,2026-06-08 15:47,roofing,facebook,fb_04,FL,22.71,sold,BuyerD,36.11,
L001391,2026-06-08 16:50,windows,google,g_03,GA,29.98,sold,BuyerA,29.56,
L001392,2026-06-08 15:44,bathroom,google,g_03,MO,39.2,sold,BuyerB,44.42,
L001393,2026-06-08 13:48,roofing,facebook,fb_03,NC,22.6,returned,BuyerD,36.39,bad_number
L001394,2026-06-08 15:56,bathroom,google,g_04,CA,29.68,sold,BuyerB,44.35,
L001395,2026-06-08 10:03,roofing,google,g_01,NY,31.66,sold,BuyerA,35.31,
L001396,2026-06-08 10:16,windows,google,g_02,NC,21.68,sold,BuyerA,31.51,
L001397,2026-06-08 14:03,roofing,facebook,fb_07,OH,24.69,sold,BuyerA,36.35,
L001398,2026-06-08 11:47,roofing,google,g_01,AZ,30.64,sold,BuyerD,31.83,
L001399,2026-06-08 16:08,roofing,google,g_02,MT,33.54,unsold,,,
L001400,2026-06-08 16:45,roofing,facebook,fb_08,TN,20.46,sold,BuyerA,35.77,
L001401,2026-06-08 18:29,roofing,facebook,fb_04,SC,20.59,sold,BuyerA,38.73,
L001402,2026-06-08 7:09,roofing,google,g_01,FL,24.7,sold,BuyerA,36.71,
L001403,2026-06-08 11:16,roofing,facebook,fb_02,MT,26.39,sold,BuyerD,31.69,
L001404,2026-06-08 7:53,bathroom,facebook,fb_02,IL,22.59,returned,BuyerB,42,not_homeowner
L001405,2026-06-08 17:16,windows,facebook,fb_02,IN,19.97,sold,BuyerB,27.68,
L001406,2026-06-08 16:51,roofing,facebook,fb_01,SC,23.4,returned,BuyerA,34.19,out_of_service_area
L001407,2026-06-08 12:41,windows,facebook,fb_03,TX,18.56,sold,BuyerA,30.55,
L001408,2026-06-08 12:10,windows,facebook,fb_07,MI,19.91,returned,BuyerA,29.63,bad_number
L001409,2026-06-08 12:16,roofing,facebook,fb_04,FL,19.51,sold,BuyerA,34.76,
L001410,2026-06-08 10:45,bathroom,facebook,fb_05,GA,28.49,sold,BuyerB,42.83,
L001411,2026-06-08 12:08,roofing,facebook,fb_03,ID,24.28,unsold,,,
L001412,2026-06-09 18:55,roofing,facebook,fb_07,SC,20.56,sold,BuyerA,36.2,
L001413,2026-06-09 21:17,bathroom,google,g_03,GA,31.21,sold,BuyerE,41.25,
L001414,2026-06-09 16:55,bathroom,facebook,fb_06,FL,25.36,sold,BuyerB,44.59,
L001415,2026-06-09 13:53,roofing,native,nt_02,IN,18.67,unsold,,,
L001416,2026-06-09 18:00,bathroom,facebook,fb_07,AZ,29.19,sold,BuyerB,43.79,
L001417,2026-06-09 14:41,bathroom,google,g_04,NC,39.79,sold,BuyerB,44.45,
L001418,2026-06-09 10:32,bathroom,facebook,fb_03,TX,23.88,sold,BuyerB,43.64,
L001419,2026-06-09 12:28,roofing,facebook,fb_01,GA,25.05,sold,BuyerC,52.72,
L001420,2026-06-09 16:50,roofing,facebook,fb_02,CA,26.21,sold,BuyerD,33.4,
L001421,2026-06-09 16:25,bathroom,google,g_04,IL,37.86,unsold,,,
L001422,2026-06-09 13:53,roofing,native,nt_02,MI,19.37,sold,BuyerA,34.7,
L001423,2026-06-09 13:21,windows,facebook,fb_08,TX,22.05,sold,BuyerA,29.08,
L001424,2026-06-09 9:34,roofing,facebook,fb_02,IL,22.28,sold,BuyerA,33.8,
L001425,2026-06-09 20:37,bathroom,facebook,fb_04,TX,29.59,sold,BuyerB,37.83,
L001426,2026-06-09 17:33,windows,facebook,fb_01,AZ,15.87,sold,BuyerA,29.97,
L001427,2026-06-09 11:46,windows,facebook,fb_01,GA,17.25,unsold,,,
L001428,2026-06-09 9:46,windows,google,g_03,FL,21.85,sold,BuyerA,29.57,
L001429,2026-06-09 16:17,bathroom,native,nt_01,FL,21.34,sold,BuyerE,39.07,
L001430,2026-06-09 14:35,bathroom,facebook,fb_02,TX,26.71,sold,BuyerE,40.58,
L001431,2026-06-09 6:45,roofing,native,nt_02,TX,16.44,sold,BuyerA,35.05,
L001432,2026-06-09 12:02,roofing,google,g_04,TX,28.53,sold,BuyerC,51.42,
L001433,2026-06-09 15:14,roofing,facebook,fb_05,NJ,23.72,sold,BuyerA,38.89,
L001434,2026-06-09 6:42,bathroom,facebook,fb_03,NC,29.68,unsold,,,
L001435,2026-06-09 16:29,roofing,google,g_03,NY,33.23,sold,BuyerD,32.46,
L001436,2026-06-09 14:28,windows,facebook,fb_06,FL,23.32,sold,BuyerA,29.51,
L001437,2026-06-09 18:57,bathroom,facebook,fb_04,CO,23.57,sold,BuyerB,48.16,
L001438,2026-06-09 15:03,roofing,native,nt_01,CO,25.61,sold,BuyerA,34.46,
L001439,2026-06-09 17:48,windows,facebook,fb_07,GA,17.28,sold,BuyerA,28.49,
L001440,2026-06-09 13:05,bathroom,facebook,fb_04,NY,25.41,sold,BuyerB,44.06,
L001441,2026-06-09 13:41,bathroom,facebook,fb_07,AZ,25.23,sold,BuyerB,42.73,
L001442,2026-06-09 6:46,windows,facebook,fb_08,MI,17.19,sold,BuyerB,30.58,
L001443,2026-06-09 20:52,bathroom,facebook,fb_05,TN,23,sold,BuyerB,42.53,
L001444,2026-06-09 18:03,roofing,google,g_02,PA,27.08,sold,BuyerA,34.48,
L001445,2026-06-09 7:46,roofing,facebook,fb_05,GA,26.61,sold,BuyerA,38.21,
L001446,2026-06-09 23:10,bathroom,facebook,fb_05,IL,25.04,sold,BuyerE,41.22,
L001447,2026-06-09 15:53,windows,facebook,fb_02,NJ,16.64,sold,BuyerB,29.91,
L001448,2026-06-09 10:11,roofing,native,nt_02,CA,21.57,returned,BuyerD,31,changed_mind
L001449,2026-06-09 11:14,windows,google,g_02,CA,27.34,sold,BuyerA,30.36,
L001450,2026-06-09 7:14,roofing,google,g_02,CO,33.53,returned,BuyerD,33.65,not_homeowner
L001451,2026-06-09 13:09,roofing,google,g_04,TX,35.08,sold,BuyerC,52.29,
L001452,2026-06-09 21:50,roofing,google,g_03,CA,36.28,sold,BuyerA,33.59,
L001453,2026-06-09 18:45,roofing,facebook,fb_01,NC,18.88,sold,BuyerA,36.72,
L001454,2026-06-09 14:46,bathroom,google,g_01,GA,33.88,sold,BuyerB,42.61,
L001455,2026-06-09 14:36,roofing,facebook,fb_03,CA,16.72,sold,BuyerA,34.95,
L001456,2026-06-09 9:04,roofing,facebook,fb_04,TX,22.11,returned,BuyerC,52.27,out_of_service_area
L001457,2026-06-09 15:52,roofing,native,nt_01,MI,17.34,sold,BuyerD,35.41,
L001458,2026-06-09 12:26,roofing,facebook,fb_03,CA,27.45,sold,BuyerD,34.25,
L001459,2026-06-09 13:36,windows,facebook,fb_01,OH,18.63,unsold,,,
L001460,2026-06-09 13:01,bathroom,facebook,fb_03,MO,23.08,sold,BuyerE,40.27,
L001461,2026-06-09 11:03,windows,native,nt_02,NC,18.92,sold,BuyerA,27.93,
L001462,2026-06-09 17:47,windows,facebook,fb_05,TX,20.55,sold,BuyerA,31.09,
L001463,2026-06-09 12:59,bathroom,facebook,fb_07,CO,22.66,sold,BuyerB,47.36,
L001464,2026-06-09 10:47,windows,native,nt_01,VA,18.75,unsold,,,
L001465,2026-06-09 14:36,windows,google,g_02,AZ,18.57,sold,BuyerA,31.21,
L001466,2026-06-09 11:52,windows,facebook,fb_02,GA,22.81,unsold,,,
L001467,2026-06-09 6:36,windows,facebook,fb_07,MT,17.82,unsold,,,
L001468,2026-06-09 14:05,windows,facebook,fb_01,TN,20.02,sold,BuyerA,31.54,
L001469,2026-06-09 21:28,roofing,google,g_03,VA,35.06,sold,BuyerA,35.42,
L001470,2026-06-09 22:50,bathroom,facebook,fb_06,ID,23.95,sold,BuyerB,40.49,
L001471,2026-06-09 11:54,roofing,facebook,fb_01,IN,24.17,sold,BuyerD,33.25,
L001472,2026-06-09 11:06,windows,facebook,fb_04,CA,19.57,sold,BuyerA,29.16,
L001473,2026-06-09 14:23,roofing,google,g_04,VA,30.59,sold,BuyerD,36.28,
L001474,2026-06-09 12:39,windows,facebook,fb_03,IN,21.82,sold,BuyerB,29.84,
L001475,2026-06-09 14:55,roofing,native,nt_01,TX,20.8,sold,BuyerC,50.01,
L001476,2026-06-09 9:48,windows,facebook,fb_03,NC,25.9,sold,BuyerB,31.75,
L001477,2026-06-09 20:06,roofing,facebook,fb_04,NY,22.31,sold,BuyerA,32.78,
L001478,2026-06-09 15:45,windows,google,g_04,SC,21.92,sold,BuyerA,27.99,
L001479,2026-06-09 8:50,windows,google,g_04,FL,23.58,sold,BuyerA,29.04,
L001480,2026-06-09 21:46,roofing,facebook,fb_03,SC,26.9,sold,BuyerA,34.09,
L001481,2026-06-09 12:27,roofing,facebook,fb_01,FL,25.57,sold,BuyerC,52.2,
L001482,2026-06-09 10:30,bathroom,native,nt_01,CO,22.66,sold,BuyerE,42.37,
L001483,2026-06-09 14:30,bathroom,facebook,fb_02,MI,26.3,sold,BuyerB,45.56,
L001484,2026-06-09 9:45,roofing,native,nt_02,WY,18.94,sold,BuyerD,32.74,
L001485,2026-06-09 17:50,bathroom,native,nt_01,SC,23.89,sold,BuyerB,46.48,
L001486,2026-06-09 13:08,windows,facebook,fb_01,CO,20.22,returned,BuyerA,31.15,bad_number
L001487,2026-06-09 16:15,bathroom,facebook,fb_05,FL,29.93,sold,BuyerB,47.17,
L001488,2026-06-09 18:55,windows,google,g_02,GA,27.72,sold,BuyerA,28.07,
L001489,2026-06-09 17:41,roofing,facebook,fb_05,NC,20.02,sold,BuyerD,32.36,
L001490,2026-06-09 14:28,windows,google,g_04,PA,26.92,unsold,,,
L001491,2026-06-09 13:09,windows,facebook,fb_04,NY,18.72,sold,BuyerA,31.99,
L001492,2026-06-09 20:23,bathroom,google,g_01,NC,33.13,returned,BuyerE,38.72,out_of_service_area
L001493,2026-06-09 17:00,bathroom,native,nt_01,VA,21.3,returned,BuyerB,41.5,not_homeowner
L001494,2026-06-09 16:10,roofing,google,g_03,TX,30.09,sold,BuyerC,54.16,
L001495,2026-06-09 14:15,bathroom,facebook,fb_03,AZ,20.82,sold,BuyerE,41.5,
L001496,2026-06-09 16:29,windows,facebook,fb_05,AZ,16.52,sold,BuyerB,29.66,
L001497,2026-06-09 9:15,windows,facebook,fb_06,GA,20.26,sold,BuyerA,31.44,
L001498,2026-06-09 9:46,windows,facebook,fb_01,CA,18.43,sold,BuyerB,28.6,
L001499,2026-06-09 14:50,windows,google,g_04,GA,23.34,sold,BuyerB,28.57,
L001500,2026-06-09 9:39,roofing,native,nt_02,CA,18.17,sold,BuyerD,32.86,
L001501,2026-06-09 15:54,bathroom,facebook,fb_07,CA,24.86,sold,BuyerB,43.1,
L001502,2026-06-09 20:26,roofing,facebook,fb_04,MI,23.32,unsold,,,
L001503,2026-06-09 13:52,roofing,facebook,fb_01,AZ,24.05,returned,BuyerD,29.97,no_answer
L001504,2026-06-09 9:23,bathroom,facebook,fb_02,IN,25.51,sold,BuyerE,34.28,
L001505,2026-06-09 12:54,roofing,facebook,fb_07,OH,24.23,sold,BuyerA,38,
L001506,2026-06-09 19:22,windows,google,g_04,FL,19.7,unsold,,,
L001507,2026-06-09 18:26,windows,facebook,fb_01,MO,18.67,sold,BuyerA,31.76,
L001508,2026-06-09 12:17,roofing,facebook,fb_05,VA,23.42,unsold,,,
L001509,2026-06-09 21:04,windows,native,nt_01,PA,16.59,sold,BuyerA,32.39,
L001510,2026-06-09 17:53,windows,facebook,fb_07,NY,18.41,sold,BuyerA,31.47,
L001511,2026-06-09 17:02,windows,facebook,fb_02,VA,18.95,returned,BuyerA,31.24,out_of_service_area
L001512,2026-06-09 17:57,bathroom,facebook,fb_02,PA,21.27,sold,BuyerB,46.38,
L001513,2026-06-09 11:29,windows,facebook,fb_04,TX,17.16,sold,BuyerA,29.68,
L001514,2026-06-09 18:12,bathroom,facebook,fb_08,SC,23.26,sold,BuyerB,46.49,
L001515,2026-06-09 18:15,roofing,google,g_04,CO,24.31,sold,BuyerA,33.38,
L001516,2026-06-09 14:55,roofing,google,g_04,IN,29.5,sold,BuyerA,38.23,
L001517,2026-06-09 12:30,windows,facebook,fb_03,FL,21.74,sold,BuyerA,29.34,
L001518,2026-06-09 19:47,roofing,google,g_04,NC,29.41,sold,BuyerD,33.31,
L001519,2026-06-09 18:35,roofing,facebook,fb_01,GA,19.88,returned,BuyerC,51.68,bad_number
L001520,2026-06-09 13:38,roofing,facebook,fb_02,GA,24.73,sold,BuyerC,52.65,
L001521,2026-06-09 21:00,windows,facebook,fb_03,CA,19.52,sold,BuyerA,29.79,
L001522,2026-06-09 10:57,bathroom,facebook,fb_03,TX,27.87,sold,BuyerB,47.4,
L001523,2026-06-09 15:17,windows,google,g_01,CA,27.82,sold,BuyerA,29.25,
L001524,2026-06-09 11:04,roofing,google,g_03,MI,29.64,sold,BuyerA,35.47,
L001525,2026-06-09 10:20,roofing,native,nt_01,TX,22.54,sold,BuyerC,52.87,
L001526,2026-06-09 20:27,roofing,native,nt_01,TX,18.28,unsold,,,
L001527,2026-06-09 16:04,windows,facebook,fb_06,CO,19.86,sold,BuyerA,31.24,
L001528,2026-06-09 13:59,bathroom,facebook,fb_08,FL,25.67,sold,BuyerB,45.14,
L001529,2026-06-09 11:38,roofing,google,g_02,GA,33.28,sold,BuyerC,52.75,
L001530,2026-06-09 11:37,bathroom,google,g_02,OH,34.6,sold,BuyerE,41.43,
L001531,2026-06-09 12:16,roofing,google,g_04,TX,26.41,sold,BuyerC,52.66,
L001532,2026-06-09 14:29,bathroom,facebook,fb_05,NY,28.81,sold,BuyerB,42.85,
L001533,2026-06-09 11:29,roofing,google,g_01,OH,22.4,unsold,,,
L001534,2026-06-09 11:15,windows,facebook,fb_02,CO,19.55,sold,BuyerB,32.14,
L001535,2026-06-09 9:52,roofing,google,g_01,PA,30.92,sold,BuyerD,34.74,
L001536,2026-06-09 10:51,windows,native,nt_02,AZ,15.55,sold,BuyerA,29.01,
L001537,2026-06-09 17:13,roofing,google,g_04,MI,23.98,sold,BuyerD,35.58,
L001538,2026-06-09 12:00,windows,native,nt_02,PA,15.72,sold,BuyerA,32.84,
L001539,2026-06-09 17:58,bathroom,google,g_04,TX,32.71,sold,BuyerE,40.78,
L001540,2026-06-09 6:12,roofing,google,g_03,FL,29.14,sold,BuyerC,53.1,
L001541,2026-06-09 12:39,windows,facebook,fb_04,OH,18.01,sold,BuyerA,31.55,
L001542,2026-06-09 18:00,windows,native,nt_02,VA,16.26,sold,BuyerA,31.29,
L001543,2026-06-09 15:21,windows,google,g_01,FL,29.94,sold,BuyerA,32.44,
L001544,2026-06-09 14:46,windows,google,g_04,OH,25.99,sold,BuyerA,30.45,
L001545,2026-06-09 16:23,windows,google,g_01,TX,21.96,sold,BuyerB,30.53,
L001546,2026-06-09 16:10,windows,facebook,fb_04,MI,18.82,returned,BuyerA,29.73,changed_mind
L001547,2026-06-09 16:42,roofing,google,g_03,SC,42.7,sold,BuyerD,32.85,
L001548,2026-06-09 12:16,roofing,facebook,fb_08,CA,21.89,sold,BuyerD,35.78,
L001549,2026-06-09 12:02,roofing,facebook,fb_02,VA,25.54,sold,BuyerA,34.05,
L001550,2026-06-09 20:12,windows,facebook,fb_04,CA,19.58,sold,BuyerA,30.31,
L001551,2026-06-09 17:30,roofing,native,nt_01,NC,19.85,sold,BuyerA,34.97,
L001552,2026-06-09 10:55,roofing,facebook,fb_01,OH,16.37,sold,BuyerA,36.62,
L001553,2026-06-09 13:17,roofing,native,nt_01,OH,17.67,sold,BuyerD,36.44,
L001554,2026-06-09 19:51,bathroom,facebook,fb_07,AZ,30.49,sold,BuyerB,43.72,
L001555,2026-06-09 6:25,bathroom,facebook,fb_03,CO,24.41,sold,BuyerB,47.98,
L001556,2026-06-09 15:24,roofing,facebook,fb_06,MI,21.14,unsold,,,
L001557,2026-06-09 18:26,roofing,facebook,fb_08,NC,24.79,sold,BuyerD,33.24,
L001558,2026-06-09 20:26,roofing,facebook,fb_04,TX,20.48,sold,BuyerC,49.59,
L001559,2026-06-09 14:20,roofing,facebook,fb_04,FL,24.46,sold,BuyerA,36.33,
L001560,2026-06-09 15:43,roofing,facebook,fb_02,GA,27.36,sold,BuyerC,52.41,
L001561,2026-06-09 13:11,roofing,facebook,fb_03,IL,26.78,unsold,,,
L001562,2026-06-09 16:50,roofing,native,nt_01,MI,20.5,sold,BuyerA,34.03,
L001563,2026-06-09 21:07,roofing,facebook,fb_04,VA,26.29,returned,BuyerA,36.49,duplicate
L001564,2026-06-09 13:04,roofing,native,nt_01,FL,17.16,sold,BuyerA,34.59,
L001565,2026-06-09 14:53,windows,facebook,fb_07,NC,18.54,returned,BuyerA,30.85,no_answer
L001566,2026-06-09 17:05,windows,facebook,fb_02,GA,18.7,sold,BuyerB,28.96,
L001567,2026-06-09 10:34,windows,facebook,fb_02,AZ,22.24,unsold,,,
L001568,2026-06-09 14:06,roofing,facebook,fb_05,MO,18.88,sold,BuyerD,37.16,
L001569,2026-06-09 14:03,roofing,facebook,fb_04,AZ,21.19,sold,BuyerA,38.21,
L001570,2026-06-09 13:40,roofing,native,nt_01,MO,18.19,sold,BuyerA,36.04,
L001571,2026-06-09 16:24,roofing,facebook,fb_05,CA,18.98,returned,BuyerA,35.84,no_answer
L001572,2026-06-09 14:40,roofing,google,g_01,MO,31.84,sold,BuyerD,33.71,
L001573,2026-06-09 17:13,windows,facebook,fb_04,GA,18.35,sold,BuyerA,27.72,
L001574,2026-06-09 16:12,roofing,facebook,fb_04,MO,24.08,returned,BuyerD,36.34,no_answer
L001575,2026-06-09 11:38,roofing,google,g_02,TX,31.5,sold,BuyerD,33.9,
L001576,2026-06-09 11:32,roofing,google,g_03,AZ,31.79,sold,BuyerA,37.59,
L001577,2026-06-09 16:42,windows,google,g_01,NY,32.46,sold,BuyerA,32.43,
L001578,2026-06-09 14:25,roofing,google,g_01,SC,28.16,sold,BuyerA,37.12,
L001579,2026-06-09 19:05,roofing,facebook,fb_05,GA,24.58,sold,BuyerA,32.62,
L001580,2026-06-09 11:09,bathroom,google,g_01,NC,27.58,sold,BuyerB,42.46,
L001581,2026-06-09 17:26,roofing,google,g_04,AZ,29.96,sold,BuyerD,35.32,
L001582,2026-06-09 11:05,windows,facebook,fb_07,CO,21.91,sold,BuyerA,29.93,
L001583,2026-06-09 12:58,bathroom,facebook,fb_06,TN,26.93,sold,BuyerE,38.19,
L001584,2026-06-09 6:47,bathroom,google,g_02,CA,40.49,sold,BuyerE,40.98,
L001585,2026-06-09 15:55,roofing,facebook,fb_01,NJ,23.59,returned,BuyerD,34.74,changed_mind
L001586,2026-06-09 8:31,roofing,facebook,fb_05,SC,23.75,sold,BuyerA,38.68,
L001587,2026-06-09 11:14,bathroom,facebook,fb_05,GA,20.82,unsold,,,
L001588,2026-06-09 14:28,roofing,google,g_01,CA,31.37,returned,BuyerD,36.27,not_homeowner
L001589,2026-06-09 9:26,roofing,google,g_03,TX,30.17,sold,BuyerD,32.73,
L001590,2026-06-09 13:42,roofing,facebook,fb_03,TX,20.04,sold,BuyerD,32.65,
L001591,2026-06-09 15:42,roofing,facebook,fb_03,NJ,23.98,sold,BuyerD,34.6,
L001592,2026-06-09 15:17,bathroom,facebook,fb_03,GA,25.89,sold,BuyerE,41.31,
L001593,2026-06-09 16:27,roofing,google,g_02,PA,31.74,sold,BuyerD,33.73,
L001594,2026-06-09 18:07,windows,google,g_01,NY,24.56,sold,BuyerA,28.12,
L001595,2026-06-09 12:58,bathroom,facebook,fb_06,CA,22.71,sold,BuyerE,43.24,
L001596,2026-06-09 12:50,windows,facebook,fb_02,NC,20.24,sold,BuyerA,31.25,
L001597,2026-06-09 6:52,windows,google,g_03,MT,23.22,sold,BuyerB,29.5,
L001598,2026-06-09 9:33,windows,google,g_04,OH,30.7,sold,BuyerA,34.17,
L001599,2026-06-09 9:30,roofing,google,g_04,PA,25.24,sold,BuyerD,34.73,
L001600,2026-06-09 15:50,windows,google,g_04,IN,26.24,sold,BuyerA,33.6,
L001601,2026-06-09 16:18,windows,facebook,fb_02,CA,17.49,sold,BuyerA,29.37,
L001602,2026-06-09 10:24,roofing,facebook,fb_06,AZ,26.8,sold,BuyerA,37.09,
L001603,2026-06-09 13:00,bathroom,facebook,fb_06,GA,32.35,sold,BuyerE,37.82,
L001604,2026-06-09 23:37,roofing,facebook,fb_08,TX,21.27,unsold,,,
L001605,2026-06-09 13:09,roofing,native,nt_01,FL,21.07,sold,BuyerA,33.77,
L001606,2026-06-09 14:51,windows,google,g_01,ID,27.97,sold,BuyerB,30.32,
L001607,2026-06-09 14:48,roofing,facebook,fb_07,OH,21.63,sold,BuyerD,36.49,
L001608,2026-06-09 12:55,roofing,facebook,fb_03,TN,24.82,sold,BuyerA,37.83,
L001609,2026-06-09 15:18,windows,facebook,fb_04,MO,16.48,sold,BuyerA,30.51,
L001610,2026-06-09 15:44,bathroom,facebook,fb_07,OH,24.21,sold,BuyerB,43.44,
L001611,2026-06-09 15:25,bathroom,google,g_02,IN,36.58,sold,BuyerE,40.36,
L001612,2026-06-09 15:30,roofing,facebook,fb_03,MI,25.47,sold,BuyerD,37.08,
L001613,2026-06-09 14:58,windows,google,g_04,TX,22.97,sold,BuyerA,30.73,
L001614,2026-06-09 17:00,windows,facebook,fb_07,NY,21.01,sold,BuyerA,30.51,
L001615,2026-06-09 19:16,roofing,google,g_02,TX,25.23,unsold,,,
L001616,2026-06-10 11:44,windows,native,nt_01,FL,17.27,sold,BuyerA,30.22,
L001617,2026-06-10 8:28,windows,facebook,fb_01,PA,19.93,sold,BuyerA,29.97,
L001618,2026-06-10 14:25,roofing,native,nt_01,NJ,18.81,sold,BuyerA,37.73,
L001619,2026-06-10 13:46,windows,google,g_04,MO,21.63,sold,BuyerB,28.62,
L001620,2026-06-10 14:37,bathroom,google,g_04,CO,24.71,sold,BuyerB,47.56,
L001621,2026-06-10 12:26,roofing,facebook,fb_07,NC,16.65,sold,BuyerA,36.9,
L001622,2026-06-10 18:25,roofing,facebook,fb_01,VA,24,sold,BuyerD,31.47,
L001623,2026-06-10 11:11,windows,facebook,fb_04,TX,16.97,sold,BuyerA,30.17,
L001624,2026-06-10 14:28,roofing,native,nt_02,NJ,19.42,sold,BuyerD,32.32,
L001625,2026-06-10 14:22,roofing,facebook,fb_08,PA,21.2,sold,BuyerD,34,
L001626,2026-06-10 15:45,windows,facebook,fb_08,CA,22.11,sold,BuyerA,28.91,
L001627,2026-06-10 9:12,bathroom,facebook,fb_05,CO,28.1,sold,BuyerB,41.24,
L001628,2026-06-10 10:06,roofing,facebook,fb_03,TX,22.84,unsold,,,
L001629,2026-06-10 16:45,bathroom,facebook,fb_02,FL,24.24,returned,BuyerB,40.55,out_of_service_area
L001630,2026-06-10 11:58,roofing,facebook,fb_04,CO,24.93,sold,BuyerD,36.34,
L001631,2026-06-10 17:01,bathroom,google,g_04,GA,33.25,sold,BuyerB,45.74,
L001632,2026-06-10 11:30,bathroom,facebook,fb_05,GA,25.87,sold,BuyerE,38.07,
L001633,2026-06-10 6:24,bathroom,native,nt_01,CA,21.93,unsold,,,
L001634,2026-06-10 13:35,bathroom,facebook,fb_04,CA,27.35,sold,BuyerB,45.99,
L001635,2026-06-10 22:23,bathroom,google,g_04,NC,32.77,unsold,,,
L001636,2026-06-10 16:21,bathroom,facebook,fb_05,AZ,26.19,sold,BuyerB,44.8,
L001637,2026-06-10 11:06,bathroom,facebook,fb_08,CO,28.1,sold,BuyerB,42.3,
L001638,2026-06-10 6:20,bathroom,facebook,fb_07,SC,32.28,sold,BuyerB,42.36,
L001639,2026-06-10 7:32,roofing,facebook,fb_06,PA,20.06,sold,BuyerA,33.06,
L001640,2026-06-10 13:23,roofing,google,g_03,PA,35.53,sold,BuyerA,36,
L001641,2026-06-10 14:45,bathroom,google,g_03,VA,28.2,sold,BuyerB,43.71,
L001642,2026-06-10 15:49,roofing,facebook,fb_03,OH,25.85,sold,BuyerD,31.66,
L001643,2026-06-10 15:15,bathroom,facebook,fb_04,TX,24.23,sold,BuyerB,44.4,
L001644,2026-06-10 11:03,windows,native,nt_01,OH,16.1,unsold,,,
L001645,2026-06-10 13:35,roofing,facebook,fb_07,AZ,22.91,sold,BuyerA,35.94,
L001646,2026-06-10 11:02,bathroom,native,nt_01,SC,21.35,sold,BuyerB,43.07,
L001647,2026-06-10 6:49,roofing,facebook,fb_01,NC,15.14,sold,BuyerA,37.24,
L001648,2026-06-10 14:19,windows,facebook,fb_06,GA,21.43,sold,BuyerA,31.78,
L001649,2026-06-10 15:52,windows,google,g_01,FL,29.68,sold,BuyerA,29.09,
L001650,2026-06-10 19:08,roofing,facebook,fb_01,PA,24.74,returned,BuyerA,36.03,bad_number
L001651,2026-06-10 9:59,roofing,native,nt_02,GA,17.81,sold,BuyerC,49.44,
L001652,2026-06-10 11:57,roofing,facebook,fb_04,PA,24.9,sold,BuyerA,37.03,
L001653,2026-06-10 15:06,roofing,google,g_02,GA,26.94,sold,BuyerC,52.43,
L001654,2026-06-10 19:32,roofing,facebook,fb_06,AZ,26.63,sold,BuyerD,32.93,
L001655,2026-06-10 11:04,roofing,facebook,fb_08,PA,23.29,sold,BuyerD,35.21,
L001656,2026-06-10 14:25,bathroom,native,nt_01,TX,27.82,sold,BuyerB,43.44,
L001657,2026-06-10 14:50,windows,native,nt_01,FL,16.4,sold,BuyerB,28.18,
L001658,2026-06-10 14:43,bathroom,facebook,fb_06,GA,32.6,sold,BuyerE,40.26,
L001659,2026-06-10 18:15,bathroom,facebook,fb_05,TX,26.33,sold,BuyerB,45.07,
L001660,2026-06-10 6:13,bathroom,google,g_03,FL,33.13,sold,BuyerB,43.81,
L001661,2026-06-10 13:11,roofing,facebook,fb_07,NC,20.91,sold,BuyerD,33.21,
L001662,2026-06-10 11:31,bathroom,native,nt_02,NY,18.31,sold,BuyerB,42.16,
L001663,2026-06-10 16:35,roofing,facebook,fb_04,TN,24.32,sold,BuyerA,36.5,
L001664,2026-06-10 15:27,bathroom,facebook,fb_01,IL,24.78,sold,BuyerB,43.84,
L001665,2026-06-10 11:16,roofing,google,g_04,TX,35.3,sold,BuyerC,53.29,
L001666,2026-06-10 13:29,bathroom,facebook,fb_06,FL,29.05,sold,BuyerE,40.84,
L001667,2026-06-10 13:49,roofing,native,nt_02,TX,18.83,sold,BuyerC,53.48,
L001668,2026-06-10 18:33,bathroom,facebook,fb_01,TX,22.2,sold,BuyerB,45.18,
L001669,2026-06-10 13:54,roofing,google,g_03,CA,37.71,sold,BuyerA,33.49,
L001670,2026-06-10 10:56,roofing,facebook,fb_04,FL,22.1,sold,BuyerC,50.62,
L001671,2026-06-10 10:46,windows,facebook,fb_08,CO,18.87,returned,BuyerF,27.23,bad_number
L001672,2026-06-10 11:26,roofing,native,nt_02,CA,19.42,returned,BuyerD,34.25,out_of_service_area
L001673,2026-06-10 12:11,roofing,google,g_01,TX,32.81,sold,BuyerC,51.21,
L001674,2026-06-10 19:29,bathroom,facebook,fb_06,TX,28.38,sold,BuyerB,46.41,
L001675,2026-06-10 14:13,roofing,google,g_02,TX,28.56,sold,BuyerC,52.66,
L001676,2026-06-10 21:16,roofing,facebook,fb_07,GA,24.66,sold,BuyerC,49.88,
L001677,2026-06-10 12:26,windows,google,g_03,GA,28.55,returned,BuyerA,32.73,no_answer
L001678,2026-06-10 12:22,windows,native,nt_02,NC,14.94,sold,BuyerA,30.66,
L001679,2026-06-10 18:28,bathroom,native,nt_02,IL,21.08,sold,BuyerB,41.32,
L001680,2026-06-10 17:03,bathroom,google,g_02,SC,36.21,sold,BuyerE,42.19,
L001681,2026-06-10 9:23,bathroom,google,g_04,TX,37.84,sold,BuyerB,46.72,
L001682,2026-06-10 21:07,windows,facebook,fb_08,TX,18.83,sold,BuyerA,29.24,
L001683,2026-06-10 16:20,bathroom,native,nt_01,CA,23.18,sold,BuyerB,42.06,
L001684,2026-06-10 20:15,roofing,facebook,fb_07,MI,21.82,sold,BuyerD,36.81,
L001685,2026-06-10 17:34,bathroom,google,g_01,TX,37.17,returned,BuyerE,38.29,bad_number
L001686,2026-06-10 7:43,bathroom,native,nt_01,VA,21.48,returned,BuyerB,44.57,not_homeowner
L001687,2026-06-10 8:10,bathroom,google,g_02,MI,33.54,sold,BuyerB,42.87,
L001688,2026-06-10 17:40,roofing,native,nt_02,MT,15.9,returned,BuyerA,34.56,changed_mind
L001689,2026-06-10 21:43,windows,facebook,fb_07,NJ,16.92,sold,BuyerA,31.11,
L001690,2026-06-10 19:13,bathroom,facebook,fb_03,TX,27.12,sold,BuyerB,42.23,
L001691,2026-06-10 13:48,bathroom,facebook,fb_07,FL,32.66,sold,BuyerE,40.36,
L001692,2026-06-10 11:14,roofing,google,g_04,PA,25.53,returned,BuyerD,35.29,bad_number
L001693,2026-06-10 15:47,bathroom,facebook,fb_01,NY,30.61,sold,BuyerB,42.53,
L001694,2026-06-10 10:51,bathroom,facebook,fb_08,TX,26.75,sold,BuyerB,43.73,
L001695,2026-06-10 16:29,roofing,facebook,fb_04,FL,25.97,sold,BuyerC,52.94,
L001696,2026-06-10 12:03,roofing,facebook,fb_03,WY,24.03,unsold,,,
L001697,2026-06-10 14:27,roofing,facebook,fb_05,OH,22.55,sold,BuyerA,34.66,
L001698,2026-06-10 11:56,bathroom,facebook,fb_07,FL,24.99,returned,BuyerE,40.14,no_answer
L001699,2026-06-10 8:46,roofing,native,nt_02,OH,14.65,sold,BuyerD,31.43,
L001700,2026-06-10 13:01,roofing,google,g_04,PA,29.32,sold,BuyerA,37.23,
L001701,2026-06-10 21:46,windows,google,g_01,GA,26.66,sold,BuyerA,29.98,
L001702,2026-06-10 9:45,roofing,facebook,fb_01,GA,21.92,sold,BuyerC,50.77,
L001703,2026-06-10 8:07,windows,facebook,fb_04,FL,19.46,sold,BuyerB,29.21,
L001704,2026-06-10 16:23,roofing,google,g_01,TX,29.74,sold,BuyerD,35,
L001705,2026-06-10 14:06,windows,facebook,fb_01,CA,18.19,returned,BuyerA,32.5,no_answer
L001706,2026-06-10 19:32,roofing,facebook,fb_08,AZ,24.87,sold,BuyerA,35.97,
L001707,2026-06-10 6:39,roofing,facebook,fb_01,SC,21.37,sold,BuyerD,32.83,
L001708,2026-06-10 8:23,roofing,facebook,fb_01,NC,27.63,sold,BuyerA,30.34,
L001709,2026-06-10 18:37,bathroom,native,nt_01,FL,21.21,sold,BuyerE,41.08,
L001710,2026-06-10 14:58,roofing,facebook,fb_01,CA,22.89,sold,BuyerD,36.86,
L001711,2026-06-10 12:50,roofing,facebook,fb_07,NY,18.21,sold,BuyerA,34.46,
L001712,2026-06-10 7:45,windows,google,g_01,IN,24.51,sold,BuyerA,28.77,
L001713,2026-06-10 18:32,roofing,facebook,fb_02,NY,23.69,sold,BuyerA,37.53,
L001714,2026-06-10 6:32,roofing,google,g_03,TN,42.18,sold,BuyerD,33.94,
L001715,2026-06-10 11:59,roofing,facebook,fb_07,TX,23.11,sold,BuyerC,49.63,
L001716,2026-06-10 10:30,windows,facebook,fb_08,TX,24.49,sold,BuyerA,29.14,
L001717,2026-06-10 12:49,roofing,google,g_01,TX,34.36,sold,BuyerC,52.01,
L001718,2026-06-10 18:36,roofing,facebook,fb_08,WY,23.23,sold,BuyerD,37.87,
L001719,2026-06-10 14:12,windows,google,g_01,GA,27.42,sold,BuyerA,29.75,
L001720,2026-06-10 10:04,roofing,google,g_01,VA,27.6,sold,BuyerA,33.71,
L001721,2026-06-10 20:23,bathroom,native,nt_01,ID,20.14,unsold,,,
L001722,2026-06-10 18:05,bathroom,google,g_02,ID,33.61,unsold,,,
L001723,2026-06-10 19:27,roofing,google,g_01,PA,36.94,unsold,,,
L001724,2026-06-10 17:04,windows,google,g_03,CA,22,sold,BuyerA,31.57,
L001725,2026-06-10 13:54,roofing,facebook,fb_02,VA,23.81,sold,BuyerA,36.71,
L001726,2026-06-10 15:16,bathroom,facebook,fb_03,AZ,29.04,returned,BuyerB,46.55,no_answer
L001727,2026-06-10 13:02,roofing,facebook,fb_08,OH,20.98,returned,BuyerD,33.84,no_answer
L001728,2026-06-10 9:09,windows,facebook,fb_04,NC,23.45,unsold,,,
L001729,2026-06-10 12:19,windows,facebook,fb_04,PA,23.14,returned,BuyerB,30.1,no_answer
L001730,2026-06-10 11:01,windows,native,nt_01,TX,16.1,unsold,,,
L001731,2026-06-10 16:36,windows,google,g_01,PA,28.29,sold,BuyerA,29.59,
L001732,2026-06-10 14:31,roofing,google,g_01,CA,25.3,sold,BuyerA,32.34,
L001733,2026-06-10 10:59,windows,google,g_02,ND,33.28,sold,BuyerB,29.68,
L001734,2026-06-10 7:08,windows,facebook,fb_06,TN,16.57,sold,BuyerA,31.09,
L001735,2026-06-10 15:41,roofing,facebook,fb_05,GA,21.9,returned,BuyerC,53.52,bad_number
L001736,2026-06-10 10:38,windows,facebook,fb_02,FL,18.13,sold,BuyerB,27.9,
L001737,2026-06-10 19:03,bathroom,facebook,fb_04,CO,28.22,sold,BuyerB,42.24,
L001738,2026-06-10 11:56,windows,google,g_02,OH,20.98,sold,BuyerB,26.68,
L001739,2026-06-10 18:58,roofing,google,g_04,NJ,30.9,sold,BuyerA,41.42,
L001740,2026-06-10 17:29,roofing,facebook,fb_02,VA,21.45,sold,BuyerA,34.5,
L001741,2026-06-10 11:41,roofing,facebook,fb_01,MO,24.29,sold,BuyerA,37.09,
L001742,2026-06-10 12:21,bathroom,google,g_04,TX,38.65,unsold,,,
L001743,2026-06-10 11:54,windows,google,g_04,CA,24.69,returned,BuyerA,32.85,out_of_service_area
L001744,2026-06-10 13:38,windows,google,g_03,OH,27.41,sold,BuyerA,31.43,
L001745,2026-06-10 14:01,roofing,facebook,fb_06,NC,22.97,sold,BuyerD,36.09,
L001746,2026-06-10 19:20,windows,facebook,fb_05,IL,21.92,sold,BuyerA,27.79,
L001747,2026-06-10 15:29,bathroom,facebook,fb_01,OH,28.93,returned,BuyerE,40.25,bad_number
L001748,2026-06-10 13:57,roofing,facebook,fb_03,TX,22.37,sold,BuyerC,49.62,
L001749,2026-06-10 18:43,roofing,native,nt_02,VA,16.01,unsold,,,
L001750,2026-06-10 18:08,roofing,facebook,fb_07,MI,25.52,sold,BuyerA,37.04,
L001751,2026-06-10 12:35,bathroom,facebook,fb_06,FL,29.71,sold,BuyerB,43.86,
L001752,2026-06-10 14:17,roofing,google,g_03,TX,31.99,sold,BuyerC,52.72,
L001753,2026-06-10 11:01,bathroom,facebook,fb_08,MO,32.7,sold,BuyerB,45.71,
L001754,2026-06-10 13:52,roofing,facebook,fb_04,NY,23.95,sold,BuyerA,36.71,
L001755,2026-06-10 12:25,windows,facebook,fb_07,AZ,21.05,sold,BuyerA,30.43,
L001756,2026-06-10 10:42,roofing,native,nt_01,FL,20.63,sold,BuyerD,35.53,
L001757,2026-06-10 11:05,roofing,native,nt_01,TX,20.31,sold,BuyerD,35.11,
L001758,2026-06-10 17:26,windows,facebook,fb_07,ND,18.98,unsold,,,
L001759,2026-06-10 6:36,roofing,facebook,fb_02,FL,21.55,sold,BuyerA,36.26,
L001760,2026-06-10 15:58,windows,google,g_04,TX,26.4,sold,BuyerA,29.73,
L001761,2026-06-10 12:49,bathroom,facebook,fb_01,MI,24.87,sold,BuyerB,43.02,
L001762,2026-06-10 19:46,windows,facebook,fb_07,NC,19.92,sold,BuyerA,32.46,
L001763,2026-06-10 15:49,roofing,google,g_01,PA,34.66,sold,BuyerA,34.54,
L001764,2026-06-10 8:34,bathroom,google,g_03,CA,41.16,sold,BuyerE,38.22,
L001765,2026-06-10 17:14,windows,facebook,fb_08,ID,20.49,sold,BuyerA,31.32,
L001766,2026-06-10 15:28,windows,google,g_04,WY,28.49,sold,BuyerA,29.03,
L001767,2026-06-10 19:51,roofing,facebook,fb_02,TX,21.08,sold,BuyerA,39.3,
L001768,2026-06-10 15:42,roofing,facebook,fb_07,SC,26,sold,BuyerA,32.19,
L001769,2026-06-10 11:07,bathroom,google,g_01,MO,34.75,sold,BuyerE,42.29,
L001770,2026-06-10 10:29,roofing,facebook,fb_05,CA,16.67,sold,BuyerD,34.09,
L001771,2026-06-10 16:24,roofing,facebook,fb_02,FL,16.83,sold,BuyerA,31.26,
L001772,2026-06-10 14:55,windows,facebook,fb_08,CA,25.59,sold,BuyerA,33.82,
L001773,2026-06-10 11:05,roofing,google,g_01,MI,31.96,sold,BuyerD,31.44,
L001774,2026-06-10 20:41,windows,facebook,fb_01,NY,23.95,sold,BuyerA,29.81,
L001775,2026-06-10 11:52,roofing,google,g_04,NJ,26.43,sold,BuyerA,34.97,
L001776,2026-06-10 10:46,roofing,facebook,fb_01,TX,23.04,sold,BuyerA,37.92,
L001777,2026-06-10 11:07,windows,facebook,fb_04,NC,19.59,sold,BuyerA,29.61,
L001778,2026-06-10 16:23,roofing,facebook,fb_04,PA,26.12,unsold,,,
L001779,2026-06-10 12:37,bathroom,google,g_03,IN,35.17,sold,BuyerB,46.91,
L001780,2026-06-10 9:45,windows,facebook,fb_05,IL,19.87,returned,BuyerB,29.9,no_answer
L001781,2026-06-10 15:44,bathroom,facebook,fb_01,TX,25.63,sold,BuyerB,42.57,
L001782,2026-06-10 12:50,roofing,google,g_01,AZ,29.99,sold,BuyerD,34.37,
L001783,2026-06-11 11:53,roofing,facebook,fb_02,PA,25.07,sold,BuyerD,31.71,
L001784,2026-06-11 9:49,roofing,facebook,fb_08,TX,22.18,sold,BuyerC,55.62,
L001785,2026-06-11 15:03,windows,facebook,fb_01,NC,17.96,sold,BuyerA,30.45,
L001786,2026-06-11 13:07,bathroom,google,g_04,FL,50.02,sold,BuyerB,43.8,
L001787,2026-06-11 14:28,windows,facebook,fb_02,TN,17.82,sold,BuyerA,30.74,
L001788,2026-06-11 8:55,roofing,facebook,fb_03,GA,22.13,sold,BuyerC,52.13,
L001789,2026-06-11 9:04,roofing,facebook,fb_05,PA,18.88,sold,BuyerD,36.62,
L001790,2026-06-11 17:34,bathroom,facebook,fb_07,CA,25.59,sold,BuyerB,44.23,
L001791,2026-06-11 15:50,windows,facebook,fb_05,SC,20.18,sold,BuyerA,31.43,
L001792,2026-06-11 11:08,bathroom,google,g_01,IL,33.01,unsold,,,
L001793,2026-06-11 13:24,roofing,facebook,fb_03,TN,23.07,sold,BuyerD,32.84,
L001794,2026-06-11 17:54,roofing,facebook,fb_03,VA,19.72,unsold,,,
L001795,2026-06-11 15:48,bathroom,native,nt_01,PA,21.25,sold,BuyerB,44.43,
L001796,2026-06-11 13:29,windows,facebook,fb_03,FL,20.72,sold,BuyerB,28.47,
L001797,2026-06-11 6:42,roofing,facebook,fb_05,NY,29.04,sold,BuyerA,36.67,
L001798,2026-06-11 16:19,roofing,facebook,fb_02,TX,25.3,sold,BuyerC,51.22,
L001799,2026-06-11 17:54,roofing,facebook,fb_07,CA,21.92,sold,BuyerA,32.56,
L001800,2026-06-11 13:25,windows,facebook,fb_08,SC,24.18,sold,BuyerA,28.8,
L001801,2026-06-11 12:53,windows,facebook,fb_06,OH,17.76,sold,BuyerA,31.51,
L001802,2026-06-11 10:23,bathroom,facebook,fb_08,NJ,32.29,sold,BuyerB,44.31,
L001803,2026-06-11 6:32,roofing,facebook,fb_01,NY,22.84,sold,BuyerA,36.32,
L001804,2026-06-11 7:40,roofing,facebook,fb_07,FL,20.33,sold,BuyerC,53.98,
L001805,2026-06-11 13:59,bathroom,facebook,fb_06,PA,24.85,sold,BuyerE,39.79,
L001806,2026-06-11 16:41,windows,facebook,fb_07,FL,19.04,returned,BuyerA,29.67,not_homeowner
L001807,2026-06-11 17:07,bathroom,facebook,fb_07,FL,28.03,sold,BuyerB,44.36,
L001808,2026-06-11 19:03,roofing,native,nt_01,CA,21.12,sold,BuyerD,32.85,
L001809,2026-06-11 11:40,roofing,facebook,fb_06,GA,26.56,sold,BuyerC,53.28,
L001810,2026-06-11 9:00,bathroom,native,nt_02,AZ,17.93,unsold,,,
L001811,2026-06-11 17:36,windows,facebook,fb_05,TX,22.84,sold,BuyerB,30.1,
L001812,2026-06-11 12:11,bathroom,google,g_01,TN,29.05,sold,BuyerB,44.56,
L001813,2026-06-11 17:27,roofing,native,nt_01,OH,15.26,sold,BuyerD,34.01,
L001814,2026-06-11 18:18,windows,facebook,fb_02,TX,17.84,sold,BuyerA,29.71,
L001815,2026-06-11 16:39,windows,facebook,fb_03,TX,19.61,sold,BuyerA,28.39,
L001816,2026-06-11 18:13,windows,google,g_04,CA,31.06,unsold,,,
L001817,2026-06-11 9:58,roofing,google,g_03,FL,33.2,sold,BuyerC,50.52,
L001818,2026-06-11 14:43,roofing,facebook,fb_01,TX,23.68,sold,BuyerC,52.46,
L001819,2026-06-11 11:37,roofing,native,nt_02,MI,20.96,sold,BuyerA,36.41,
L001820,2026-06-11 15:18,bathroom,facebook,fb_04,FL,25.78,sold,BuyerE,36.16,
L001821,2026-06-11 16:31,windows,facebook,fb_04,FL,18.26,sold,BuyerB,30.12,
L001822,2026-06-11 11:56,roofing,google,g_02,OH,26.84,sold,BuyerA,37.26,
L001823,2026-06-11 12:13,windows,facebook,fb_01,FL,19.99,sold,BuyerA,28.07,
L001824,2026-06-11 18:48,roofing,facebook,fb_05,IL,24.91,unsold,,,
L001825,2026-06-11 13:03,windows,facebook,fb_03,IL,21.59,returned,BuyerB,29.53,not_homeowner
L001826,2026-06-11 13:24,roofing,facebook,fb_05,NY,27.05,sold,BuyerD,36.36,
L001827,2026-06-11 18:18,bathroom,facebook,fb_03,NC,29.37,sold,BuyerB,41.13,
L001828,2026-06-11 16:00,windows,google,g_03,SC,26.45,sold,BuyerA,29.67,
L001829,2026-06-11 12:46,bathroom,facebook,fb_03,CO,27.63,sold,BuyerE,39.48,
L001830,2026-06-11 9:13,bathroom,google,g_01,VA,37.87,returned,BuyerB,46.58,no_answer
L001831,2026-06-11 9:36,roofing,google,g_03,TN,32.98,sold,BuyerA,40.98,
L001832,2026-06-11 10:38,bathroom,google,g_04,CA,37.87,sold,BuyerE,39.49,
L001833,2026-06-11 16:21,bathroom,native,nt_02,IN,24.48,sold,BuyerB,45.81,
L001834,2026-06-11 11:22,roofing,facebook,fb_07,MI,25.04,sold,BuyerD,30.58,
L001835,2026-06-11 11:52,bathroom,google,g_02,NJ,32.3,sold,BuyerB,42.57,
L001836,2026-06-11 11:05,bathroom,facebook,fb_01,FL,27.46,sold,BuyerB,44.11,
L001837,2026-06-11 16:15,windows,facebook,fb_08,NJ,22.64,sold,BuyerB,27.91,
L001838,2026-06-11 11:29,roofing,google,g_03,TX,39.51,sold,BuyerC,52.33,
L001839,2026-06-11 12:26,bathroom,facebook,fb_06,TN,32.27,returned,BuyerB,46.83,no_answer
L001840,2026-06-11 17:05,roofing,facebook,fb_06,IL,26.88,sold,BuyerD,33.34,
L001841,2026-06-11 8:46,roofing,google,g_03,NC,35.12,sold,BuyerD,34.84,
L001842,2026-06-11 20:09,roofing,facebook,fb_07,NC,23.9,sold,BuyerA,35.25,
L001843,2026-06-11 14:50,windows,google,g_01,OH,26.8,sold,BuyerA,29.57,
L001844,2026-06-11 14:04,bathroom,facebook,fb_01,GA,27.07,sold,BuyerE,41.82,
L001845,2026-06-11 12:49,bathroom,google,g_01,CO,29.53,sold,BuyerE,41.77,
L001846,2026-06-11 13:46,bathroom,google,g_03,PA,39.74,sold,BuyerB,39.14,
L001847,2026-06-11 8:59,roofing,facebook,fb_08,IN,17.77,unsold,,,
L001848,2026-06-11 17:49,roofing,facebook,fb_06,IL,21.46,sold,BuyerD,34.81,
L001849,2026-06-11 8:13,roofing,facebook,fb_06,SC,21,sold,BuyerA,35,
L001850,2026-06-11 11:16,roofing,google,g_03,FL,36.93,sold,BuyerC,51.96,
L001851,2026-06-11 10:13,windows,facebook,fb_03,CA,21.75,sold,BuyerA,33.71,
L001852,2026-06-11 16:02,roofing,facebook,fb_04,NC,22.78,sold,BuyerD,35.74,
L001853,2026-06-11 6:12,roofing,native,nt_01,NC,13.96,sold,BuyerD,32.59,
L001854,2026-06-11 23:06,windows,facebook,fb_03,IN,18.8,sold,BuyerA,30.17,
L001855,2026-06-11 17:53,roofing,google,g_02,GA,31.23,returned,BuyerC,50.58,no_answer
L001856,2026-06-11 19:31,windows,native,nt_02,NC,17.69,sold,BuyerA,28.99,
L001857,2026-06-11 21:46,bathroom,facebook,fb_05,GA,23.85,sold,BuyerE,40.66,
L001858,2026-06-11 9:21,windows,facebook,fb_02,CA,20.65,sold,BuyerA,28.67,
L001859,2026-06-11 20:24,roofing,facebook,fb_04,TX,24.36,unsold,,,
L001860,2026-06-11 18:07,bathroom,facebook,fb_08,GA,28.31,sold,BuyerB,45.49,
L001861,2026-06-11 23:31,roofing,facebook,fb_01,PA,20.16,sold,BuyerA,38.12,
L001862,2026-06-11 14:20,roofing,google,g_03,AZ,25.89,sold,BuyerD,35.06,
L001863,2026-06-11 19:45,windows,native,nt_01,IL,18.07,sold,BuyerA,29.73,
L001864,2026-06-11 22:14,roofing,google,g_01,MI,30.17,sold,BuyerA,36.19,
L001865,2026-06-11 14:32,roofing,google,g_04,AZ,26.34,sold,BuyerA,35.84,
L001866,2026-06-11 12:17,roofing,facebook,fb_04,NJ,22.66,sold,BuyerD,36.07,
L001867,2026-06-11 19:43,bathroom,facebook,fb_07,CA,28.11,sold,BuyerB,44.58,
L001868,2026-06-11 21:58,bathroom,facebook,fb_04,TX,22,sold,BuyerE,40.05,
L001869,2026-06-11 17:08,roofing,facebook,fb_04,NY,21.54,sold,BuyerA,34.9,
L001870,2026-06-11 15:48,windows,google,g_04,TX,19.35,sold,BuyerA,31.08,
L001871,2026-06-11 15:01,roofing,facebook,fb_03,CA,23.43,sold,BuyerD,35.79,
L001872,2026-06-11 14:22,windows,facebook,fb_05,IN,21.25,sold,BuyerA,29.94,
L001873,2026-06-11 9:30,windows,facebook,fb_03,SC,18.59,sold,BuyerA,29.16,
L001874,2026-06-11 13:42,roofing,facebook,fb_05,MI,16.67,sold,BuyerD,33.49,
L001875,2026-06-11 17:06,roofing,google,g_01,TN,28.02,returned,BuyerA,35.74,out_of_service_area
L001876,2026-06-11 14:02,bathroom,facebook,fb_03,GA,25.09,sold,BuyerE,38.82,
L001877,2026-06-11 15:30,roofing,facebook,fb_03,MO,21.09,sold,BuyerA,38.19,
L001878,2026-06-11 16:16,roofing,facebook,fb_03,TN,27.36,sold,BuyerA,34.97,
L001879,2026-06-11 21:18,roofing,native,nt_01,MI,22.27,sold,BuyerA,37.06,
L001880,2026-06-11 12:41,windows,facebook,fb_01,MI,21.05,returned,BuyerA,29.91,out_of_service_area
L001881,2026-06-11 8:11,bathroom,google,g_02,FL,37.71,sold,BuyerB,46.03,
L001882,2026-06-11 13:05,roofing,google,g_04,FL,34.78,sold,BuyerC,52.51,
L001883,2026-06-11 16:11,windows,google,g_01,FL,25.67,sold,BuyerA,28.98,
L001884,2026-06-11 12:27,bathroom,native,nt_02,NC,22.01,sold,BuyerB,46.63,
L001885,2026-06-11 9:53,roofing,google,g_01,TN,35.18,sold,BuyerA,35.88,
L001886,2026-06-11 9:34,roofing,facebook,fb_07,GA,18.74,sold,BuyerC,53.33,
L001887,2026-06-11 11:15,windows,facebook,fb_06,NY,19.36,sold,BuyerB,29.95,
L001888,2026-06-11 13:01,roofing,facebook,fb_02,FL,21.45,sold,BuyerA,36.02,
L001889,2026-06-11 6:49,bathroom,google,g_01,GA,36.66,sold,BuyerB,40.73,
L001890,2026-06-11 11:00,roofing,facebook,fb_04,GA,24.13,sold,BuyerC,49.27,
L001891,2026-06-11 10:20,windows,facebook,fb_05,FL,19.79,sold,BuyerB,32.07,
L001892,2026-06-11 13:43,windows,facebook,fb_01,GA,23.69,sold,BuyerA,29.57,
L001893,2026-06-11 19:43,windows,facebook,fb_07,GA,17.75,sold,BuyerA,28.92,
L001894,2026-06-11 21:38,roofing,facebook,fb_07,CA,21.98,sold,BuyerD,34.86,
L001895,2026-06-11 11:55,roofing,google,g_02,TX,29.57,returned,BuyerC,50.73,bad_number
L001896,2026-06-11 16:14,roofing,facebook,fb_04,NC,22.89,sold,BuyerA,36.76,
L001897,2026-06-11 11:27,roofing,native,nt_02,CO,19.14,sold,BuyerD,31.94,
L001898,2026-06-11 8:19,roofing,native,nt_02,IL,17.54,sold,BuyerD,32.77,
L001899,2026-06-11 13:29,roofing,facebook,fb_03,NC,22.09,unsold,,,
L001900,2026-06-11 20:26,roofing,facebook,fb_03,MT,23.79,unsold,,,
L001901,2026-06-11 9:36,roofing,native,nt_02,TN,17.65,sold,BuyerA,37.34,
L001902,2026-06-11 13:23,roofing,facebook,fb_08,FL,21.62,sold,BuyerC,50.34,
L001903,2026-06-11 11:41,bathroom,native,nt_01,TX,23.57,sold,BuyerB,44.27,
L001904,2026-06-11 10:20,bathroom,facebook,fb_08,TX,25.03,sold,BuyerB,45.87,
L001905,2026-06-11 16:22,roofing,facebook,fb_05,GA,26.97,sold,BuyerD,37.12,
L001906,2026-06-11 12:09,roofing,facebook,fb_05,ID,19.13,sold,BuyerD,32.92,
L001907,2026-06-11 9:16,windows,facebook,fb_01,NC,18.05,sold,BuyerA,30.41,
L001908,2026-06-11 14:09,windows,facebook,fb_07,NY,22.16,sold,BuyerA,33.36,
L001909,2026-06-11 11:10,roofing,facebook,fb_05,FL,14.92,sold,BuyerA,35.49,
L001910,2026-06-11 8:45,roofing,google,g_02,NC,29.06,sold,BuyerD,36.52,
L001911,2026-06-11 9:40,windows,facebook,fb_07,TX,17.81,sold,BuyerA,30.8,
L001912,2026-06-11 11:15,windows,facebook,fb_02,FL,18.11,returned,BuyerA,29,out_of_service_area
L001913,2026-06-11 8:19,windows,facebook,fb_04,AZ,20.4,sold,BuyerA,30.21,
L001914,2026-06-11 16:51,roofing,google,g_01,OH,25.21,sold,BuyerD,34.61,
L001915,2026-06-11 14:59,bathroom,facebook,fb_02,IL,25.6,sold,BuyerE,43.71,
L001916,2026-06-11 13:48,bathroom,facebook,fb_01,GA,26.16,unsold,,,
L001917,2026-06-11 16:47,roofing,facebook,fb_03,ID,23.21,sold,BuyerD,33.17,
L001918,2026-06-11 14:30,roofing,facebook,fb_02,TX,21.08,returned,BuyerA,35.21,out_of_service_area
L001919,2026-06-11 8:59,bathroom,facebook,fb_05,TX,25.19,sold,BuyerB,42.92,
L001920,2026-06-11 18:03,windows,native,nt_02,NC,13.14,sold,BuyerA,32.65,
L001921,2026-06-11 12:59,roofing,facebook,fb_01,CA,24.76,sold,BuyerA,39.73,
L001922,2026-06-11 17:04,windows,google,g_02,PA,27.61,sold,BuyerA,33.04,
L001923,2026-06-11 15:27,roofing,google,g_02,CO,29.03,sold,BuyerA,36.15,
L001924,2026-06-11 12:56,windows,google,g_02,NJ,26.54,returned,BuyerB,31.11,duplicate
L001925,2026-06-11 12:43,roofing,facebook,fb_04,NC,22.81,returned,BuyerD,37.1,no_answer
L001926,2026-06-11 11:47,roofing,facebook,fb_05,TX,21.46,sold,BuyerA,36.76,
L001927,2026-06-11 9:07,windows,native,nt_02,CA,17.08,sold,BuyerA,29.33,
L001928,2026-06-11 15:02,roofing,facebook,fb_02,TX,27.19,sold,BuyerA,37.81,
L001929,2026-06-11 14:26,roofing,facebook,fb_07,TN,27.04,sold,BuyerA,35.7,
L001930,2026-06-11 13:54,roofing,google,g_01,CA,32.03,sold,BuyerD,37.35,
L001931,2026-06-11 18:19,bathroom,native,nt_02,SC,22.87,sold,BuyerB,44,
L001932,2026-06-11 14:51,roofing,facebook,fb_08,FL,21.83,sold,BuyerD,32.1,
L001933,2026-06-11 13:40,roofing,google,g_02,OH,33.79,sold,BuyerA,39.43,
L001934,2026-06-11 10:29,roofing,google,g_02,MO,30.44,sold,BuyerA,37.73,
L001935,2026-06-11 16:48,bathroom,google,g_01,MI,32.88,sold,BuyerB,43.15,
L001936,2026-06-11 12:33,roofing,facebook,fb_03,VA,20.67,sold,BuyerD,35.65,
L001937,2026-06-11 14:54,bathroom,facebook,fb_02,FL,26.66,sold,BuyerB,46.69,
L001938,2026-06-11 11:00,roofing,native,nt_02,CA,20.86,sold,BuyerA,37.76,
L001939,2026-06-11 6:28,bathroom,native,nt_01,CA,20.03,sold,BuyerB,45.69,
L001940,2026-06-11 16:16,roofing,facebook,fb_03,OH,21.07,sold,BuyerA,37.95,
L001941,2026-06-11 13:30,roofing,facebook,fb_01,NJ,24.88,sold,BuyerA,35.48,
L001942,2026-06-11 18:03,roofing,facebook,fb_07,AZ,24.52,sold,BuyerD,33.82,
L001943,2026-06-11 6:24,windows,google,g_04,ND,29.28,sold,BuyerA,29.55,
L001944,2026-06-11 21:34,windows,facebook,fb_04,OH,22.72,sold,BuyerA,32.19,
L001945,2026-06-11 11:30,windows,facebook,fb_01,CA,20.49,sold,BuyerA,31.44,
L001946,2026-06-11 20:45,windows,facebook,fb_08,NY,23.16,sold,BuyerA,31.38,
L001947,2026-06-11 13:31,roofing,native,nt_01,NC,18.39,sold,BuyerA,32.47,
L001948,2026-06-11 12:03,windows,facebook,fb_02,FL,21.3,sold,BuyerA,30.81,
L001949,2026-06-11 14:48,roofing,facebook,fb_03,NJ,23.65,sold,BuyerD,31.77,
L001950,2026-06-11 7:23,windows,facebook,fb_07,NC,22.19,returned,BuyerA,33.13,no_answer
L001951,2026-06-11 9:53,bathroom,google,g_02,VA,45.49,sold,BuyerE,37.44,
L001952,2026-06-11 10:15,bathroom,google,g_03,MT,42.79,unsold,,,
L001953,2026-06-11 14:37,windows,facebook,fb_03,GA,17.48,sold,BuyerB,28.48,
L001954,2026-06-11 19:27,roofing,facebook,fb_04,CA,24.74,returned,BuyerA,38.21,out_of_service_area
L001955,2026-06-11 23:24,bathroom,facebook,fb_07,NC,31.5,sold,BuyerE,40.3,
L001956,2026-06-11 15:14,windows,facebook,fb_08,IN,20.7,returned,BuyerA,29.98,no_answer
L001957,2026-06-11 12:05,bathroom,facebook,fb_08,TN,27.97,sold,BuyerB,46.52,
L001958,2026-06-11 11:20,roofing,native,nt_01,IN,19.33,sold,BuyerD,35.03,
L001959,2026-06-11 20:05,bathroom,facebook,fb_07,GA,31.05,unsold,,,
L001960,2026-06-11 10:51,roofing,native,nt_01,AZ,18.03,sold,BuyerA,33.2,
L001961,2026-06-11 6:55,windows,facebook,fb_02,PA,17.99,sold,BuyerA,28.19,
L001962,2026-06-11 18:47,windows,facebook,fb_03,IL,18.18,sold,BuyerA,31.23,
L001963,2026-06-11 14:55,roofing,facebook,fb_08,NY,23.78,sold,BuyerA,30.25,
L001964,2026-06-11 18:20,roofing,facebook,fb_02,FL,20.36,sold,BuyerD,35.9,
L001965,2026-06-11 14:26,roofing,native,nt_01,FL,20.42,sold,BuyerA,37.86,
L001966,2026-06-11 16:24,roofing,facebook,fb_01,NY,19.73,sold,BuyerA,36.16,
L001967,2026-06-11 21:17,roofing,facebook,fb_01,GA,22.83,sold,BuyerA,32.65,
L001968,2026-06-11 16:40,bathroom,facebook,fb_03,CA,27.14,sold,BuyerE,43.54,
L001969,2026-06-11 11:38,roofing,facebook,fb_03,VA,23.17,unsold,,,
L001970,2026-06-11 19:26,windows,facebook,fb_01,PA,21.67,sold,BuyerA,30.75,
L001971,2026-06-11 6:28,windows,facebook,fb_05,ND,17.29,sold,BuyerB,27.76,
L001972,2026-06-11 12:15,roofing,facebook,fb_02,NC,24.12,sold,BuyerD,33.32,
L001973,2026-06-11 10:51,windows,google,g_01,AZ,30.68,unsold,,,
L001974,2026-06-11 16:55,windows,google,g_01,TX,28.89,returned,BuyerA,31.84,not_homeowner
L001975,2026-06-11 18:43,roofing,google,g_04,VA,30.97,sold,BuyerD,34.48,
L001976,2026-06-11 9:42,bathroom,native,nt_01,SC,16.99,sold,BuyerE,40.94,
L001977,2026-06-11 13:47,bathroom,facebook,fb_05,FL,25.41,sold,BuyerB,47.13,
L001978,2026-06-11 15:14,windows,facebook,fb_08,IN,14.05,sold,BuyerB,30.14,
L001979,2026-06-12 11:04,roofing,facebook,fb_01,MO,20.97,sold,BuyerA,39.03,
L001980,2026-06-12 20:21,bathroom,facebook,fb_06,MO,26.87,sold,BuyerB,46.34,
L001981,2026-06-12 9:01,roofing,facebook,fb_08,OH,23.44,sold,BuyerA,33.51,
L001982,2026-06-12 14:13,windows,facebook,fb_05,NC,23.58,sold,BuyerA,30.65,
L001983,2026-06-12 17:57,windows,google,g_02,CA,29.21,sold,BuyerA,29.45,
L001984,2026-06-12 14:41,windows,google,g_03,TX,29.84,sold,BuyerA,29.58,
L001985,2026-06-12 11:32,roofing,facebook,fb_06,IN,27.49,sold,BuyerD,32.48,
L001986,2026-06-12 9:25,bathroom,native,nt_02,TX,20.27,sold,BuyerB,45.61,
L001987,2026-06-12 6:22,windows,facebook,fb_01,CA,18.89,sold,BuyerA,30.86,
L001988,2026-06-12 9:05,windows,facebook,fb_06,FL,21.66,sold,BuyerA,29.45,
L001989,2026-06-12 18:46,bathroom,native,nt_02,FL,18.95,sold,BuyerB,43.94,
L001990,2026-06-12 12:45,roofing,facebook,fb_04,OH,28.74,sold,BuyerD,31.72,
L001991,2026-06-12 7:25,windows,google,g_01,CA,32.2,unsold,,,
L001992,2026-06-12 9:51,bathroom,facebook,fb_08,ID,24.28,unsold,,,
L001993,2026-06-12 15:24,windows,google,g_04,GA,24.65,sold,BuyerA,32.53,
L001994,2026-06-12 18:58,bathroom,facebook,fb_07,FL,29.28,sold,BuyerB,44.35,
L001995,2026-06-12 13:47,roofing,facebook,fb_04,CO,24.97,sold,BuyerA,37.4,
L001996,2026-06-12 10:44,bathroom,google,g_04,OH,33.01,unsold,,,
L001997,2026-06-12 15:15,bathroom,facebook,fb_02,CA,29.3,returned,BuyerB,42.81,bad_number
L001998,2026-06-12 12:16,windows,facebook,fb_01,PA,20.49,sold,BuyerB,28.87,
L001999,2026-06-12 18:32,roofing,native,nt_01,CO,16.57,sold,BuyerA,33.96,
L002000,2026-06-12 18:45,roofing,native,nt_02,IN,16.61,sold,BuyerA,36.87,
L002001,2026-06-12 8:57,roofing,facebook,fb_03,TX,21.8,sold,BuyerC,53.22,
L002002,2026-06-12 17:31,roofing,google,g_04,AZ,30.46,sold,BuyerD,36.11,
L002003,2026-06-12 12:18,bathroom,facebook,fb_08,VA,26.29,sold,BuyerE,39.17,
L002004,2026-06-12 13:03,roofing,facebook,fb_02,FL,24.24,sold,BuyerD,33.81,
L002005,2026-06-12 8:14,bathroom,google,g_01,GA,39.27,sold,BuyerB,40.95,
L002006,2026-06-12 12:34,roofing,google,g_01,NC,34.02,sold,BuyerA,35.18,
L002007,2026-06-12 11:22,roofing,native,nt_02,PA,20.52,unsold,,,
L002008,2026-06-12 9:15,roofing,facebook,fb_02,FL,28.11,sold,BuyerC,50.63,
L002009,2026-06-12 19:42,roofing,facebook,fb_05,CO,22.4,sold,BuyerD,30.49,
L002010,2026-06-12 10:10,windows,google,g_02,FL,24.75,returned,BuyerA,31.21,not_homeowner
L002011,2026-06-12 16:07,bathroom,facebook,fb_07,NY,26.6,sold,BuyerE,42.58,
L002012,2026-06-12 7:06,windows,google,g_01,TX,26.84,sold,BuyerB,29.18,
L002013,2026-06-12 17:32,bathroom,facebook,fb_04,CO,33.54,sold,BuyerB,46.35,
L002014,2026-06-12 15:57,roofing,facebook,fb_03,AZ,21.79,sold,BuyerD,35.26,
L002015,2026-06-12 16:32,windows,facebook,fb_08,TX,17.61,sold,BuyerA,31.9,
L002016,2026-06-12 9:27,roofing,facebook,fb_07,FL,22.4,sold,BuyerC,52.89,
L002017,2026-06-12 17:47,bathroom,facebook,fb_01,GA,28.82,sold,BuyerB,39.51,
L002018,2026-06-12 7:54,roofing,facebook,fb_07,AZ,23.63,unsold,,,
L002019,2026-06-12 23:10,roofing,facebook,fb_05,GA,20.54,sold,BuyerC,52.77,
L002020,2026-06-12 14:32,bathroom,native,nt_01,MO,18.24,sold,BuyerE,38.18,
L002021,2026-06-12 16:52,roofing,facebook,fb_02,OH,20.6,sold,BuyerA,35.71,
L002022,2026-06-12 12:46,roofing,google,g_03,GA,39.34,sold,BuyerC,53.13,
L002023,2026-06-12 18:59,bathroom,google,g_03,GA,46.75,sold,BuyerE,40.35,
L002024,2026-06-12 22:10,windows,facebook,fb_08,NC,16.39,sold,BuyerA,28.53,
L002025,2026-06-12 13:08,windows,google,g_04,NJ,27.97,returned,BuyerB,29.73,not_homeowner
L002026,2026-06-12 11:35,windows,google,g_04,ID,24.15,sold,BuyerA,32.28,
L002027,2026-06-12 17:59,roofing,facebook,fb_02,NJ,27.91,sold,BuyerA,36.06,
L002028,2026-06-12 8:41,roofing,facebook,fb_08,IN,20.99,sold,BuyerD,32.38,
L002029,2026-06-12 20:35,windows,google,g_02,GA,28.46,sold,BuyerA,32.33,
L002030,2026-06-12 7:28,roofing,facebook,fb_04,IL,22.81,sold,BuyerD,38.12,
L002031,2026-06-12 18:40,roofing,google,g_03,CA,39.29,sold,BuyerA,36.19,
L002032,2026-06-12 14:50,roofing,native,nt_01,AZ,20.46,sold,BuyerD,36.9,
L002033,2026-06-12 13:06,roofing,google,g_03,CA,34.82,sold,BuyerD,35.52,
L002034,2026-06-12 15:20,roofing,google,g_04,GA,27.74,sold,BuyerC,52.3,
L002035,2026-06-12 6:23,windows,facebook,fb_07,WY,22.33,sold,BuyerA,28.3,
L002036,2026-06-12 11:31,windows,facebook,fb_04,SC,21.11,sold,BuyerA,28.72,
L002037,2026-06-12 16:05,bathroom,google,g_04,NJ,39.43,sold,BuyerB,44.75,
L002038,2026-06-12 18:43,roofing,facebook,fb_06,CO,20.6,returned,BuyerD,33.92,no_answer
L002039,2026-06-12 18:58,roofing,google,g_04,MO,28.5,sold,BuyerD,34.62,
L002040,2026-06-12 12:09,roofing,facebook,fb_06,TN,26.6,sold,BuyerD,36.37,
L002041,2026-06-12 17:28,windows,google,g_03,NC,25.83,sold,BuyerA,30.07,
L002042,2026-06-12 13:56,roofing,facebook,fb_04,MT,19.89,unsold,,,
L002043,2026-06-12 16:58,windows,facebook,fb_05,CA,22.39,sold,BuyerA,31.23,
L002044,2026-06-12 18:26,roofing,google,g_01,NC,29.6,sold,BuyerA,35.52,
L002045,2026-06-12 20:52,roofing,native,nt_01,NC,15.55,sold,BuyerD,37.28,
L002046,2026-06-12 18:35,bathroom,google,g_01,CA,33.99,sold,BuyerB,41.72,
L002047,2026-06-12 12:57,bathroom,facebook,fb_06,AZ,28.06,sold,BuyerB,44.35,
L002048,2026-06-12 8:44,bathroom,facebook,fb_07,SC,29.31,sold,BuyerB,46.6,
L002049,2026-06-12 15:35,bathroom,native,nt_01,MI,23.56,sold,BuyerB,42.45,
L002050,2026-06-12 17:32,roofing,facebook,fb_03,FL,20.97,unsold,,,
L002051,2026-06-12 10:23,roofing,facebook,fb_05,NY,23.41,sold,BuyerA,32.7,
L002052,2026-06-12 12:06,roofing,facebook,fb_07,NY,20.04,sold,BuyerD,32.61,
L002053,2026-06-12 11:42,windows,facebook,fb_01,ID,19.43,unsold,,,
L002054,2026-06-12 16:36,bathroom,native,nt_02,CA,21.56,unsold,,,
L002055,2026-06-12 8:10,roofing,native,nt_01,FL,20.21,sold,BuyerC,51.37,
L002056,2026-06-12 7:15,windows,native,nt_02,CA,15.4,returned,BuyerA,29.55,bad_number
L002057,2026-06-12 18:03,roofing,google,g_04,NJ,26.51,sold,BuyerD,34.13,
L002058,2026-06-12 11:27,roofing,facebook,fb_05,PA,30.24,sold,BuyerA,34.11,
L002059,2026-06-12 11:33,windows,facebook,fb_08,ID,18.78,unsold,,,
L002060,2026-06-12 6:09,windows,facebook,fb_01,NJ,20.63,sold,BuyerA,30.02,
L002061,2026-06-12 17:10,bathroom,facebook,fb_05,NY,20.8,sold,BuyerB,47.07,
L002062,2026-06-12 13:00,windows,facebook,fb_06,CO,21.81,sold,BuyerA,31.05,
L002063,2026-06-12 14:25,windows,google,g_01,IL,24.81,sold,BuyerA,29.04,
L002064,2026-06-12 18:44,bathroom,google,g_02,OH,30.97,sold,BuyerB,45.44,
L002065,2026-06-12 13:45,bathroom,google,g_03,WY,31.37,unsold,,,
L002066,2026-06-12 9:50,bathroom,native,nt_01,GA,20.57,sold,BuyerB,45.53,
L002067,2026-06-12 16:42,roofing,facebook,fb_05,MI,20.74,unsold,,,
L002068,2026-06-12 7:55,bathroom,facebook,fb_04,NC,31.21,sold,BuyerE,38.01,
L002069,2026-06-12 7:25,roofing,facebook,fb_07,OH,23.7,sold,BuyerA,33.69,
L002070,2026-06-12 11:33,roofing,facebook,fb_01,CA,22.74,sold,BuyerD,38.03,
L002071,2026-06-12 9:49,roofing,facebook,fb_07,GA,23.1,sold,BuyerC,53.25,
L002072,2026-06-12 19:30,bathroom,native,nt_01,AZ,22.67,sold,BuyerE,36.74,
L002073,2026-06-12 23:21,roofing,facebook,fb_02,NC,20.19,sold,BuyerA,38.08,
L002074,2026-06-12 7:00,bathroom,facebook,fb_02,FL,24.48,sold,BuyerE,42.32,
L002075,2026-06-12 14:20,windows,facebook,fb_01,SC,22.87,sold,BuyerA,29.05,
L002076,2026-06-12 14:24,roofing,facebook,fb_03,CA,21.32,sold,BuyerA,36.68,
L002077,2026-06-12 14:16,bathroom,facebook,fb_03,CO,19.84,unsold,,,
L002078,2026-06-12 18:52,bathroom,facebook,fb_07,GA,27.02,sold,BuyerE,39.02,
L002079,2026-06-12 20:41,windows,native,nt_01,GA,12.81,sold,BuyerA,33.68,
L002080,2026-06-12 19:46,bathroom,facebook,fb_07,NY,31.08,sold,BuyerE,41.36,
L002081,2026-06-12 18:01,roofing,facebook,fb_03,PA,23.46,sold,BuyerA,36.62,
L002082,2026-06-12 12:40,windows,facebook,fb_03,TX,18.63,sold,BuyerA,29.64,
L002083,2026-06-12 8:59,roofing,facebook,fb_04,VA,21.1,sold,BuyerA,34.29,
L002084,2026-06-12 7:19,bathroom,facebook,fb_07,NJ,24.36,sold,BuyerB,46.94,
L002085,2026-06-12 11:39,roofing,facebook,fb_05,FL,20.53,sold,BuyerA,37.6,
L002086,2026-06-12 12:07,roofing,facebook,fb_05,NY,27.02,sold,BuyerD,33.31,
L002087,2026-06-12 13:02,bathroom,native,nt_02,CA,21.73,sold,BuyerE,36.65,
L002088,2026-06-12 13:49,roofing,native,nt_01,MI,19.01,sold,BuyerD,33.66,
L002089,2026-06-12 17:08,roofing,facebook,fb_08,NJ,22.95,sold,BuyerA,38.39,
L002090,2026-06-12 14:10,bathroom,facebook,fb_06,FL,33.37,returned,BuyerE,39.22,no_answer
L002091,2026-06-12 17:28,windows,google,g_01,GA,27.03,sold,BuyerA,28.02,
L002092,2026-06-12 19:34,bathroom,google,g_03,FL,31.92,sold,BuyerE,38.42,
L002093,2026-06-12 11:40,roofing,native,nt_02,PA,19.16,sold,BuyerA,35.54,
L002094,2026-06-12 14:29,bathroom,facebook,fb_03,IN,32.66,sold,BuyerE,43.5,
L002095,2026-06-12 16:05,windows,google,g_03,GA,29.13,sold,BuyerA,31.08,
L002096,2026-06-12 18:59,bathroom,facebook,fb_07,FL,24.86,sold,BuyerE,39.96,
L002097,2026-06-12 15:46,bathroom,native,nt_02,IL,19.41,sold,BuyerE,39.56,
L002098,2026-06-12 9:24,roofing,native,nt_02,TN,16.17,sold,BuyerA,35.13,
L002099,2026-06-12 16:25,roofing,facebook,fb_02,GA,20.46,sold,BuyerC,50.74,
L002100,2026-06-12 14:37,bathroom,facebook,fb_06,TN,26.74,sold,BuyerB,39.8,
L002101,2026-06-12 15:09,windows,google,g_02,FL,25.29,unsold,,,
L002102,2026-06-12 11:58,windows,google,g_04,CO,31.02,sold,BuyerA,30.21,
L002103,2026-06-12 19:20,roofing,google,g_02,OH,29.09,sold,BuyerA,36.04,
L002104,2026-06-12 14:59,bathroom,google,g_01,VA,34.19,sold,BuyerB,41.93,
L002105,2026-06-12 14:17,windows,facebook,fb_03,VA,18.59,sold,BuyerA,29.91,
L002106,2026-06-12 12:37,windows,facebook,fb_04,NC,22.2,sold,BuyerB,28.93,
L002107,2026-06-12 17:39,windows,facebook,fb_06,TX,20.47,sold,BuyerA,31.52,
L002108,2026-06-12 14:30,windows,facebook,fb_01,CA,17.42,sold,BuyerA,30.78,
L002109,2026-06-12 16:54,bathroom,google,g_04,TN,38.02,sold,BuyerB,46.6,
L002110,2026-06-12 14:05,windows,facebook,fb_04,GA,15.94,sold,BuyerA,31.48,
L002111,2026-06-12 13:37,windows,google,g_02,VA,26.13,sold,BuyerB,27.91,
L002112,2026-06-12 11:54,bathroom,native,nt_02,GA,20.42,sold,BuyerE,39.32,
L002113,2026-06-12 6:52,bathroom,facebook,fb_02,GA,25.08,sold,BuyerB,43.85,
L002114,2026-06-12 18:54,roofing,facebook,fb_01,IN,23.38,sold,BuyerA,37.12,
L002115,2026-06-12 14:15,roofing,facebook,fb_07,OH,20.26,sold,BuyerA,35.33,
L002116,2026-06-12 19:32,roofing,facebook,fb_01,IN,26.08,sold,BuyerA,35.32,
L002117,2026-06-12 23:17,bathroom,facebook,fb_04,MI,17.77,returned,BuyerB,44.7,out_of_service_area
L002118,2026-06-12 9:50,roofing,google,g_01,PA,32,unsold,,,
L002119,2026-06-12 20:33,bathroom,facebook,fb_04,SC,28.68,sold,BuyerB,44.53,
L002120,2026-06-12 14:18,windows,facebook,fb_08,CA,21.61,sold,BuyerA,32.1,
L002121,2026-06-12 13:13,windows,facebook,fb_07,FL,21.07,unsold,,,
L002122,2026-06-12 14:20,windows,native,nt_01,CA,17.51,sold,BuyerF,29.22,
L002123,2026-06-12 12:25,bathroom,native,nt_01,NJ,22.86,returned,BuyerE,37.74,out_of_service_area
L002124,2026-06-12 18:05,windows,facebook,fb_02,IL,20.06,sold,BuyerA,29.81,
L002125,2026-06-12 12:31,roofing,facebook,fb_01,OH,22.29,sold,BuyerA,35.48,
L002126,2026-06-12 21:27,roofing,google,g_01,CA,31.91,sold,BuyerD,37.3,
L002127,2026-06-12 13:10,roofing,google,g_02,NC,32.07,sold,BuyerD,32.65,
L002128,2026-06-12 16:28,bathroom,google,g_03,VA,28.46,sold,BuyerB,47.63,
L002129,2026-06-12 14:52,roofing,native,nt_01,GA,23.18,sold,BuyerC,50.05,
L002130,2026-06-12 16:28,roofing,google,g_01,TN,28.44,sold,BuyerA,35.88,
L002131,2026-06-12 9:32,windows,google,g_01,TX,32.41,sold,BuyerA,32.47,
L002132,2026-06-12 11:27,windows,native,nt_01,PA,15.91,sold,BuyerB,30.52,
L002133,2026-06-12 12:51,roofing,google,g_01,WY,23.46,sold,BuyerA,33.33,
L002134,2026-06-12 12:14,roofing,facebook,fb_01,IL,25.86,sold,BuyerD,32.44,
L002135,2026-06-12 8:35,windows,facebook,fb_01,OH,19.69,sold,BuyerA,29.25,
L002136,2026-06-12 13:02,roofing,facebook,fb_07,NY,25.93,sold,BuyerA,37.07,
L002137,2026-06-12 10:14,windows,google,g_03,GA,25.43,returned,BuyerA,30.06,bad_number
L002138,2026-06-12 15:46,roofing,facebook,fb_07,TX,22.74,sold,BuyerC,53.71,
L002139,2026-06-12 7:01,windows,google,g_02,TX,30.28,sold,BuyerA,27.27,
L002140,2026-06-12 14:53,bathroom,native,nt_02,AZ,21.43,sold,BuyerB,42.38,
L002141,2026-06-12 10:55,windows,facebook,fb_08,ID,23.78,unsold,,,
L002142,2026-06-12 13:13,roofing,native,nt_01,TX,22.35,sold,BuyerC,50.09,
L002143,2026-06-12 21:21,windows,google,g_02,PA,26.79,sold,BuyerA,30.48,
L002144,2026-06-12 11:59,roofing,native,nt_01,IN,17.62,sold,BuyerD,33.47,
L002145,2026-06-12 19:11,windows,facebook,fb_08,FL,18.95,sold,BuyerB,31.04,
L002146,2026-06-12 17:40,bathroom,facebook,fb_02,OH,30.72,unsold,,,
L002147,2026-06-12 8:58,bathroom,native,nt_01,FL,24.68,returned,BuyerB,44.16,duplicate
L002148,2026-06-12 15:28,roofing,google,g_01,SC,26.64,sold,BuyerD,31.84,
L002149,2026-06-12 8:13,roofing,google,g_04,FL,31.36,sold,BuyerD,34.73,
L002150,2026-06-12 18:50,bathroom,google,g_01,OH,35.3,sold,BuyerE,39.61,
L002151,2026-06-12 14:03,windows,google,g_03,IL,28.24,sold,BuyerA,30.66,
L002152,2026-06-12 11:57,bathroom,facebook,fb_01,FL,26.2,returned,BuyerE,40.38,bad_number
L002153,2026-06-12 17:46,windows,facebook,fb_04,IL,20.33,sold,BuyerA,27.66,
L002154,2026-06-12 11:59,bathroom,google,g_02,FL,36.24,sold,BuyerB,45.93,
L002155,2026-06-12 10:33,windows,google,g_01,MT,28.9,sold,BuyerA,30.76,
L002156,2026-06-12 18:53,windows,google,g_03,SC,27.9,returned,BuyerA,31.18,no_answer
L002157,2026-06-12 6:35,windows,facebook,fb_02,CA,20.46,sold,BuyerA,32.37,
L002158,2026-06-12 10:27,roofing,native,nt_02,TN,16.43,returned,BuyerD,36.17,not_homeowner
L002159,2026-06-12 13:19,bathroom,google,g_04,MO,35.46,sold,BuyerE,38,
L002160,2026-06-12 16:35,bathroom,facebook,fb_02,PA,29.08,sold,BuyerE,37.41,
L002161,2026-06-12 10:46,windows,google,g_01,TX,24.96,sold,BuyerA,28.78,
L002162,2026-06-12 18:39,windows,facebook,fb_03,NC,19.13,sold,BuyerA,30.09,
L002163,2026-06-12 12:42,windows,facebook,fb_08,CA,18.05,sold,BuyerA,30.26,
L002164,2026-06-12 8:56,bathroom,facebook,fb_02,NC,31.57,sold,BuyerE,39.56,
L002165,2026-06-12 17:20,windows,facebook,fb_03,SC,20.19,sold,BuyerA,30.92,
L002166,2026-06-12 6:33,windows,facebook,fb_03,NC,19.92,sold,BuyerA,31.39,
L002167,2026-06-12 10:31,roofing,facebook,fb_07,OH,18.84,sold,BuyerD,31.5,
L002168,2026-06-13 16:32,bathroom,facebook,fb_03,FL,27.66,sold,BuyerB,42.85,
L002169,2026-06-13 12:10,bathroom,facebook,fb_03,GA,26.73,sold,BuyerB,47.23,
L002170,2026-06-13 21:55,bathroom,facebook,fb_07,VA,26.76,sold,BuyerB,42.31,
L002171,2026-06-13 7:19,roofing,google,g_01,TN,21.45,returned,BuyerA,35.95,no_answer
L002172,2026-06-13 20:43,windows,native,nt_01,OH,20.97,sold,BuyerA,30.95,
L002173,2026-06-13 15:36,roofing,google,g_03,CA,34.64,sold,BuyerD,37.52,
L002174,2026-06-13 23:39,roofing,native,nt_02,TX,19.08,sold,BuyerC,51.36,
L002175,2026-06-13 8:39,bathroom,facebook,fb_06,CO,27.73,sold,BuyerE,40.19,
L002176,2026-06-13 16:48,bathroom,facebook,fb_03,VA,31.46,returned,BuyerE,38.58,bad_number
L002177,2026-06-13 15:11,roofing,google,g_02,FL,31.95,sold,BuyerC,52.18,
L002178,2026-06-13 19:39,windows,google,g_04,AZ,30.57,sold,BuyerA,29.88,
L002179,2026-06-13 14:55,bathroom,facebook,fb_04,FL,21.99,unsold,,,
L002180,2026-06-13 15:53,windows,facebook,fb_06,VA,23.41,sold,BuyerA,30.37,
L002181,2026-06-13 15:57,windows,facebook,fb_02,CA,20.68,returned,BuyerA,30.18,out_of_service_area
L002182,2026-06-13 13:26,bathroom,native,nt_01,MI,20.31,returned,BuyerB,42.49,duplicate
L002183,2026-06-13 19:39,bathroom,facebook,fb_02,ID,21.42,sold,BuyerE,41.56,
L002184,2026-06-13 18:18,bathroom,facebook,fb_04,SC,24.93,sold,BuyerB,41.46,
L002185,2026-06-13 16:38,roofing,native,nt_01,FL,19.05,sold,BuyerC,51.37,
L002186,2026-06-13 11:41,roofing,google,g_02,TX,35.92,sold,BuyerC,51.76,
L002187,2026-06-13 18:27,bathroom,native,nt_02,OH,20.55,sold,BuyerB,46.8,
L002188,2026-06-13 17:49,roofing,facebook,fb_08,TX,25.24,sold,BuyerC,52.45,
L002189,2026-06-13 11:35,bathroom,facebook,fb_07,CA,31.05,returned,BuyerB,46.12,no_answer
L002190,2026-06-13 15:36,roofing,facebook,fb_01,MO,21.89,sold,BuyerD,35.26,
L002191,2026-06-13 19:34,windows,facebook,fb_03,NC,19.36,sold,BuyerA,30.87,
L002192,2026-06-13 23:43,windows,facebook,fb_07,PA,22.53,sold,BuyerA,29.52,
L002193,2026-06-13 23:00,bathroom,facebook,fb_04,AZ,25.22,sold,BuyerB,44.38,
L002194,2026-06-13 14:34,roofing,facebook,fb_03,MI,15.5,sold,BuyerA,39.28,
L002195,2026-06-13 16:11,roofing,google,g_02,MI,22.67,returned,BuyerD,31.83,duplicate
L002196,2026-06-13 19:24,roofing,facebook,fb_08,OH,25.23,sold,BuyerA,33.89,
L002197,2026-06-13 13:28,windows,facebook,fb_04,TX,18.51,sold,BuyerA,29.67,
L002198,2026-06-13 15:33,windows,native,nt_01,OH,14.49,sold,BuyerB,28.2,
L002199,2026-06-13 14:44,roofing,google,g_01,NC,28.28,sold,BuyerD,35.49,
L002200,2026-06-13 11:30,windows,facebook,fb_01,MT,17.89,unsold,,,
L002201,2026-06-13 12:49,bathroom,facebook,fb_01,NC,30.09,sold,BuyerE,39.68,
L002202,2026-06-13 15:02,windows,facebook,fb_05,OH,23.03,sold,BuyerA,28.7,
L002203,2026-06-13 16:33,roofing,facebook,fb_04,CA,22.34,sold,BuyerA,32.5,
L002204,2026-06-13 14:58,roofing,facebook,fb_07,TX,22.64,sold,BuyerC,51.68,
L002205,2026-06-13 10:25,roofing,facebook,fb_01,TX,29.9,sold,BuyerC,50.91,
L002206,2026-06-13 15:45,bathroom,facebook,fb_08,CA,28.65,sold,BuyerE,38.2,
L002207,2026-06-13 17:19,windows,facebook,fb_02,FL,18.56,unsold,,,
L002208,2026-06-13 15:26,bathroom,facebook,fb_02,MO,30.33,sold,BuyerB,45.22,
L002209,2026-06-13 15:36,roofing,facebook,fb_04,IL,21.01,sold,BuyerA,36.67,
L002210,2026-06-13 21:03,windows,facebook,fb_07,CA,22.32,returned,BuyerA,29.16,not_homeowner
L002211,2026-06-13 16:06,roofing,facebook,fb_03,PA,25.93,sold,BuyerA,34.39,
L002212,2026-06-13 19:41,bathroom,native,nt_01,CA,24.57,sold,BuyerB,45.85,
L002213,2026-06-13 17:29,bathroom,native,nt_01,VA,25.29,sold,BuyerE,36.55,
L002214,2026-06-13 11:50,windows,native,nt_02,GA,18.49,sold,BuyerA,31.33,
L002215,2026-06-13 23:33,roofing,facebook,fb_06,VA,26.87,sold,BuyerA,37.1,
L002216,2026-06-13 12:21,bathroom,google,g_02,TX,36.8,returned,BuyerB,46.36,no_answer
L002217,2026-06-13 11:34,roofing,facebook,fb_02,CA,24.66,unsold,,,
L002218,2026-06-13 13:59,roofing,facebook,fb_08,TX,26.52,sold,BuyerC,52.37,
L002219,2026-06-13 12:30,windows,facebook,fb_03,TX,18.69,sold,BuyerA,29.47,
L002220,2026-06-13 16:23,windows,facebook,fb_04,TX,14.44,sold,BuyerA,32.22,
L002221,2026-06-13 6:30,windows,facebook,fb_02,TX,17.24,sold,BuyerA,31.24,
L002222,2026-06-13 18:01,bathroom,google,g_04,NJ,33.53,sold,BuyerB,42.56,
L002223,2026-06-13 22:15,roofing,facebook,fb_07,OH,22.77,returned,BuyerD,35.38,duplicate
L002224,2026-06-13 6:07,roofing,native,nt_01,NJ,17.48,returned,BuyerD,30.98,bad_number
L002225,2026-06-13 20:08,roofing,facebook,fb_07,FL,22.45,sold,BuyerC,54.15,
L002226,2026-06-13 18:03,bathroom,google,g_02,TX,40.61,sold,BuyerB,43.63,
L002227,2026-06-13 13:11,windows,native,nt_01,NC,17.35,sold,BuyerA,30.24,
L002228,2026-06-13 17:29,roofing,facebook,fb_04,PA,17.51,sold,BuyerD,35.28,
L002229,2026-06-13 10:40,windows,facebook,fb_03,CA,22.5,sold,BuyerA,30.92,
L002230,2026-06-13 13:46,windows,facebook,fb_07,TX,19.2,returned,BuyerA,31.63,no_answer
L002231,2026-06-13 20:41,windows,native,nt_01,GA,18.65,sold,BuyerA,30.2,
L002232,2026-06-13 17:35,bathroom,facebook,fb_01,MO,23.9,sold,BuyerB,44.39,
L002233,2026-06-13 10:48,windows,facebook,fb_02,TX,21.49,sold,BuyerB,28.82,
L002234,2026-06-13 15:28,bathroom,google,g_04,SC,36.87,sold,BuyerE,44.03,
L002235,2026-06-13 14:55,bathroom,facebook,fb_06,TN,29.54,sold,BuyerE,39.74,
L002236,2026-06-13 14:00,windows,facebook,fb_04,TX,19.73,sold,BuyerA,30.78,
L002237,2026-06-13 17:27,bathroom,google,g_01,OH,34.76,sold,BuyerE,42.14,
L002238,2026-06-13 7:49,windows,facebook,fb_07,MO,18.24,sold,BuyerA,29.72,
L002239,2026-06-13 14:36,bathroom,google,g_01,WY,34.3,sold,BuyerE,39.77,
L002240,2026-06-13 12:07,windows,native,nt_01,GA,19.86,sold,BuyerB,30.37,
L002241,2026-06-13 8:02,bathroom,google,g_01,ID,38.09,returned,BuyerE,39.69,no_answer
L002242,2026-06-13 13:53,roofing,facebook,fb_03,FL,24.92,sold,BuyerC,52.98,
L002243,2026-06-13 15:22,roofing,facebook,fb_03,CA,20.14,sold,BuyerA,34.01,
L002244,2026-06-13 14:21,bathroom,facebook,fb_05,GA,32.11,sold,BuyerE,41.6,
L002245,2026-06-13 15:18,roofing,facebook,fb_08,IL,18.77,returned,BuyerA,35.47,out_of_service_area
L002246,2026-06-13 18:19,windows,facebook,fb_02,CA,19.75,sold,BuyerF,27.33,
L002247,2026-06-13 6:29,windows,native,nt_01,TN,14.82,sold,BuyerA,32.06,
L002248,2026-06-13 13:08,windows,facebook,fb_04,FL,20.89,returned,BuyerA,31.51,no_answer
L002249,2026-06-13 9:37,roofing,facebook,fb_02,GA,21.6,sold,BuyerC,52.35,
L002250,2026-06-13 16:13,roofing,google,g_03,NY,34.25,unsold,,,
L002251,2026-06-13 13:21,windows,google,g_01,CA,30.59,unsold,,,
L002252,2026-06-13 14:29,bathroom,native,nt_01,GA,24.16,sold,BuyerB,46.33,
L002253,2026-06-13 17:54,bathroom,google,g_01,FL,37.1,returned,BuyerB,45,no_answer
L002254,2026-06-13 11:43,windows,facebook,fb_02,NY,18.9,sold,BuyerA,29.55,
L002255,2026-06-13 16:19,roofing,facebook,fb_01,MI,20.38,sold,BuyerD,31.97,
L002256,2026-06-13 11:43,bathroom,facebook,fb_03,NJ,22.44,unsold,,,
L002257,2026-06-13 18:53,bathroom,google,g_01,TX,37.07,sold,BuyerB,42.28,
L002258,2026-06-13 14:45,windows,google,g_01,OH,22.03,sold,BuyerA,30.54,
L002259,2026-06-13 10:30,roofing,facebook,fb_07,PA,25.59,unsold,,,
L002260,2026-06-13 23:38,bathroom,google,g_02,FL,43.1,sold,BuyerB,43.61,
L002261,2026-06-13 7:44,bathroom,native,nt_01,MO,24.66,sold,BuyerB,44.16,
L002262,2026-06-13 15:49,windows,facebook,fb_01,NC,14.92,sold,BuyerA,33.01,
L002263,2026-06-13 21:41,bathroom,google,g_04,PA,34.22,sold,BuyerB,43.07,
L002264,2026-06-13 11:45,bathroom,google,g_03,WY,33.15,sold,BuyerB,43.2,
L002265,2026-06-13 15:21,roofing,facebook,fb_07,GA,18.49,sold,BuyerD,32.57,
L002266,2026-06-13 9:25,roofing,facebook,fb_01,CA,23.98,returned,BuyerD,31.25,no_answer
L002267,2026-06-13 12:33,windows,facebook,fb_03,IL,23.22,sold,BuyerA,29.99,
L002268,2026-06-13 11:19,bathroom,native,nt_02,AZ,21.31,sold,BuyerB,38.35,
L002269,2026-06-13 20:49,bathroom,google,g_01,TX,33.79,sold,BuyerE,39,
L002270,2026-06-13 17:26,roofing,facebook,fb_04,TN,24.01,sold,BuyerD,32.3,
L002271,2026-06-13 10:04,roofing,google,g_03,OH,34.94,sold,BuyerA,36.93,
L002272,2026-06-13 12:18,windows,google,g_01,SC,29.33,sold,BuyerA,28.38,
L002273,2026-06-13 18:51,roofing,facebook,fb_08,CA,20.59,returned,BuyerD,36.54,bad_number
L002274,2026-06-13 13:49,bathroom,google,g_04,VA,38.3,returned,BuyerE,42.15,duplicate
L002275,2026-06-13 7:09,bathroom,google,g_03,SC,32.88,sold,BuyerE,43.77,
L002276,2026-06-13 8:17,bathroom,facebook,fb_07,FL,19.16,sold,BuyerB,42.8,
L002277,2026-06-13 19:26,roofing,native,nt_01,CA,15.79,returned,BuyerD,32.41,changed_mind
L002278,2026-06-13 11:28,roofing,google,g_01,MT,35.94,sold,BuyerD,35.78,
L002279,2026-06-13 7:54,windows,facebook,fb_07,IN,19.93,sold,BuyerA,29.97,
L002280,2026-06-13 16:28,roofing,facebook,fb_01,NC,22,sold,BuyerD,37.84,
L002281,2026-06-13 10:14,roofing,facebook,fb_04,SC,23.11,sold,BuyerD,34.95,
L002282,2026-06-13 15:24,bathroom,facebook,fb_05,TX,25,sold,BuyerB,43.73,
L002283,2026-06-13 19:11,roofing,google,g_04,VA,39.8,sold,BuyerD,29.66,
L002284,2026-06-13 13:36,windows,google,g_01,FL,27.27,unsold,,,
L002285,2026-06-13 10:18,windows,google,g_04,OH,22.99,sold,BuyerA,29.43,
L002286,2026-06-13 8:50,bathroom,facebook,fb_06,TX,26.48,sold,BuyerE,41.51,
L002287,2026-06-13 10:17,bathroom,google,g_02,NC,36.43,unsold,,,
L002288,2026-06-13 13:02,roofing,native,nt_02,OH,15.89,sold,BuyerA,35.87,
L002289,2026-06-13 11:07,roofing,facebook,fb_03,IL,25.75,sold,BuyerD,31.53,
L002290,2026-06-13 6:05,windows,facebook,fb_03,CA,19.97,sold,BuyerA,32.39,
L002291,2026-06-13 11:04,bathroom,facebook,fb_03,TX,25.45,sold,BuyerE,40.93,
L002292,2026-06-13 17:44,bathroom,facebook,fb_03,CA,28.38,returned,BuyerE,40.85,bad_number
L002293,2026-06-13 13:02,roofing,google,g_01,AZ,31.74,sold,BuyerA,35.24,
L002294,2026-06-13 14:03,roofing,facebook,fb_06,NC,21.27,sold,BuyerD,31.82,
L002295,2026-06-13 9:09,roofing,facebook,fb_01,AZ,19.71,sold,BuyerA,34.25,
L002296,2026-06-13 10:41,roofing,facebook,fb_05,IL,26.97,sold,BuyerA,37.18,
L002297,2026-06-13 16:11,bathroom,google,g_02,CA,40.42,sold,BuyerB,46.69,
L002298,2026-06-13 6:11,windows,google,g_04,MO,23.92,sold,BuyerA,29.73,
L002299,2026-06-13 12:18,roofing,facebook,fb_06,VA,25.34,returned,BuyerD,33.18,no_answer
L002300,2026-06-13 8:04,windows,facebook,fb_04,TX,22.34,sold,BuyerB,29.02,
L002301,2026-06-13 13:20,windows,facebook,fb_02,NJ,24.87,sold,BuyerA,29.12,
L002302,2026-06-13 19:55,windows,native,nt_01,IN,15.56,returned,BuyerA,30.04,bad_number
L002303,2026-06-13 7:01,windows,facebook,fb_02,TN,18.86,sold,BuyerA,31.56,
L002304,2026-06-13 14:31,windows,facebook,fb_02,AZ,26.82,sold,BuyerA,31.03,
L002305,2026-06-13 6:48,roofing,facebook,fb_05,CA,18.78,sold,BuyerD,37.17,
L002306,2026-06-13 14:35,windows,google,g_04,IL,30.46,returned,BuyerA,30.8,no_answer
L002307,2026-06-14 17:47,bathroom,facebook,fb_02,MT,26.75,unsold,,,
L002308,2026-06-14 19:06,roofing,facebook,fb_07,NY,21.57,returned,BuyerA,38.19,bad_number
L002309,2026-06-14 16:59,bathroom,facebook,fb_04,PA,26.56,sold,BuyerB,43.48,
L002310,2026-06-14 9:12,roofing,facebook,fb_02,FL,25.5,sold,BuyerC,52.75,
L002311,2026-06-14 18:32,bathroom,facebook,fb_02,CA,28.07,sold,BuyerE,40.74,
L002312,2026-06-14 22:23,bathroom,facebook,fb_03,FL,32.54,returned,BuyerB,42.96,no_answer
L002313,2026-06-14 17:54,bathroom,native,nt_01,CA,22.12,sold,BuyerB,43.48,
L002314,2026-06-14 12:16,windows,facebook,fb_04,OH,19.35,sold,BuyerB,31.76,
L002315,2026-06-14 17:33,windows,facebook,fb_03,TX,21.64,sold,BuyerA,30.93,
L002316,2026-06-14 15:00,roofing,facebook,fb_04,TX,19.66,sold,BuyerC,49.67,
L002317,2026-06-14 15:20,windows,google,g_03,PA,23.13,returned,BuyerA,27.51,not_homeowner
L002318,2026-06-14 10:36,windows,facebook,fb_01,NY,17.43,sold,BuyerA,30.74,
L002319,2026-06-14 18:32,bathroom,facebook,fb_05,CA,30.7,sold,BuyerB,41.73,
L002320,2026-06-14 11:04,windows,facebook,fb_07,PA,15.99,sold,BuyerA,30.05,
L002321,2026-06-14 13:17,bathroom,google,g_02,IN,34.15,sold,BuyerB,45.62,
L002322,2026-06-14 14:23,roofing,facebook,fb_01,CA,26.4,sold,BuyerA,38.94,
L002323,2026-06-14 11:34,roofing,native,nt_02,NC,18.82,sold,BuyerA,34.24,
L002324,2026-06-14 13:40,bathroom,facebook,fb_05,NY,32.46,returned,BuyerB,40.88,bad_number
L002325,2026-06-14 18:24,bathroom,google,g_04,TX,40.68,sold,BuyerB,46.35,
L002326,2026-06-14 13:14,windows,facebook,fb_02,GA,18.73,sold,BuyerA,28.19,
L002327,2026-06-14 15:25,bathroom,google,g_04,TX,36.83,returned,BuyerB,40.58,no_answer
L002328,2026-06-14 9:37,roofing,google,g_03,TX,33.49,sold,BuyerC,52.76,
L002329,2026-06-14 19:53,windows,facebook,fb_07,ID,23.49,sold,BuyerA,28.94,
L002330,2026-06-14 14:08,bathroom,facebook,fb_03,TN,27.72,sold,BuyerE,41.7,
L002331,2026-06-14 14:41,roofing,facebook,fb_02,AZ,21.16,returned,BuyerD,35.56,duplicate
L002332,2026-06-14 11:24,windows,google,g_01,TN,23.76,sold,BuyerA,30.69,
L002333,2026-06-14 7:57,roofing,native,nt_01,MI,18.03,sold,BuyerD,33.03,
L002334,2026-06-14 21:06,roofing,facebook,fb_06,IL,25.57,returned,BuyerA,39.04,no_answer
L002335,2026-06-14 10:21,roofing,facebook,fb_04,CO,27.72,sold,BuyerA,35.82,
L002336,2026-06-14 13:16,roofing,facebook,fb_02,NC,22.69,sold,BuyerA,35.4,
L002337,2026-06-14 13:49,windows,facebook,fb_06,GA,24.66,unsold,,,
L002338,2026-06-14 13:57,bathroom,facebook,fb_04,AZ,24.13,sold,BuyerB,39.31,
L002339,2026-06-14 6:08,windows,facebook,fb_02,GA,17.2,sold,BuyerA,29.38,
L002340,2026-06-14 16:43,roofing,facebook,fb_04,NC,20.65,sold,BuyerA,37.42,
L002341,2026-06-14 14:33,roofing,google,g_01,IL,30.05,sold,BuyerA,35.52,
L002342,2026-06-14 18:46,bathroom,facebook,fb_02,MO,30.84,sold,BuyerB,41.17,
L002343,2026-06-14 14:04,windows,google,g_02,FL,27.16,sold,BuyerB,28.96,
L002344,2026-06-14 14:40,roofing,facebook,fb_03,IN,22.96,sold,BuyerD,34.15,
L002345,2026-06-14 20:40,roofing,native,nt_02,TX,16.75,sold,BuyerC,50.41,
L002346,2026-06-14 7:56,roofing,google,g_01,TN,31.96,sold,BuyerD,32.92,
L002347,2026-06-14 15:17,windows,facebook,fb_04,ID,18.43,sold,BuyerA,27.7,
L002348,2026-06-14 12:03,roofing,facebook,fb_04,NY,26.96,returned,BuyerD,32.56,not_homeowner
L002349,2026-06-14 13:07,windows,facebook,fb_05,CA,19.56,sold,BuyerA,29.76,
L002350,2026-06-14 10:52,bathroom,native,nt_01,GA,19.99,sold,BuyerB,46.02,
L002351,2026-06-14 11:35,roofing,google,g_04,GA,31.44,sold,BuyerC,52.98,
L002352,2026-06-14 6:13,roofing,facebook,fb_07,MO,20.68,returned,BuyerA,36.83,no_answer
L002353,2026-06-14 17:04,roofing,google,g_04,AZ,28.68,sold,BuyerA,34.8,
L002354,2026-06-14 18:12,roofing,google,g_01,OH,28.1,sold,BuyerA,34.39,
L002355,2026-06-14 21:05,windows,facebook,fb_07,VA,21.77,sold,BuyerA,29.43,
L002356,2026-06-14 6:21,windows,facebook,fb_01,MO,21.77,sold,BuyerA,29.38,
L002357,2026-06-14 12:07,roofing,native,nt_01,NC,15.44,unsold,,,
L002358,2026-06-14 15:23,windows,native,nt_01,SC,20.93,sold,BuyerA,32.31,
L002359,2026-06-14 20:38,bathroom,facebook,fb_04,MI,20.02,sold,BuyerB,43.29,
L002360,2026-06-14 13:52,roofing,facebook,fb_08,MT,24.35,unsold,,,
L002361,2026-06-14 13:18,windows,native,nt_01,VA,14.73,returned,BuyerA,31.74,bad_number
L002362,2026-06-14 12:45,windows,facebook,fb_08,AZ,17.09,unsold,,,
L002363,2026-06-14 12:32,windows,facebook,fb_02,AZ,20.52,returned,BuyerB,30.73,no_answer
L002364,2026-06-14 15:33,windows,facebook,fb_02,NC,25.43,sold,BuyerB,30.42,
L002365,2026-06-14 19:55,windows,facebook,fb_04,MI,19.82,sold,BuyerA,31.94,
L002366,2026-06-14 8:09,roofing,google,g_01,TX,30.11,sold,BuyerC,54.17,
L002367,2026-06-14 14:02,bathroom,facebook,fb_02,NY,28.64,sold,BuyerB,46.04,
L002368,2026-06-14 10:17,roofing,facebook,fb_05,GA,30.82,sold,BuyerC,50.62,
L002369,2026-06-14 14:54,windows,facebook,fb_03,NC,21.55,sold,BuyerA,29.35,
L002370,2026-06-14 21:48,windows,google,g_01,IL,28.53,sold,BuyerA,28.37,
L002371,2026-06-14 15:55,bathroom,google,g_01,AZ,36.7,sold,BuyerE,43.4,
L002372,2026-06-14 15:17,bathroom,google,g_04,TX,35.49,sold,BuyerB,42.1,
L002373,2026-06-14 11:29,roofing,facebook,fb_03,FL,20.39,sold,BuyerC,50.76,
L002374,2026-06-14 16:35,windows,google,g_03,IL,24.75,unsold,,,
L002375,2026-06-14 16:39,roofing,facebook,fb_05,OH,22.98,sold,BuyerD,32.9,
L002376,2026-06-14 11:31,windows,facebook,fb_08,AZ,21.06,sold,BuyerB,29.27,
L002377,2026-06-14 12:09,roofing,facebook,fb_05,TN,22.75,sold,BuyerD,30.45,
L002378,2026-06-14 18:33,windows,google,g_02,NJ,25.49,sold,BuyerA,29.94,
L002379,2026-06-14 20:54,roofing,facebook,fb_02,SC,27.59,sold,BuyerA,37.16,
L002380,2026-06-14 9:53,windows,facebook,fb_06,SC,20.87,sold,BuyerB,29.64,
L002381,2026-06-14 16:24,roofing,google,g_02,MT,36.98,sold,BuyerA,34.24,
L002382,2026-06-14 14:08,roofing,facebook,fb_07,TX,17.71,sold,BuyerC,52.12,
L002383,2026-06-14 18:08,bathroom,facebook,fb_07,MO,25.99,sold,BuyerB,41.45,
L002384,2026-06-14 11:31,bathroom,facebook,fb_02,GA,31.49,sold,BuyerB,42.12,
L002385,2026-06-14 7:23,windows,facebook,fb_03,IL,20.61,sold,BuyerA,30.07,
L002386,2026-06-14 11:11,roofing,facebook,fb_05,AZ,24.84,sold,BuyerA,38.47,
L002387,2026-06-14 21:08,roofing,facebook,fb_01,TX,19.84,sold,BuyerA,36.85,
L002388,2026-06-14 18:24,roofing,facebook,fb_04,AZ,24.25,sold,BuyerD,32.5,
L002389,2026-06-14 10:03,roofing,facebook,fb_07,NC,21.77,sold,BuyerD,35.23,
L002390,2026-06-14 14:24,roofing,google,g_03,OH,33.73,sold,BuyerA,36.19,
L002391,2026-06-14 12:33,bathroom,facebook,fb_01,TX,29.25,sold,BuyerB,48.37,
L002392,2026-06-14 13:06,roofing,google,g_02,TN,29.3,sold,BuyerA,36.53,
L002393,2026-06-14 20:21,bathroom,facebook,fb_01,CA,28.46,sold,BuyerE,42.15,
L002394,2026-06-14 8:42,bathroom,google,g_03,IL,34.52,sold,BuyerB,41.48,
L002395,2026-06-14 10:48,windows,facebook,fb_01,CA,18.32,sold,BuyerA,29.59,
L002396,2026-06-14 12:59,bathroom,google,g_04,OH,41.18,unsold,,,
L002397,2026-06-14 18:04,roofing,facebook,fb_07,FL,27.1,sold,BuyerD,35.99,
L002398,2026-06-14 16:21,roofing,facebook,fb_05,TX,15.68,sold,BuyerC,52.74,
L002399,2026-06-14 8:17,roofing,facebook,fb_05,PA,23.59,returned,BuyerD,32.88,changed_mind
L002400,2026-06-14 10:25,bathroom,facebook,fb_02,NC,22.28,sold,BuyerE,39.33,
L002401,2026-06-14 16:16,roofing,facebook,fb_01,GA,24.67,unsold,,,
L002402,2026-06-14 12:34,roofing,google,g_04,FL,26.51,sold,BuyerC,51.92,
L002403,2026-06-14 8:01,roofing,google,g_04,NC,31.58,sold,BuyerA,36,
L002404,2026-06-14 16:59,roofing,google,g_01,CA,32.81,sold,BuyerA,35.68,
L002405,2026-06-14 10:36,roofing,facebook,fb_03,CA,24.84,sold,BuyerA,35.19,
L002406,2026-06-14 17:36,roofing,native,nt_02,MI,17.45,returned,BuyerA,35.86,no_answer
L002407,2026-06-14 13:29,roofing,facebook,fb_03,TX,19.62,returned,BuyerC,49.59,no_answer
L002408,2026-06-14 19:04,windows,facebook,fb_01,CA,19.84,returned,BuyerA,33.53,out_of_service_area
L002409,2026-06-14 15:55,roofing,facebook,fb_08,GA,25.33,sold,BuyerC,51.64,
L002410,2026-06-14 15:55,roofing,facebook,fb_02,PA,28.4,sold,BuyerD,34.93,
L002411,2026-06-14 22:18,roofing,facebook,fb_07,TX,28.63,sold,BuyerC,51.63,
L002412,2026-06-14 13:31,bathroom,facebook,fb_05,WY,28.8,returned,BuyerE,41.9,not_homeowner
L002413,2026-06-14 21:34,roofing,facebook,fb_04,MO,24.63,sold,BuyerD,34.04,
L002414,2026-06-14 18:27,windows,facebook,fb_01,CA,17.31,returned,BuyerA,31.27,duplicate
L002415,2026-06-14 20:31,bathroom,facebook,fb_03,SC,24.75,sold,BuyerB,44.85,
L002416,2026-06-14 8:31,windows,facebook,fb_07,MI,22.53,sold,BuyerA,30.8,
L002417,2026-06-14 12:54,windows,facebook,fb_05,IL,25.14,returned,BuyerB,29.62,out_of_service_area
L002418,2026-06-14 7:55,roofing,native,nt_02,FL,19.93,sold,BuyerC,53.07,
L002419,2026-06-14 14:50,roofing,facebook,fb_03,TX,21.03,unsold,,,
L002420,2026-06-14 11:04,roofing,facebook,fb_03,TX,23.68,returned,BuyerA,34.18,changed_mind
L002421,2026-06-14 17:36,roofing,facebook,fb_07,SC,20.31,sold,BuyerA,36.69,
L002422,2026-06-14 13:00,roofing,facebook,fb_07,TX,19.63,sold,BuyerD,36.47,
L002423,2026-06-14 12:30,roofing,google,g_01,NC,29.78,sold,BuyerA,33.64,
L002424,2026-06-14 22:38,bathroom,native,nt_02,GA,26.08,returned,BuyerB,43.12,no_answer
L002425,2026-06-14 16:05,windows,facebook,fb_01,VA,19.27,sold,BuyerA,32.51,
L002426,2026-06-14 17:09,bathroom,native,nt_02,TX,20.47,sold,BuyerE,37.58,
L002427,2026-06-14 14:56,roofing,facebook,fb_04,CA,21.05,sold,BuyerD,33.05,
L002428,2026-06-14 7:02,roofing,facebook,fb_05,PA,21.74,sold,BuyerA,33.62,
L002429,2026-06-14 7:17,roofing,facebook,fb_07,IL,20.43,sold,BuyerD,33.49,
L002430,2026-06-14 10:49,roofing,google,g_04,MI,30.06,returned,BuyerD,32.43,bad_number
L002431,2026-06-15 19:50,windows,facebook,fb_02,PA,14.02,sold,BuyerF,27.01,
L002432,2026-06-15 21:02,bathroom,facebook,fb_02,TX,23.67,sold,BuyerE,43.36,
L002433,2026-06-15 13:17,bathroom,facebook,fb_08,CO,26.11,unsold,,,
L002434,2026-06-15 14:26,bathroom,google,g_01,CA,36.35,sold,BuyerB,45.55,
L002435,2026-06-15 15:44,roofing,facebook,fb_01,OH,25.82,unsold,,,
L002436,2026-06-15 12:40,windows,google,g_02,ID,25.04,sold,BuyerB,29.15,
L002437,2026-06-15 12:43,roofing,facebook,fb_03,VA,18.22,sold,BuyerA,37.56,
L002438,2026-06-15 13:01,windows,facebook,fb_06,AZ,21.56,sold,BuyerB,26.39,
L002439,2026-06-15 12:12,roofing,native,nt_01,CA,16.52,sold,BuyerA,37.87,
L002440,2026-06-15 9:57,windows,google,g_01,GA,30.17,sold,BuyerF,28.03,
L002441,2026-06-15 18:03,windows,google,g_02,AZ,20.78,sold,BuyerB,28.92,
L002442,2026-06-15 18:31,bathroom,google,g_03,NY,34.39,sold,BuyerB,44.4,
L002443,2026-06-15 9:21,roofing,google,g_03,TX,38.54,unsold,,,
L002444,2026-06-15 13:22,bathroom,facebook,fb_05,NC,28.5,sold,BuyerB,45.11,
L002445,2026-06-15 6:22,roofing,facebook,fb_04,SC,22.92,sold,BuyerD,35.35,
L002446,2026-06-15 8:28,windows,facebook,fb_06,NC,17.62,sold,BuyerB,27.35,
L002447,2026-06-15 20:28,windows,native,nt_01,MI,14.47,returned,BuyerB,27.65,bad_number
L002448,2026-06-15 18:12,windows,native,nt_01,TN,16.89,sold,BuyerB,28.48,
L002449,2026-06-15 16:14,bathroom,facebook,fb_05,CA,29.05,sold,BuyerE,39.45,
L002450,2026-06-15 12:54,roofing,google,g_02,TX,33.63,sold,BuyerC,52.12,
L002451,2026-06-15 12:23,windows,facebook,fb_08,MO,19.42,sold,BuyerB,31.41,
L002452,2026-06-15 12:52,roofing,native,nt_01,AZ,17.47,sold,BuyerA,37.77,
L002453,2026-06-15 22:08,windows,native,nt_01,TX,12.27,sold,BuyerB,28.69,
L002454,2026-06-15 13:37,windows,google,g_04,FL,28.11,sold,BuyerB,28.36,
L002455,2026-06-15 11:59,roofing,facebook,fb_03,WY,18.93,sold,BuyerD,37.37,
L002456,2026-06-15 13:46,windows,facebook,fb_05,IN,20.98,returned,BuyerB,28.93,out_of_service_area
L002457,2026-06-15 16:00,windows,facebook,fb_06,NY,19.19,sold,BuyerB,29.31,
L002458,2026-06-15 12:25,roofing,facebook,fb_02,TN,22.72,sold,BuyerA,36.7,
L002459,2026-06-15 14:22,roofing,google,g_01,TX,29.87,sold,BuyerC,53.53,
L002460,2026-06-15 14:08,roofing,facebook,fb_07,CA,24.65,sold,BuyerA,34.6,
L002461,2026-06-15 13:54,roofing,facebook,fb_01,WY,18.12,unsold,,,
L002462,2026-06-15 13:54,bathroom,native,nt_01,FL,21.91,sold,BuyerB,47.02,
L002463,2026-06-15 11:24,roofing,facebook,fb_01,TX,23.24,sold,BuyerC,53.14,
L002464,2026-06-15 23:33,windows,facebook,fb_05,CA,17.48,sold,BuyerB,26.96,
L002465,2026-06-15 13:20,bathroom,facebook,fb_07,CA,27.42,sold,BuyerB,43.26,
L002466,2026-06-15 14:42,windows,native,nt_02,OH,14.87,sold,BuyerB,29.8,
L002467,2026-06-15 17:08,roofing,facebook,fb_07,MO,23.19,sold,BuyerA,38.25,
L002468,2026-06-15 7:25,windows,facebook,fb_02,FL,16.12,unsold,,,
L002469,2026-06-15 17:21,windows,facebook,fb_08,IL,20.77,sold,BuyerB,28.57,
L002470,2026-06-15 11:20,roofing,facebook,fb_08,TX,24.73,sold,BuyerC,52.17,
L002471,2026-06-15 15:35,windows,native,nt_02,OH,17.77,sold,BuyerF,27.99,
L002472,2026-06-15 8:03,roofing,google,g_02,TX,30.13,sold,BuyerC,52.13,
L002473,2026-06-15 15:50,roofing,facebook,fb_05,FL,21.03,sold,BuyerC,53.08,
L002474,2026-06-15 23:54,roofing,google,g_02,NC,30.82,sold,BuyerD,33.82,
L002475,2026-06-15 13:28,roofing,native,nt_02,OH,18.41,sold,BuyerA,33.5,
L002476,2026-06-15 18:42,bathroom,facebook,fb_06,NY,29.46,sold,BuyerE,38.35,
L002477,2026-06-15 17:01,roofing,facebook,fb_03,PA,23.79,sold,BuyerA,37.1,
L002478,2026-06-15 12:36,bathroom,facebook,fb_08,CA,30.21,sold,BuyerE,39.23,
L002479,2026-06-15 11:06,roofing,google,g_02,CA,31.63,sold,BuyerD,36.06,
L002480,2026-06-15 16:32,bathroom,facebook,fb_05,IL,26.29,sold,BuyerB,44.27,
L002481,2026-06-15 14:02,bathroom,facebook,fb_07,TX,32.38,sold,BuyerE,42.14,
L002482,2026-06-15 11:09,roofing,facebook,fb_07,CA,27.77,sold,BuyerD,36,
L002483,2026-06-15 11:35,bathroom,native,nt_01,GA,20.14,sold,BuyerB,43.98,
L002484,2026-06-15 19:13,windows,facebook,fb_01,GA,19.62,sold,BuyerB,27.87,
L002485,2026-06-15 13:38,roofing,google,g_04,CA,29.17,sold,BuyerA,36.74,
L002486,2026-06-15 15:33,windows,native,nt_02,CO,18.99,sold,BuyerB,28.49,
L002487,2026-06-15 9:37,windows,facebook,fb_02,NY,19.28,sold,BuyerB,27.87,
L002488,2026-06-15 9:56,bathroom,google,g_02,MI,34.88,sold,BuyerE,39.2,
L002489,2026-06-15 17:43,roofing,facebook,fb_05,MO,26.21,sold,BuyerD,37.22,
L002490,2026-06-15 15:04,roofing,facebook,fb_02,NJ,20.58,sold,BuyerD,30.69,
L002491,2026-06-15 6:14,windows,native,nt_01,TN,15,sold,BuyerB,27.39,
L002492,2026-06-15 13:52,windows,native,nt_01,MI,14.59,sold,BuyerB,28.3,
L002493,2026-06-15 9:37,roofing,google,g_01,TN,25.16,sold,BuyerD,31.98,
L002494,2026-06-15 11:46,bathroom,facebook,fb_01,PA,25.92,sold,BuyerE,42.65,
L002495,2026-06-15 14:12,bathroom,facebook,fb_07,ID,26.82,unsold,,,
L002496,2026-06-15 17:42,windows,facebook,fb_04,TX,18.45,unsold,,,
L002497,2026-06-15 11:05,windows,facebook,fb_07,TX,19.43,sold,BuyerB,25.88,
L002498,2026-06-15 6:47,roofing,google,g_01,CO,23.17,returned,BuyerD,39.27,bad_number
L002499,2026-06-15 10:58,bathroom,google,g_01,OH,34.86,returned,BuyerB,44.17,no_answer
L002500,2026-06-15 14:24,windows,facebook,fb_03,OH,21.9,sold,BuyerB,27.21,
L002501,2026-06-15 11:53,windows,google,g_04,FL,26.18,sold,BuyerB,27.85,
L002502,2026-06-15 13:20,bathroom,google,g_04,GA,33.91,sold,BuyerB,43.56,
L002503,2026-06-15 6:07,bathroom,facebook,fb_01,TX,30.21,sold,BuyerE,39.95,
L002504,2026-06-15 11:27,bathroom,facebook,fb_05,FL,33.06,sold,BuyerB,42.64,
L002505,2026-06-15 18:13,roofing,google,g_03,MO,42.97,sold,BuyerA,35.95,
L002506,2026-06-15 10:42,roofing,facebook,fb_05,WY,23.73,sold,BuyerD,35.1,
L002507,2026-06-15 20:06,roofing,facebook,fb_08,OH,25.31,sold,BuyerA,36.92,
L002508,2026-06-15 9:11,windows,facebook,fb_01,FL,17.32,sold,BuyerB,27.9,
L002509,2026-06-15 16:35,windows,facebook,fb_01,TX,21.96,sold,BuyerB,31.39,
L002510,2026-06-15 11:12,windows,facebook,fb_02,OH,25.92,sold,BuyerF,28.03,
L002511,2026-06-15 11:20,roofing,native,nt_01,IN,15.75,sold,BuyerA,36.92,
L002512,2026-06-15 12:16,bathroom,facebook,fb_01,NY,25.68,sold,BuyerE,37.46,
L002513,2026-06-15 13:58,bathroom,facebook,fb_07,TX,26.49,sold,BuyerB,42.47,
L002514,2026-06-15 14:43,windows,native,nt_02,CO,13.82,sold,BuyerB,29.25,
L002515,2026-06-15 10:09,roofing,facebook,fb_02,CA,19.6,unsold,,,
L002516,2026-06-15 16:36,windows,facebook,fb_01,SC,22.93,sold,BuyerB,29.25,
L002517,2026-06-15 20:09,roofing,facebook,fb_06,FL,21.43,sold,BuyerD,32.28,
L002518,2026-06-15 17:28,windows,google,g_01,ID,24.09,sold,BuyerB,27.92,
L002519,2026-06-15 13:33,windows,facebook,fb_05,FL,20.88,sold,BuyerB,30.42,
L002520,2026-06-15 6:36,windows,native,nt_02,OH,14.99,sold,BuyerB,27.28,
L002521,2026-06-15 7:30,windows,facebook,fb_06,TN,24.72,returned,BuyerB,32.1,bad_number
L002522,2026-06-15 19:20,roofing,google,g_01,TX,25.22,sold,BuyerC,52.05,
L002523,2026-06-15 9:20,windows,facebook,fb_04,TX,21.32,sold,BuyerB,27.89,
L002524,2026-06-15 14:12,bathroom,facebook,fb_01,GA,28.13,sold,BuyerB,42.76,
L002525,2026-06-15 15:42,roofing,google,g_03,NC,34.7,sold,BuyerD,31.85,
L002526,2026-06-15 15:30,roofing,facebook,fb_04,TN,22.12,sold,BuyerD,30.22,
L002527,2026-06-15 14:40,roofing,google,g_04,MI,36.86,sold,BuyerD,31.64,
L002528,2026-06-15 8:46,roofing,google,g_02,IL,29.96,sold,BuyerD,34.28,
L002529,2026-06-15 16:15,windows,facebook,fb_07,MO,18.41,returned,BuyerB,28.6,not_homeowner
L002530,2026-06-15 14:47,windows,facebook,fb_03,NY,20.16,returned,BuyerF,28.55,out_of_service_area
L002531,2026-06-15 16:03,roofing,facebook,fb_02,TX,19.24,sold,BuyerC,49.92,
L002532,2026-06-15 6:26,roofing,google,g_01,CO,30.55,sold,BuyerD,33.07,
L002533,2026-06-15 12:45,roofing,google,g_04,CA,29.73,sold,BuyerA,32.89,
L002534,2026-06-15 11:50,roofing,native,nt_02,TX,23.41,returned,BuyerC,53.7,changed_mind
L002535,2026-06-15 16:08,windows,google,g_02,AZ,30.08,sold,BuyerF,27.68,
L002536,2026-06-15 17:18,roofing,facebook,fb_04,FL,19.3,sold,BuyerC,51.69,
L002537,2026-06-15 14:05,bathroom,facebook,fb_06,FL,29.61,sold,BuyerB,42.59,
L002538,2026-06-15 6:28,roofing,facebook,fb_04,GA,29.01,sold,BuyerC,50.69,
L002539,2026-06-15 6:30,bathroom,facebook,fb_02,FL,25.18,sold,BuyerB,40.35,
L002540,2026-06-15 6:06,bathroom,native,nt_02,PA,23.56,sold,BuyerE,39.96,
L002541,2026-06-15 17:23,bathroom,facebook,fb_06,PA,25.65,sold,BuyerE,36.18,
L002542,2026-06-15 15:36,windows,facebook,fb_07,TX,18.97,sold,BuyerA,28.71,
L002543,2026-06-15 16:24,windows,google,g_04,IN,28.84,sold,BuyerB,28.35,
L002544,2026-06-15 10:38,windows,facebook,fb_05,FL,21.57,sold,BuyerB,28.41,
L002545,2026-06-15 13:41,windows,google,g_02,NJ,24.67,sold,BuyerF,28.46,
L002546,2026-06-15 16:23,roofing,facebook,fb_01,VA,24.2,sold,BuyerD,34.1,
L002547,2026-06-15 12:54,roofing,facebook,fb_03,AZ,18.61,sold,BuyerA,36.07,
L002548,2026-06-15 12:17,windows,facebook,fb_06,GA,24.19,sold,BuyerB,27.09,
L002549,2026-06-15 12:10,roofing,native,nt_01,NJ,19.42,sold,BuyerD,34.83,
L002550,2026-06-15 16:19,bathroom,native,nt_02,FL,21.02,sold,BuyerB,41.05,
L002551,2026-06-15 15:43,windows,facebook,fb_02,TX,21.63,sold,BuyerB,26.58,
L002552,2026-06-15 13:58,roofing,facebook,fb_01,MI,27.3,sold,BuyerD,32.88,
L002553,2026-06-15 21:08,roofing,facebook,fb_04,CO,21.07,unsold,,,
L002554,2026-06-15 16:12,windows,facebook,fb_03,NJ,19.81,sold,BuyerF,27.37,
L002555,2026-06-15 11:42,windows,facebook,fb_03,AZ,22.32,sold,BuyerB,28.96,
L002556,2026-06-15 13:20,windows,native,nt_02,NC,13.21,sold,BuyerB,27.29,
L002557,2026-06-15 9:24,bathroom,facebook,fb_01,OH,24.46,sold,BuyerE,39.69,
L002558,2026-06-15 14:27,windows,google,g_02,NC,30.55,sold,BuyerB,29.09,
L002559,2026-06-15 12:28,roofing,facebook,fb_06,CA,25.32,sold,BuyerA,33.4,
L002560,2026-06-15 11:06,windows,google,g_02,MI,20.2,sold,BuyerB,29.68,
L002561,2026-06-15 15:31,bathroom,google,g_03,TX,34.01,sold,BuyerB,43.85,
L002562,2026-06-15 7:04,windows,native,nt_02,TX,14.84,sold,BuyerB,29.19,
L002563,2026-06-15 11:54,windows,facebook,fb_05,CO,19.91,sold,BuyerB,27.65,
L002564,2026-06-15 13:07,bathroom,facebook,fb_04,MI,26.9,sold,BuyerE,38.57,
L002565,2026-06-15 6:18,windows,google,g_01,NC,25.38,sold,BuyerB,26.66,
L002566,2026-06-15 13:47,windows,facebook,fb_05,FL,20.55,sold,BuyerF,27.62,
L002567,2026-06-15 11:13,roofing,facebook,fb_02,CA,25.15,sold,BuyerA,36.93,
L002568,2026-06-15 10:04,roofing,native,nt_01,FL,20.72,sold,BuyerC,49.29,
L002569,2026-06-15 17:25,windows,native,nt_01,GA,14.62,sold,BuyerF,27.78,
L002570,2026-06-15 16:16,roofing,google,g_01,GA,30.47,sold,BuyerC,53.44,
L002571,2026-06-15 12:32,windows,facebook,fb_06,MT,20,sold,BuyerB,26.75,
L002572,2026-06-15 13:44,roofing,facebook,fb_08,AZ,22.63,unsold,,,
L002573,2026-06-15 15:10,windows,native,nt_01,CO,12.48,sold,BuyerB,29.5,
L002574,2026-06-15 15:26,roofing,facebook,fb_01,FL,18.69,sold,BuyerC,49.2,
L002575,2026-06-15 6:33,roofing,facebook,fb_07,TX,21.39,returned,BuyerC,51.22,no_answer
L002576,2026-06-15 13:48,roofing,google,g_01,CA,36.21,sold,BuyerA,35.93,
L002577,2026-06-15 16:46,roofing,google,g_04,AZ,26.72,sold,BuyerA,33.87,
L002578,2026-06-15 13:51,bathroom,facebook,fb_03,ID,26,unsold,,,
L002579,2026-06-15 7:52,roofing,facebook,fb_05,MI,23.42,sold,BuyerD,34.28,
L002580,2026-06-15 6:47,bathroom,facebook,fb_03,TX,26.11,sold,BuyerE,43.57,
L002581,2026-06-15 15:54,roofing,facebook,fb_01,GA,21.6,sold,BuyerD,35.15,
L002582,2026-06-15 12:48,bathroom,facebook,fb_06,NY,21.28,sold,BuyerB,44.78,
L002583,2026-06-15 13:01,bathroom,facebook,fb_03,IL,27.62,sold,BuyerE,38.1,
L002584,2026-06-15 19:39,bathroom,google,g_01,NY,33.26,sold,BuyerE,38.91,
L002585,2026-06-15 16:28,windows,facebook,fb_02,AZ,21,sold,BuyerB,30.71,
L002586,2026-06-15 10:25,bathroom,facebook,fb_07,NY,27.75,sold,BuyerB,45.22,
L002587,2026-06-15 18:19,bathroom,facebook,fb_07,CA,26.05,sold,BuyerB,44.32,
L002588,2026-06-15 14:38,windows,google,g_01,IL,25.15,sold,BuyerB,27.42,
L002589,2026-06-15 12:18,roofing,facebook,fb_01,TX,20.87,sold,BuyerA,34.52,
L002590,2026-06-15 9:28,roofing,facebook,fb_02,TX,21.8,sold,BuyerA,37.59,
L002591,2026-06-15 18:18,roofing,facebook,fb_02,GA,24.15,unsold,,,
L002592,2026-06-15 20:08,roofing,facebook,fb_03,IL,25.39,sold,BuyerD,39.26,
L002593,2026-06-15 18:00,roofing,google,g_02,MI,23.31,sold,BuyerA,35.9,
L002594,2026-06-15 19:22,roofing,facebook,fb_05,IL,17.26,sold,BuyerD,32.82,
L002595,2026-06-15 13:32,bathroom,facebook,fb_02,CA,30.49,sold,BuyerE,38.62,
L002596,2026-06-15 20:42,windows,facebook,fb_08,NC,25.06,returned,BuyerF,27.93,bad_number
L002597,2026-06-15 17:37,roofing,facebook,fb_06,GA,25.23,sold,BuyerA,36.95,
L002598,2026-06-15 16:52,windows,google,g_02,TN,27.62,sold,BuyerB,26.9,
L002599,2026-06-15 11:55,bathroom,google,g_02,CA,33.5,sold,BuyerE,40.68,
L002600,2026-06-15 7:54,bathroom,native,nt_02,GA,22.52,unsold,,,
L002601,2026-06-15 18:23,bathroom,native,nt_01,GA,19.53,returned,BuyerE,38.78,no_answer
L002602,2026-06-15 13:21,windows,facebook,fb_05,FL,19.78,sold,BuyerB,27.71,
L002603,2026-06-15 10:43,bathroom,facebook,fb_07,MO,26.88,sold,BuyerB,48.54,
L002604,2026-06-15 16:22,bathroom,facebook,fb_04,IL,24.02,sold,BuyerB,40.41,
L002605,2026-06-15 13:22,roofing,facebook,fb_05,TX,21.51,sold,BuyerD,32.35,
L002606,2026-06-15 12:13,bathroom,facebook,fb_06,NC,32.87,sold,BuyerB,41.8,
L002607,2026-06-15 10:42,windows,native,nt_02,NY,18.95,sold,BuyerF,27.16,
L002608,2026-06-15 9:22,roofing,facebook,fb_07,SC,25.21,unsold,,,
L002609,2026-06-16 13:54,windows,facebook,fb_07,TX,21.59,returned,BuyerB,29.55,not_homeowner
L002610,2026-06-16 12:57,roofing,facebook,fb_06,TN,22.25,sold,BuyerA,35.04,
L002611,2026-06-16 10:42,windows,facebook,fb_08,FL,22.76,sold,BuyerB,26.63,
L002612,2026-06-16 17:11,windows,facebook,fb_08,CA,16.28,sold,BuyerF,25.91,
L002613,2026-06-16 13:05,roofing,google,g_02,MT,26.95,sold,BuyerA,35.3,
L002614,2026-06-16 13:12,roofing,facebook,fb_03,NY,20.53,sold,BuyerD,32.12,
L002615,2026-06-16 15:22,roofing,facebook,fb_01,PA,20.27,sold,BuyerA,37.49,
L002616,2026-06-16 16:54,roofing,google,g_01,FL,24.76,returned,BuyerC,52.3,changed_mind
L002617,2026-06-16 14:45,roofing,facebook,fb_07,GA,21.16,sold,BuyerC,50.54,
L002618,2026-06-16 8:34,windows,google,g_03,NC,32.11,unsold,,,
L002619,2026-06-16 13:27,windows,facebook,fb_06,NC,20.89,sold,BuyerB,27.03,
L002620,2026-06-16 11:09,roofing,native,nt_01,OH,19.97,sold,BuyerA,39.54,
L002621,2026-06-16 16:30,bathroom,facebook,fb_01,GA,27.06,sold,BuyerE,39.18,
L002622,2026-06-16 14:31,bathroom,facebook,fb_07,NC,30.16,sold,BuyerB,44.24,
L002623,2026-06-16 8:01,windows,facebook,fb_05,VA,21.72,sold,BuyerB,25.98,
L002624,2026-06-16 14:24,bathroom,facebook,fb_01,PA,26.45,sold,BuyerB,46.4,
L002625,2026-06-16 11:34,bathroom,facebook,fb_07,FL,27.48,sold,BuyerE,39.85,
L002626,2026-06-16 6:18,roofing,google,g_03,TX,34.72,sold,BuyerC,52.3,
L002627,2026-06-16 14:37,bathroom,facebook,fb_06,CA,33.57,sold,BuyerE,40.8,
L002628,2026-06-16 11:55,bathroom,facebook,fb_06,GA,26.28,sold,BuyerE,42.19,
L002629,2026-06-16 13:44,roofing,facebook,fb_04,CO,22.12,sold,BuyerD,34.44,
L002630,2026-06-16 10:33,roofing,facebook,fb_04,OH,23.1,sold,BuyerA,33.52,
L002631,2026-06-16 13:56,roofing,google,g_02,MI,33,sold,BuyerA,36.71,
L002632,2026-06-16 23:20,windows,facebook,fb_04,NY,17.59,sold,BuyerB,28.74,
L002633,2026-06-16 6:53,bathroom,facebook,fb_06,NY,28.31,sold,BuyerB,46.16,
L002634,2026-06-16 6:17,windows,native,nt_01,AZ,16.64,sold,BuyerB,28.86,
L002635,2026-06-16 13:18,windows,facebook,fb_03,ID,23.43,unsold,,,
L002636,2026-06-16 14:22,roofing,google,g_03,VA,40.46,sold,BuyerA,40.39,
L002637,2026-06-16 15:47,windows,facebook,fb_02,VA,23.36,sold,BuyerF,28.56,
L002638,2026-06-16 14:33,bathroom,facebook,fb_08,AZ,27.72,sold,BuyerB,44.52,
L002639,2026-06-16 21:29,roofing,facebook,fb_05,CA,24.29,sold,BuyerA,33.6,
L002640,2026-06-16 18:01,bathroom,facebook,fb_06,TN,27.65,sold,BuyerE,41.87,
L002641,2026-06-16 12:06,windows,google,g_03,NY,28.66,sold,BuyerF,29.31,
L002642,2026-06-16 8:57,bathroom,facebook,fb_02,VA,28.28,unsold,,,
L002643,2026-06-16 15:21,roofing,google,g_02,OH,29.26,sold,BuyerA,38.87,
L002644,2026-06-16 8:55,roofing,native,nt_02,OH,20.26,sold,BuyerA,33.92,
L002645,2026-06-16 13:11,roofing,facebook,fb_01,AZ,22.27,sold,BuyerD,32.88,
L002646,2026-06-16 13:29,roofing,facebook,fb_07,CA,23.86,sold,BuyerA,37.54,
L002647,2026-06-16 6:25,roofing,facebook,fb_01,TX,28.73,sold,BuyerC,55.09,
L002648,2026-06-16 11:28,roofing,facebook,fb_07,OH,19.03,sold,BuyerD,39.51,
L002649,2026-06-16 16:59,roofing,facebook,fb_04,CA,28.35,sold,BuyerA,35.52,
L002650,2026-06-16 10:10,bathroom,facebook,fb_02,OH,25.66,sold,BuyerB,39.11,
L002651,2026-06-16 15:25,windows,native,nt_02,NY,16.96,sold,BuyerB,28.66,
L002652,2026-06-16 13:59,roofing,google,g_01,TX,26.77,sold,BuyerC,50.82,
L002653,2026-06-16 15:50,roofing,facebook,fb_05,NC,24.76,sold,BuyerD,33.98,
L002654,2026-06-16 8:30,windows,facebook,fb_04,CO,20.05,returned,BuyerB,30.74,bad_number
L002655,2026-06-16 10:16,windows,google,g_01,TN,33.26,sold,BuyerB,28.41,
L002656,2026-06-16 13:32,roofing,facebook,fb_04,FL,18.72,sold,BuyerC,51.09,
L002657,2026-06-16 11:00,bathroom,native,nt_01,MI,18.73,sold,BuyerE,37.12,
L002658,2026-06-16 9:00,bathroom,facebook,fb_08,ND,26.74,unsold,,,
L002659,2026-06-16 23:03,roofing,facebook,fb_05,NC,20.29,sold,BuyerA,30.91,
L002660,2026-06-16 17:00,roofing,google,g_02,CO,28.29,sold,BuyerA,35.53,
L002661,2026-06-16 18:59,roofing,facebook,fb_02,TN,26.31,sold,BuyerD,31.95,
L002662,2026-06-16 9:37,roofing,facebook,fb_08,CO,27.97,sold,BuyerA,35.6,
L002663,2026-06-16 22:44,windows,facebook,fb_05,IN,22.54,sold,BuyerB,27.35,
L002664,2026-06-16 18:45,roofing,facebook,fb_07,IL,26.65,sold,BuyerA,35.8,
L002665,2026-06-16 13:38,roofing,facebook,fb_08,FL,22.16,sold,BuyerC,51.42,
L002666,2026-06-16 15:53,bathroom,facebook,fb_05,PA,29.21,sold,BuyerE,38.96,
L002667,2026-06-16 7:08,roofing,google,g_04,VA,33.22,sold,BuyerA,35.61,
L002668,2026-06-16 15:30,bathroom,facebook,fb_01,OH,31.64,sold,BuyerE,37.89,
L002669,2026-06-16 13:19,bathroom,facebook,fb_03,GA,30.15,sold,BuyerE,39.59,
L002670,2026-06-16 20:09,roofing,facebook,fb_02,AZ,21.92,sold,BuyerA,35.86,
L002671,2026-06-16 20:27,windows,google,g_04,FL,23.78,returned,BuyerB,27.52,out_of_service_area
L002672,2026-06-16 20:52,bathroom,facebook,fb_07,NC,32.56,sold,BuyerB,43.26,
L002673,2026-06-16 8:56,bathroom,facebook,fb_01,CO,28.37,sold,BuyerE,39.74,
L002674,2026-06-16 9:56,roofing,facebook,fb_06,CA,22.73,sold,BuyerA,35.35,
L002675,2026-06-16 9:18,roofing,facebook,fb_05,FL,15.63,sold,BuyerC,51.5,
L002676,2026-06-16 13:29,bathroom,google,g_02,TX,39.5,sold,BuyerB,44.64,
L002677,2026-06-16 10:50,roofing,facebook,fb_04,CA,22.7,sold,BuyerD,32.05,
L002678,2026-06-16 7:43,roofing,facebook,fb_05,WY,23.46,sold,BuyerD,33.14,
L002679,2026-06-16 17:10,bathroom,google,g_01,FL,32.36,sold,BuyerE,44.12,
L002680,2026-06-16 12:20,bathroom,facebook,fb_01,IL,25.19,sold,BuyerB,44.83,
L002681,2026-06-16 19:22,windows,facebook,fb_03,GA,14.87,sold,BuyerB,27.73,
L002682,2026-06-16 13:02,bathroom,facebook,fb_03,FL,27.45,unsold,,,
L002683,2026-06-16 22:28,roofing,native,nt_02,OH,22.1,sold,BuyerD,34.97,
L002684,2026-06-16 15:27,bathroom,native,nt_01,GA,19.3,sold,BuyerB,43.93,
L002685,2026-06-16 12:01,roofing,facebook,fb_08,ID,18.44,unsold,,,
L002686,2026-06-16 16:20,bathroom,facebook,fb_01,TX,29.02,sold,BuyerB,43.24,
L002687,2026-06-16 7:27,roofing,native,nt_02,NC,17.17,sold,BuyerD,33.5,
L002688,2026-06-16 16:28,windows,facebook,fb_01,IL,20.4,unsold,,,
L002689,2026-06-16 11:08,bathroom,google,g_04,CA,35.64,unsold,,,
L002690,2026-06-16 18:39,bathroom,facebook,fb_07,NY,26.85,sold,BuyerE,38.04,
L002691,2026-06-16 18:30,roofing,facebook,fb_05,FL,20.43,sold,BuyerA,36.29,
L002692,2026-06-16 16:23,windows,google,g_03,AZ,25.96,sold,BuyerF,28.5,
L002693,2026-06-16 10:01,windows,google,g_01,TX,27.67,sold,BuyerB,26.1,
L002694,2026-06-16 16:29,bathroom,facebook,fb_01,NC,27.93,sold,BuyerE,42.01,
L002695,2026-06-16 12:47,windows,google,g_01,MT,31.39,unsold,,,
L002696,2026-06-16 11:23,windows,facebook,fb_03,TX,27.26,sold,BuyerF,28.98,
L002697,2026-06-16 11:42,windows,facebook,fb_01,OH,16.48,sold,BuyerB,26.4,
L002698,2026-06-16 15:24,bathroom,facebook,fb_04,NY,28.51,sold,BuyerB,48.34,
L002699,2026-06-16 16:41,windows,native,nt_01,ID,17.55,sold,BuyerA,27.25,
L002700,2026-06-16 14:04,roofing,facebook,fb_08,OH,19.2,sold,BuyerA,30.4,
L002701,2026-06-16 10:47,windows,facebook,fb_07,AZ,19.63,returned,BuyerB,27.87,not_homeowner
L002702,2026-06-16 10:57,bathroom,facebook,fb_08,IL,28.01,sold,BuyerB,42.72,
L002703,2026-06-16 23:28,windows,facebook,fb_02,NC,20.37,returned,BuyerB,29.43,duplicate
L002704,2026-06-16 17:06,windows,google,g_01,IN,25.11,sold,BuyerB,28.45,
L002705,2026-06-16 19:24,windows,google,g_02,NY,22.56,sold,BuyerB,27.95,
L002706,2026-06-16 20:48,bathroom,facebook,fb_08,GA,22.69,sold,BuyerB,46.6,
L002707,2026-06-16 18:21,windows,native,nt_02,GA,15.71,sold,BuyerF,27.89,
L002708,2026-06-16 8:38,roofing,facebook,fb_01,FL,20.89,sold,BuyerC,51.51,
L002709,2026-06-16 9:57,bathroom,facebook,fb_07,MI,23.87,sold,BuyerE,40.26,
L002710,2026-06-16 11:35,roofing,facebook,fb_05,SC,18.02,sold,BuyerD,35.01,
L002711,2026-06-16 18:26,bathroom,facebook,fb_07,NC,27.19,sold,BuyerB,44.61,
L002712,2026-06-16 12:03,windows,facebook,fb_01,GA,23.81,sold,BuyerB,27.64,
L002713,2026-06-16 14:10,windows,google,g_04,NC,29.89,unsold,,,
L002714,2026-06-16 16:35,roofing,google,g_02,IL,33.13,sold,BuyerD,35.58,
L002715,2026-06-16 17:44,roofing,facebook,fb_08,TX,25.81,sold,BuyerC,50.51,
L002716,2026-06-16 13:03,bathroom,google,g_01,PA,38.21,returned,BuyerB,46.29,no_answer
L002717,2026-06-16 20:50,roofing,facebook,fb_08,CA,22.35,sold,BuyerD,32.88,
L002718,2026-06-16 16:41,roofing,facebook,fb_08,TN,21.21,sold,BuyerA,37.35,
L002719,2026-06-16 17:25,roofing,facebook,fb_08,IN,24.03,returned,BuyerD,35.54,no_answer
L002720,2026-06-16 15:58,bathroom,google,g_03,MI,32.76,sold,BuyerB,42.43,
L002721,2026-06-16 9:28,roofing,facebook,fb_08,NY,26.35,returned,BuyerA,37.02,no_answer
L002722,2026-06-16 8:20,windows,facebook,fb_07,NC,21.74,sold,BuyerB,28.49,
L002723,2026-06-16 13:00,roofing,facebook,fb_01,TX,20.68,sold,BuyerC,52.65,
L002724,2026-06-16 12:39,windows,native,nt_01,MI,13.63,sold,BuyerB,29.54,
L002725,2026-06-16 14:04,roofing,facebook,fb_03,MI,27.56,returned,BuyerD,35.19,not_homeowner
L002726,2026-06-16 17:54,windows,facebook,fb_03,NC,21.92,sold,BuyerB,29.99,
L002727,2026-06-16 6:55,windows,google,g_03,GA,26.35,returned,BuyerB,29.88,no_answer
L002728,2026-06-16 11:56,roofing,google,g_01,NY,31.8,sold,BuyerA,36.03,
L002729,2026-06-16 16:36,bathroom,facebook,fb_02,FL,23.69,sold,BuyerE,36.87,
L002730,2026-06-16 12:00,roofing,facebook,fb_01,NC,22.02,sold,BuyerA,38.6,
L002731,2026-06-16 20:35,bathroom,facebook,fb_03,TX,25.16,sold,BuyerB,43.29,
L002732,2026-06-16 23:15,roofing,facebook,fb_08,OH,25.58,sold,BuyerA,38.6,
L002733,2026-06-16 16:19,roofing,facebook,fb_06,NC,22.01,unsold,,,
L002734,2026-06-16 21:21,roofing,google,g_04,PA,33.87,sold,BuyerD,37.21,
L002735,2026-06-16 16:09,roofing,google,g_01,IN,28.72,sold,BuyerD,35.35,
L002736,2026-06-16 19:18,roofing,google,g_03,TX,36.92,sold,BuyerC,51.8,
L002737,2026-06-16 18:39,windows,native,nt_01,ND,15.19,sold,BuyerA,27.04,
L002738,2026-06-16 15:10,roofing,facebook,fb_06,NJ,24.17,sold,BuyerD,33.03,
L002739,2026-06-16 15:06,roofing,native,nt_01,NC,18.56,sold,BuyerA,41.5,
L002740,2026-06-16 17:47,roofing,facebook,fb_06,IN,19.87,sold,BuyerD,33.05,
L002741,2026-06-16 17:19,roofing,facebook,fb_05,TX,23.93,returned,BuyerC,51.81,no_answer
L002742,2026-06-16 11:01,roofing,google,g_03,CO,39.98,sold,BuyerD,32.28,
L002743,2026-06-16 15:58,roofing,native,nt_02,TN,16.62,sold,BuyerD,31.11,
L002744,2026-06-16 20:31,windows,facebook,fb_07,FL,16.73,returned,BuyerB,29.65,bad_number
L002745,2026-06-16 19:17,windows,facebook,fb_06,IL,20.37,sold,BuyerB,27.65,
L002746,2026-06-16 12:22,windows,facebook,fb_01,IL,18.93,sold,BuyerB,26.93,
L002747,2026-06-16 10:03,windows,native,nt_01,TN,17.39,sold,BuyerF,29.65,
L002748,2026-06-16 15:09,roofing,google,g_04,MT,28.71,sold,BuyerA,37.56,
L002749,2026-06-16 9:59,roofing,facebook,fb_05,IL,23.82,sold,BuyerA,36.59,
L002750,2026-06-16 10:02,windows,facebook,fb_03,FL,18.79,sold,BuyerB,28.92,
L002751,2026-06-16 15:47,bathroom,facebook,fb_06,GA,26.71,sold,BuyerB,42.93,
L002752,2026-06-16 15:29,bathroom,facebook,fb_01,VA,26.64,sold,BuyerE,39.95,
L002753,2026-06-16 16:21,windows,facebook,fb_05,AZ,17.21,sold,BuyerF,28.77,
L002754,2026-06-16 18:28,roofing,facebook,fb_01,PA,22.86,unsold,,,
L002755,2026-06-16 12:58,roofing,google,g_02,MI,29.35,sold,BuyerA,35.53,
L002756,2026-06-16 17:06,roofing,facebook,fb_02,FL,25.16,sold,BuyerC,51.82,
L002757,2026-06-16 16:37,roofing,google,g_01,FL,25.69,sold,BuyerC,53.04,
L002758,2026-06-16 15:03,windows,google,g_02,TN,34.4,sold,BuyerB,28.09,
L002759,2026-06-16 20:20,windows,google,g_01,GA,29.2,sold,BuyerB,28.12,
L002760,2026-06-16 19:13,roofing,google,g_04,GA,31.4,sold,BuyerD,35.03,
L002761,2026-06-16 13:26,roofing,facebook,fb_02,TX,19.15,sold,BuyerD,29.65,
L002762,2026-06-16 10:47,roofing,facebook,fb_08,FL,20.91,sold,BuyerA,34.88,
L002763,2026-06-16 6:42,bathroom,google,g_03,TX,37.27,sold,BuyerB,42.85,
L002764,2026-06-16 8:54,windows,facebook,fb_04,NC,19.73,sold,BuyerB,30.02,
L002765,2026-06-16 17:11,roofing,facebook,fb_08,CA,28.93,sold,BuyerD,33.41,
L002766,2026-06-16 12:10,roofing,facebook,fb_06,SC,22.4,sold,BuyerD,32.56,
L002767,2026-06-16 10:55,bathroom,facebook,fb_01,AZ,28.93,sold,BuyerE,38.07,
L002768,2026-06-16 19:55,roofing,facebook,fb_04,OH,22.17,sold,BuyerA,38.54,
L002769,2026-06-16 14:41,bathroom,facebook,fb_07,NC,30.41,sold,BuyerE,38.91,
L002770,2026-06-16 11:16,roofing,facebook,fb_01,PA,20.53,sold,BuyerA,36.85,
L002771,2026-06-16 14:02,roofing,google,g_03,FL,29.9,sold,BuyerA,36.94,
L002772,2026-06-16 16:53,windows,google,g_04,IL,30.38,sold,BuyerB,29.56,
L002773,2026-06-16 13:10,roofing,facebook,fb_08,NY,18.47,sold,BuyerA,34.49,
L002774,2026-06-16 9:41,roofing,facebook,fb_03,IL,25.97,sold,BuyerA,37.11,
L002775,2026-06-16 14:25,roofing,facebook,fb_07,CA,19.77,sold,BuyerA,34.5,
L002776,2026-06-16 10:45,bathroom,google,g_03,FL,36.73,sold,BuyerE,39.92,
L002777,2026-06-16 8:25,roofing,native,nt_01,PA,22.22,sold,BuyerD,32.48,
L002778,2026-06-16 9:22,windows,google,g_01,SC,26.18,sold,BuyerB,26.58,
L002779,2026-06-16 8:46,bathroom,native,nt_01,ND,25.37,unsold,,,
L002780,2026-06-16 10:07,roofing,facebook,fb_03,TX,21.72,sold,BuyerD,32.28,
L002781,2026-06-16 17:02,bathroom,facebook,fb_08,AZ,31.46,sold,BuyerB,44.35,
L002782,2026-06-16 17:01,roofing,facebook,fb_07,GA,21.26,unsold,,,
L002783,2026-06-16 12:55,roofing,google,g_03,NY,30.23,unsold,,,
L002784,2026-06-17 11:13,windows,facebook,fb_05,PA,21.06,sold,BuyerF,28.37,
L002785,2026-06-17 21:47,windows,google,g_03,AZ,26.88,sold,BuyerB,30.07,
L002786,2026-06-17 13:52,windows,google,g_03,AZ,27.21,sold,BuyerB,29.15,
L002787,2026-06-17 15:12,windows,native,nt_02,CO,13.11,sold,BuyerB,27.19,
L002788,2026-06-17 16:24,windows,facebook,fb_05,TN,21.07,sold,BuyerB,27.08,
L002789,2026-06-17 21:40,roofing,facebook,fb_01,GA,23.36,unsold,,,
L002790,2026-06-17 9:11,bathroom,google,g_03,MI,42.02,sold,BuyerB,44.2,
L002791,2026-06-17 17:55,roofing,native,nt_01,OH,16.44,sold,BuyerA,38.95,
L002792,2026-06-17 12:49,roofing,facebook,fb_04,ID,23.96,sold,BuyerD,37.22,
L002793,2026-06-17 17:43,roofing,facebook,fb_04,FL,20.92,sold,BuyerC,50.79,
L002794,2026-06-17 13:21,roofing,google,g_01,FL,25.69,sold,BuyerC,52.91,
L002795,2026-06-17 13:00,roofing,facebook,fb_08,GA,23.65,sold,BuyerC,50.5,
L002796,2026-06-17 15:20,windows,google,g_03,TX,25.07,sold,BuyerB,27.43,
L002797,2026-06-17 16:19,bathroom,facebook,fb_02,NC,25.49,sold,BuyerB,46.03,
L002798,2026-06-17 15:01,windows,native,nt_01,GA,17.85,sold,BuyerB,27.05,
L002799,2026-06-17 23:50,roofing,google,g_02,NY,32.67,sold,BuyerD,32.68,
L002800,2026-06-17 15:29,windows,facebook,fb_03,TN,22.75,sold,BuyerB,28.31,
L002801,2026-06-17 11:16,windows,google,g_02,FL,26.16,sold,BuyerB,27.29,
L002802,2026-06-17 12:47,roofing,facebook,fb_07,OH,19.59,sold,BuyerA,40.16,
L002803,2026-06-17 13:27,bathroom,google,g_03,TN,34.16,sold,BuyerB,43.38,
L002804,2026-06-17 11:21,bathroom,facebook,fb_04,IL,23.88,sold,BuyerE,41.7,
L002805,2026-06-17 11:42,roofing,native,nt_01,NJ,17.8,sold,BuyerD,34.94,
L002806,2026-06-17 21:45,bathroom,facebook,fb_02,GA,28.91,sold,BuyerE,42.66,
L002807,2026-06-17 17:16,windows,facebook,fb_07,NJ,20.59,sold,BuyerB,26.65,
L002808,2026-06-17 12:19,roofing,facebook,fb_02,PA,18.44,sold,BuyerA,34.67,
L002809,2026-06-17 16:43,roofing,facebook,fb_05,CA,19.82,unsold,,,
L002810,2026-06-17 8:19,roofing,google,g_04,IN,30.4,sold,BuyerD,33.82,
L002811,2026-06-17 11:13,windows,google,g_04,SC,27.76,sold,BuyerB,29.1,
L002812,2026-06-17 14:55,windows,facebook,fb_01,CA,19.72,sold,BuyerB,26.62,
L002813,2026-06-17 11:23,bathroom,facebook,fb_01,CA,32.84,sold,BuyerE,41.94,
L002814,2026-06-17 15:40,bathroom,facebook,fb_04,NY,29.15,unsold,,,
L002815,2026-06-17 9:06,bathroom,facebook,fb_02,OH,30.69,returned,BuyerE,39.54,bad_number
L002816,2026-06-17 8:55,roofing,native,nt_02,IL,11.74,sold,BuyerA,35.29,
L002817,2026-06-17 16:29,windows,facebook,fb_01,IN,15.63,sold,BuyerB,30.33,
L002818,2026-06-17 12:18,roofing,facebook,fb_03,OH,18.62,sold,BuyerD,31.91,
L002819,2026-06-17 9:05,roofing,google,g_01,OH,27.83,sold,BuyerD,33.46,
L002820,2026-06-17 11:13,windows,facebook,fb_03,CA,18.79,returned,BuyerB,28.74,changed_mind
L002821,2026-06-17 23:18,windows,google,g_01,TX,28.32,sold,BuyerB,29.99,
L002822,2026-06-17 16:10,roofing,facebook,fb_08,NY,27.65,sold,BuyerA,34.29,
L002823,2026-06-17 6:39,roofing,facebook,fb_07,NC,23.87,sold,BuyerA,36.52,
L002824,2026-06-17 17:52,roofing,native,nt_01,NC,16.99,sold,BuyerA,33.16,
L002825,2026-06-17 7:24,windows,google,g_01,MO,23.7,sold,BuyerB,30.59,
L002826,2026-06-17 19:16,windows,facebook,fb_02,MO,19.04,returned,BuyerB,27.84,no_answer
L002827,2026-06-17 9:10,windows,facebook,fb_08,IL,17.99,sold,BuyerB,27.04,
L002828,2026-06-17 14:03,roofing,facebook,fb_08,FL,29,sold,BuyerC,53.94,
L002829,2026-06-17 15:59,windows,facebook,fb_03,ND,20.1,returned,BuyerB,26.99,bad_number
L002830,2026-06-17 14:21,windows,facebook,fb_03,GA,23.79,sold,BuyerB,27.81,
L002831,2026-06-17 14:51,bathroom,google,g_03,FL,35.32,sold,BuyerE,41.93,
L002832,2026-06-17 14:51,bathroom,google,g_04,WY,30.21,sold,BuyerE,35.9,
L002833,2026-06-17 17:49,bathroom,facebook,fb_06,PA,25.05,sold,BuyerE,38.82,
L002834,2026-06-17 7:39,roofing,facebook,fb_02,GA,22.52,sold,BuyerC,51.71,
L002835,2026-06-17 14:42,bathroom,facebook,fb_03,TX,29.82,unsold,,,
L002836,2026-06-17 16:17,roofing,facebook,fb_07,FL,20.44,sold,BuyerC,51.52,
L002837,2026-06-17 15:21,roofing,google,g_02,OH,25.3,sold,BuyerD,34.88,
L002838,2026-06-17 10:32,bathroom,facebook,fb_06,TN,25.61,sold,BuyerE,43.57,
L002839,2026-06-17 11:41,roofing,facebook,fb_04,GA,25.7,sold,BuyerA,37.83,
L002840,2026-06-17 20:43,roofing,facebook,fb_04,MI,21.25,sold,BuyerA,37.74,
L002841,2026-06-17 11:00,roofing,facebook,fb_05,NC,22.44,sold,BuyerA,36.77,
L002842,2026-06-17 17:14,bathroom,google,g_04,FL,33.88,sold,BuyerB,45.42,
L002843,2026-06-17 14:26,roofing,facebook,fb_05,TN,18.86,returned,BuyerD,32.96,bad_number
L002844,2026-06-17 15:19,roofing,facebook,fb_04,IN,19.34,sold,BuyerD,36.65,
L002845,2026-06-17 6:48,windows,facebook,fb_08,ID,19.43,unsold,,,
L002846,2026-06-17 20:44,bathroom,native,nt_02,FL,27.16,sold,BuyerE,42.61,
L002847,2026-06-17 16:33,windows,google,g_03,ID,22.53,sold,BuyerB,27.66,
L002848,2026-06-17 10:29,bathroom,native,nt_02,OH,19.01,sold,BuyerB,41.02,
L002849,2026-06-17 11:35,windows,facebook,fb_07,FL,17.66,sold,BuyerB,27.99,
L002850,2026-06-17 10:40,windows,facebook,fb_04,TN,19.26,sold,BuyerA,27.21,
L002851,2026-06-17 12:33,roofing,native,nt_01,GA,18.43,sold,BuyerA,36.02,
L002852,2026-06-17 11:48,windows,native,nt_01,NY,14.57,sold,BuyerB,28.5,
L002853,2026-06-17 10:22,windows,google,g_03,TX,30.87,sold,BuyerA,27.14,
L002854,2026-06-17 23:54,roofing,facebook,fb_06,AZ,20.62,sold,BuyerA,32.6,
L002855,2026-06-17 10:23,roofing,facebook,fb_01,GA,25.79,sold,BuyerC,49.61,
L002856,2026-06-17 10:22,roofing,native,nt_02,CA,21.6,sold,BuyerD,34.44,
L002857,2026-06-17 15:42,windows,facebook,fb_06,GA,19.24,sold,BuyerF,28.12,
L002858,2026-06-17 6:50,roofing,facebook,fb_04,MO,19.6,sold,BuyerA,35.67,
L002859,2026-06-17 15:52,windows,google,g_02,GA,28.24,sold,BuyerB,27.94,
L002860,2026-06-17 12:35,roofing,facebook,fb_01,IL,22.94,sold,BuyerA,39.89,
L002861,2026-06-17 16:31,windows,facebook,fb_01,SC,21.7,sold,BuyerB,27.84,
L002862,2026-06-17 18:08,roofing,facebook,fb_03,OH,23.73,sold,BuyerA,31.58,
L002863,2026-06-17 17:53,roofing,native,nt_02,FL,18.39,sold,BuyerC,50.12,
L002864,2026-06-17 16:08,windows,google,g_03,NC,20.44,returned,BuyerB,30.34,out_of_service_area
L002865,2026-06-17 16:45,bathroom,google,g_04,VA,32.89,sold,BuyerB,42.5,
L002866,2026-06-17 15:58,roofing,google,g_02,CA,31.31,sold,BuyerD,35.13,
L002867,2026-06-17 9:32,roofing,facebook,fb_05,CA,22.25,sold,BuyerD,32.21,
L002868,2026-06-17 6:02,bathroom,facebook,fb_06,TX,20.52,unsold,,,
L002869,2026-06-17 11:26,bathroom,facebook,fb_07,MI,28.31,unsold,,,
L002870,2026-06-17 12:17,roofing,facebook,fb_02,TX,24.96,sold,BuyerC,52.33,
L002871,2026-06-17 12:10,roofing,google,g_02,MO,27.38,sold,BuyerA,36.36,
L002872,2026-06-17 15:13,windows,google,g_04,NY,27.8,sold,BuyerB,28.91,
L002873,2026-06-17 12:55,windows,google,g_04,TX,24.01,returned,BuyerB,29.91,changed_mind
L002874,2026-06-17 14:44,windows,google,g_01,OH,33.35,sold,BuyerB,26.9,
L002875,2026-06-17 13:26,roofing,facebook,fb_07,NC,20.42,returned,BuyerA,42.61,changed_mind
L002876,2026-06-17 17:50,roofing,facebook,fb_07,TX,18.71,returned,BuyerC,54.66,duplicate
L002877,2026-06-17 18:37,roofing,google,g_04,GA,29.42,sold,BuyerC,49.51,
L002878,2026-06-17 6:45,roofing,google,g_03,VA,45.54,unsold,,,
L002879,2026-06-17 18:39,bathroom,google,g_03,NC,30.05,sold,BuyerB,42.61,
L002880,2026-06-17 17:28,roofing,google,g_03,FL,26.23,sold,BuyerC,52.73,
L002881,2026-06-17 18:09,windows,native,nt_01,TN,15.89,sold,BuyerB,27.84,
L002882,2026-06-17 12:34,roofing,facebook,fb_03,WY,23.34,sold,BuyerD,34.63,
L002883,2026-06-17 16:41,roofing,native,nt_01,TX,19.7,sold,BuyerC,52.97,
L002884,2026-06-17 8:18,windows,google,g_04,VA,26.64,sold,BuyerB,29.04,
L002885,2026-06-17 16:35,windows,facebook,fb_02,TX,16.96,sold,BuyerB,30.51,
L002886,2026-06-17 9:51,roofing,facebook,fb_08,AZ,20.81,sold,BuyerD,32.34,
L002887,2026-06-17 12:30,roofing,native,nt_02,MO,17.9,sold,BuyerA,34.78,
L002888,2026-06-17 10:45,bathroom,facebook,fb_05,NC,30.08,sold,BuyerE,37.57,
L002889,2026-06-17 13:32,roofing,facebook,fb_06,AZ,25.48,sold,BuyerD,30.66,
L002890,2026-06-17 19:37,roofing,facebook,fb_04,FL,24.67,sold,BuyerC,51.66,
L002891,2026-06-17 14:41,roofing,google,g_02,FL,28.61,sold,BuyerC,53.18,
L002892,2026-06-17 12:23,bathroom,facebook,fb_04,NC,28.46,sold,BuyerB,43.85,
L002893,2026-06-17 12:49,windows,google,g_02,TN,32.22,sold,BuyerB,28.56,
L002894,2026-06-17 10:58,roofing,facebook,fb_07,GA,20.99,sold,BuyerA,33.21,
L002895,2026-06-17 12:07,roofing,facebook,fb_04,TX,26.81,sold,BuyerD,31.54,
L002896,2026-06-17 20:51,bathroom,facebook,fb_01,NJ,27.36,sold,BuyerE,41.13,
L002897,2026-06-17 12:26,roofing,facebook,fb_04,TX,23.41,sold,BuyerD,32.02,
L002898,2026-06-17 14:46,roofing,facebook,fb_06,OH,22.07,sold,BuyerA,36.02,
L002899,2026-06-17 16:48,roofing,facebook,fb_03,TN,25.3,sold,BuyerD,34.26,
L002900,2026-06-17 17:36,bathroom,facebook,fb_01,PA,27.75,sold,BuyerB,43.66,
L002901,2026-06-17 13:44,roofing,google,g_03,CA,35.04,sold,BuyerA,36.97,
L002902,2026-06-17 13:19,roofing,google,g_02,TX,33.79,sold,BuyerD,32.68,
L002903,2026-06-17 14:37,roofing,facebook,fb_05,CO,22.36,sold,BuyerD,36.88,
L002904,2026-06-17 6:48,windows,facebook,fb_04,NC,23.58,returned,BuyerF,27.79,not_homeowner
L002905,2026-06-17 8:57,roofing,facebook,fb_01,CA,23.88,sold,BuyerD,34.92,
L002906,2026-06-17 14:50,windows,native,nt_01,OH,17.51,sold,BuyerB,30.15,
L002907,2026-06-17 9:41,bathroom,facebook,fb_01,IN,27.73,returned,BuyerE,38.49,duplicate
L002908,2026-06-17 21:43,roofing,facebook,fb_02,CO,20.87,sold,BuyerA,34.24,
L002909,2026-06-17 12:06,roofing,facebook,fb_05,TX,27,unsold,,,
L002910,2026-06-17 13:59,roofing,native,nt_01,FL,18.69,sold,BuyerD,35.04,
L002911,2026-06-17 14:03,roofing,native,nt_02,NY,17.29,returned,BuyerA,37.11,bad_number
L002912,2026-06-17 10:52,windows,google,g_03,OH,25.97,sold,BuyerB,27.73,
L002913,2026-06-17 6:42,bathroom,facebook,fb_05,WY,28.9,sold,BuyerB,42.59,
L002914,2026-06-17 11:45,bathroom,google,g_02,SC,31.93,sold,BuyerB,44.64,
L002915,2026-06-17 18:21,bathroom,google,g_01,FL,28.23,sold,BuyerB,46.25,
L002916,2026-06-17 17:12,windows,facebook,fb_08,GA,24.31,sold,BuyerF,29.34,
L002917,2026-06-17 12:15,roofing,facebook,fb_01,FL,23.31,sold,BuyerA,37.78,
L002918,2026-06-17 12:21,bathroom,facebook,fb_05,IL,28.95,returned,BuyerE,41.3,bad_number
L002919,2026-06-17 13:37,windows,facebook,fb_05,PA,19.05,sold,BuyerB,29.66,
L002920,2026-06-17 17:53,roofing,facebook,fb_03,IL,22.74,unsold,,,
L002921,2026-06-17 10:34,roofing,native,nt_02,IL,16.33,sold,BuyerA,38.26,
L002922,2026-06-17 13:43,roofing,google,g_04,GA,26.81,sold,BuyerD,33.94,
L002923,2026-06-17 11:39,bathroom,facebook,fb_02,NC,24.19,sold,BuyerE,41.97,
L002924,2026-06-17 12:36,roofing,google,g_03,FL,34.92,sold,BuyerA,39.48,
L002925,2026-06-17 9:30,bathroom,native,nt_01,TX,19.17,sold,BuyerE,42.31,
L002926,2026-06-17 14:22,roofing,google,g_03,NC,32.19,unsold,,,
L002927,2026-06-17 11:54,windows,facebook,fb_08,CA,20.48,sold,BuyerB,25.83,
L002928,2026-06-17 13:37,roofing,facebook,fb_04,MI,24.28,sold,BuyerA,33.92,
L002929,2026-06-17 7:24,roofing,facebook,fb_01,FL,22.79,sold,BuyerA,34.35,
L002930,2026-06-17 16:48,roofing,google,g_01,MO,40.42,sold,BuyerD,32,
L002931,2026-06-17 12:07,roofing,facebook,fb_05,MI,21.09,sold,BuyerA,38.05,
L002932,2026-06-17 17:40,windows,google,g_04,PA,28.79,sold,BuyerB,29.61,
L002933,2026-06-17 15:44,roofing,facebook,fb_03,TX,22.05,sold,BuyerA,33.37,
L002934,2026-06-17 9:56,bathroom,native,nt_01,CA,23.33,returned,BuyerB,44.46,out_of_service_area
L002935,2026-06-17 8:38,bathroom,facebook,fb_03,CA,24.94,returned,BuyerB,43.39,no_answer
L002936,2026-06-17 13:44,roofing,facebook,fb_06,SC,26.66,sold,BuyerD,33.83,
L002937,2026-06-17 16:59,roofing,google,g_03,GA,30.71,sold,BuyerA,32.76,
L002938,2026-06-17 6:24,roofing,native,nt_01,ID,21.56,sold,BuyerD,31.26,
L002939,2026-06-17 7:38,roofing,facebook,fb_03,NJ,26.57,sold,BuyerA,36.86,
L002940,2026-06-17 11:20,roofing,facebook,fb_08,IL,26.49,sold,BuyerA,31.59,
L002941,2026-06-17 18:15,roofing,facebook,fb_01,FL,21.38,sold,BuyerA,37.1,
L002942,2026-06-17 15:49,roofing,google,g_04,NY,30.88,sold,BuyerD,34.94,
L002943,2026-06-17 20:12,roofing,facebook,fb_01,FL,27.77,sold,BuyerA,33.2,
L002944,2026-06-17 18:50,bathroom,facebook,fb_01,AZ,26.76,sold,BuyerE,38.5,
L002945,2026-06-17 11:00,bathroom,facebook,fb_05,TX,25.27,returned,BuyerE,40.95,changed_mind
L002946,2026-06-17 16:54,windows,facebook,fb_05,TX,15.24,sold,BuyerB,27.65,
L002947,2026-06-17 10:14,bathroom,facebook,fb_06,NC,31.69,sold,BuyerB,47.91,
L002948,2026-06-17 8:50,roofing,google,g_03,CA,37.92,sold,BuyerD,35.89,
L002949,2026-06-17 11:30,bathroom,google,g_04,TN,35.22,sold,BuyerB,47.08,
L002950,2026-06-17 11:52,windows,facebook,fb_08,TX,22.76,sold,BuyerB,26.47,
L002951,2026-06-17 12:05,bathroom,facebook,fb_01,MO,27.28,sold,BuyerB,45.01,
L002952,2026-06-17 10:54,windows,facebook,fb_06,FL,25,unsold,,,
L002953,2026-06-17 14:02,roofing,facebook,fb_06,CA,23.26,sold,BuyerD,34.26,
L002954,2026-06-17 11:38,roofing,google,g_02,TX,27.89,sold,BuyerA,34.96,
L002955,2026-06-17 17:03,windows,facebook,fb_07,CA,18.43,returned,BuyerF,28.56,not_homeowner
L002956,2026-06-17 6:24,roofing,facebook,fb_02,OH,22.8,sold,BuyerD,33.48,
L002957,2026-06-17 18:16,windows,google,g_02,GA,29.96,sold,BuyerB,27.52,
L002958,2026-06-17 14:33,bathroom,facebook,fb_07,SC,31.18,sold,BuyerE,38.93,
L002959,2026-06-17 14:45,roofing,facebook,fb_02,MT,24.13,unsold,,,
L002960,2026-06-17 12:41,roofing,facebook,fb_07,PA,27.33,returned,BuyerD,34.74,bad_number
L002961,2026-06-17 12:48,windows,google,g_02,TX,28.6,sold,BuyerB,29.97,
L002962,2026-06-17 18:59,roofing,facebook,fb_01,PA,23.14,sold,BuyerA,37.41,
L002963,2026-06-17 18:31,roofing,facebook,fb_02,GA,22.47,sold,BuyerA,37.11,
L002964,2026-06-17 16:29,roofing,google,g_02,MO,28.37,unsold,,,
L002965,2026-06-17 16:10,windows,facebook,fb_01,IL,23.2,sold,BuyerB,28.65,
L002966,2026-06-17 11:32,windows,facebook,fb_08,CA,18.09,sold,BuyerF,29.01,
L002967,2026-06-17 13:57,bathroom,google,g_02,FL,31.55,unsold,,,
L002968,2026-06-17 15:17,roofing,facebook,fb_03,NY,19.1,returned,BuyerD,32.18,no_answer
L002969,2026-06-17 15:44,bathroom,facebook,fb_01,CA,25.38,sold,BuyerB,42.76,
L002970,2026-06-17 11:19,roofing,facebook,fb_03,VA,17.01,returned,BuyerD,36.57,changed_mind
L002971,2026-06-17 16:46,windows,facebook,fb_08,PA,17.26,sold,BuyerB,28.56,
L002972,2026-06-17 16:05,roofing,facebook,fb_04,TN,23.94,sold,BuyerA,37,
L002973,2026-06-17 18:48,roofing,google,g_01,CA,28.25,sold,BuyerD,32.51,
L002974,2026-06-17 12:45,roofing,facebook,fb_04,PA,23.03,returned,BuyerA,35.23,changed_mind
L002975,2026-06-17 14:34,roofing,facebook,fb_07,NC,20.17,sold,BuyerD,31.31,
L002976,2026-06-17 13:43,roofing,facebook,fb_05,NC,25.69,sold,BuyerD,36.99,
L002977,2026-06-17 16:09,windows,google,g_02,NC,26.14,sold,BuyerB,26.67,
L002978,2026-06-17 16:00,roofing,native,nt_02,VA,22.05,sold,BuyerA,39.05,
L002979,2026-06-17 19:31,windows,facebook,fb_08,IL,23.62,sold,BuyerB,30.97,
L002980,2026-06-17 8:27,windows,facebook,fb_03,FL,16.17,unsold,,,
L002981,2026-06-17 18:25,roofing,facebook,fb_06,CO,26.67,sold,BuyerD,32.14,
L002982,2026-06-17 19:04,roofing,facebook,fb_01,IL,18.02,sold,BuyerD,35.06,
L002983,2026-06-17 16:21,bathroom,google,g_04,TX,38.94,sold,BuyerE,42.18,
L002984,2026-06-17 10:16,roofing,native,nt_02,PA,20.3,sold,BuyerD,34.99,
L002985,2026-06-18 22:30,windows,facebook,fb_02,WY,19.93,sold,BuyerA,26.93,
L002986,2026-06-18 17:05,roofing,google,g_02,NC,26.34,sold,BuyerA,34.41,
L002987,2026-06-18 9:18,windows,facebook,fb_04,CA,24,sold,BuyerB,28.09,
L002988,2026-06-18 14:38,windows,facebook,fb_01,FL,19.68,sold,BuyerF,28.72,
L002989,2026-06-18 11:10,roofing,facebook,fb_08,CA,22.42,sold,BuyerA,34.97,
L002990,2026-06-18 17:51,roofing,facebook,fb_04,FL,25.19,sold,BuyerC,50.71,
L002991,2026-06-18 15:10,roofing,facebook,fb_04,NJ,21.86,sold,BuyerD,34.65,
L002992,2026-06-18 12:02,bathroom,native,nt_02,GA,21.16,unsold,,,
L002993,2026-06-18 7:12,roofing,facebook,fb_08,TX,26.56,sold,BuyerC,48.03,
L002994,2026-06-18 16:56,windows,google,g_02,GA,23.54,sold,BuyerB,27.95,
L002995,2026-06-18 14:49,roofing,facebook,fb_02,FL,26.52,returned,BuyerC,53.6,no_answer
L002996,2026-06-18 11:12,roofing,facebook,fb_05,SC,17.58,unsold,,,
L002997,2026-06-18 9:28,windows,facebook,fb_07,FL,25.17,sold,BuyerB,27.39,
L002998,2026-06-18 17:51,roofing,facebook,fb_05,NY,25.58,sold,BuyerA,39.96,
L002999,2026-06-18 11:39,roofing,google,g_01,IN,35.42,sold,BuyerD,34.85,
L003000,2026-06-18 11:32,roofing,facebook,fb_05,CA,19.49,sold,BuyerD,36.59,
L003001,2026-06-18 12:57,bathroom,facebook,fb_03,TX,25.09,sold,BuyerB,45,
L003002,2026-06-18 16:59,bathroom,google,g_04,MO,42.5,sold,BuyerB,45,
L003003,2026-06-18 23:57,roofing,facebook,fb_03,NJ,29.99,sold,BuyerD,37.59,
L003004,2026-06-18 11:34,windows,facebook,fb_07,OH,21.81,returned,BuyerB,30.65,not_homeowner
L003005,2026-06-18 17:11,bathroom,facebook,fb_01,FL,27.87,sold,BuyerB,43.28,
L003006,2026-06-18 21:18,roofing,google,g_01,TX,34.7,sold,BuyerC,52.75,
L003007,2026-06-18 17:48,windows,facebook,fb_08,CA,19.04,sold,BuyerB,30.1,
L003008,2026-06-18 11:46,roofing,native,nt_01,OH,17.82,unsold,,,
L003009,2026-06-18 11:31,bathroom,facebook,fb_05,NY,24.8,sold,BuyerB,44.76,
L003010,2026-06-18 8:14,windows,facebook,fb_04,CA,19.02,sold,BuyerF,26.83,
L003011,2026-06-18 12:08,roofing,facebook,fb_03,GA,19.4,sold,BuyerC,54.22,
L003012,2026-06-18 13:23,bathroom,google,g_02,FL,36.54,sold,BuyerE,39.49,
L003013,2026-06-18 15:43,bathroom,native,nt_01,PA,18.88,sold,BuyerB,42.38,
L003014,2026-06-18 7:34,roofing,facebook,fb_07,CA,17.75,unsold,,,
L003015,2026-06-18 8:15,windows,native,nt_01,IL,14.46,sold,BuyerF,27.72,
L003016,2026-06-18 14:10,roofing,facebook,fb_03,CA,22.13,sold,BuyerA,33.96,
L003017,2026-06-18 15:01,roofing,google,g_03,FL,32.16,sold,BuyerC,51.7,
L003018,2026-06-18 12:22,windows,facebook,fb_08,MT,19.64,unsold,,,
L003019,2026-06-18 9:15,bathroom,facebook,fb_02,FL,26.45,unsold,,,
L003020,2026-06-18 6:57,roofing,facebook,fb_06,SC,22.11,sold,BuyerA,37.52,
L003021,2026-06-18 19:49,windows,native,nt_01,FL,15.02,returned,BuyerB,26.77,duplicate
L003022,2026-06-18 15:29,roofing,facebook,fb_01,GA,24.23,sold,BuyerC,51.71,
L003023,2026-06-18 13:06,roofing,google,g_01,PA,38.25,returned,BuyerD,36.16,bad_number
L003024,2026-06-18 12:58,roofing,facebook,fb_06,TX,23.52,sold,BuyerC,53.15,
L003025,2026-06-18 14:21,bathroom,native,nt_02,TX,19.53,unsold,,,
L003026,2026-06-18 14:47,bathroom,native,nt_01,TX,20.47,sold,BuyerB,44.87,
L003027,2026-06-18 13:28,bathroom,facebook,fb_02,TX,26.98,sold,BuyerB,48.4,
L003028,2026-06-18 11:11,roofing,facebook,fb_02,OH,25.68,sold,BuyerA,40.51,
L003029,2026-06-18 11:39,windows,google,g_04,CA,25.75,sold,BuyerB,29.59,
L003030,2026-06-18 12:59,roofing,google,g_01,MI,31.13,sold,BuyerA,33.06,
L003031,2026-06-18 19:27,roofing,facebook,fb_03,NC,15.26,sold,BuyerA,33.19,
L003032,2026-06-18 16:57,bathroom,facebook,fb_04,PA,27.28,sold,BuyerE,40.37,
L003033,2026-06-18 20:44,roofing,facebook,fb_07,NC,27.25,sold,BuyerA,35.71,
L003034,2026-06-18 12:22,roofing,facebook,fb_01,FL,23.45,sold,BuyerC,51.09,
L003035,2026-06-18 8:09,roofing,google,g_04,FL,24.35,sold,BuyerC,51.01,
L003036,2026-06-18 11:21,bathroom,facebook,fb_01,IN,24.77,sold,BuyerB,45.28,
L003037,2026-06-18 6:19,windows,native,nt_02,NY,15.99,sold,BuyerB,29.52,
L003038,2026-06-18 14:34,bathroom,native,nt_02,FL,21,sold,BuyerE,41.55,
L003039,2026-06-18 15:58,bathroom,google,g_03,IL,39.19,sold,BuyerB,39.78,
L003040,2026-06-18 9:29,windows,facebook,fb_06,NY,21.15,sold,BuyerF,28.16,
L003041,2026-06-18 13:13,roofing,facebook,fb_01,OH,27.32,sold,BuyerD,33.76,
L003042,2026-06-18 10:56,roofing,facebook,fb_01,CO,19.06,sold,BuyerD,36.12,
L003043,2026-06-18 6:41,bathroom,google,g_04,CA,39.13,sold,BuyerB,40.57,
L003044,2026-06-18 13:24,roofing,facebook,fb_05,NY,19.72,returned,BuyerA,35.43,no_answer
L003045,2026-06-18 15:00,bathroom,facebook,fb_08,GA,27.34,sold,BuyerB,44.69,
L003046,2026-06-18 12:20,roofing,google,g_01,FL,29.87,sold,BuyerC,50.37,
L003047,2026-06-18 10:10,bathroom,facebook,fb_04,IL,27.71,unsold,,,
L003048,2026-06-18 11:27,windows,facebook,fb_07,FL,22.69,sold,BuyerB,29.25,
L003049,2026-06-18 15:04,roofing,google,g_02,NY,30.71,returned,BuyerD,37.88,changed_mind
L003050,2026-06-18 12:46,windows,facebook,fb_05,NC,20.21,sold,BuyerB,26.12,
L003051,2026-06-18 16:49,roofing,facebook,fb_01,GA,20.33,sold,BuyerC,52.03,
L003052,2026-06-18 9:00,windows,facebook,fb_04,MT,23.74,sold,BuyerB,29.22,
L003053,2026-06-18 9:19,roofing,google,g_03,TN,30.9,sold,BuyerA,35.65,
L003054,2026-06-18 14:43,windows,facebook,fb_04,TX,20.41,sold,BuyerB,28.33,
L003055,2026-06-18 17:47,windows,native,nt_01,TX,19.58,sold,BuyerB,28.78,
L003056,2026-06-18 19:00,windows,google,g_01,FL,23.59,sold,BuyerB,28.36,
L003057,2026-06-18 13:44,roofing,google,g_02,MT,28.52,sold,BuyerA,39.53,
L003058,2026-06-18 17:11,bathroom,facebook,fb_02,MO,24.87,sold,BuyerE,41.4,
L003059,2026-06-18 8:45,windows,facebook,fb_01,NC,24.11,sold,BuyerA,26.98,
L003060,2026-06-18 12:36,windows,google,g_04,GA,22.9,sold,BuyerB,30.6,
L003061,2026-06-18 9:05,bathroom,facebook,fb_07,CA,28.5,sold,BuyerB,43.09,
L003062,2026-06-18 9:21,bathroom,facebook,fb_01,FL,29.48,returned,BuyerE,39.15,bad_number
L003063,2026-06-18 13:27,bathroom,google,g_01,FL,38.53,sold,BuyerB,44.53,
L003064,2026-06-18 16:24,roofing,facebook,fb_02,OH,15.51,sold,BuyerD,31.44,
L003065,2026-06-18 14:37,roofing,facebook,fb_05,VA,22.06,sold,BuyerD,33.43,
L003066,2026-06-18 15:31,roofing,facebook,fb_05,MT,27.44,sold,BuyerA,31.17,
L003067,2026-06-18 10:30,bathroom,facebook,fb_03,TN,28.24,sold,BuyerB,43.17,
L003068,2026-06-18 9:10,roofing,google,g_02,IL,31.47,sold,BuyerD,30.93,
L003069,2026-06-18 17:46,windows,facebook,fb_06,FL,17.81,sold,BuyerB,28.4,
L003070,2026-06-18 16:07,bathroom,facebook,fb_02,TX,19.78,sold,BuyerB,40.03,
L003071,2026-06-18 16:59,roofing,facebook,fb_07,MI,25.47,sold,BuyerA,37.06,
L003072,2026-06-18 8:49,windows,google,g_03,TX,22.98,sold,BuyerB,30.33,
L003073,2026-06-18 6:59,roofing,google,g_03,SC,31.6,unsold,,,
L003074,2026-06-18 12:27,roofing,facebook,fb_01,TN,19.84,sold,BuyerA,39.42,
L003075,2026-06-18 10:38,roofing,facebook,fb_02,GA,22.64,sold,BuyerC,55.48,
L003076,2026-06-18 23:28,roofing,google,g_02,TN,31.24,sold,BuyerA,36.82,
L003077,2026-06-18 13:21,roofing,native,nt_01,TX,18.67,unsold,,,
L003078,2026-06-18 15:57,windows,facebook,fb_05,NY,21.19,sold,BuyerB,29.44,
L003079,2026-06-18 9:54,roofing,facebook,fb_06,TX,19.72,sold,BuyerC,51.13,
L003080,2026-06-18 23:03,roofing,facebook,fb_03,FL,23.03,sold,BuyerC,53.59,
L003081,2026-06-18 16:00,roofing,facebook,fb_01,OH,27.97,sold,BuyerD,32.12,
L003082,2026-06-18 17:03,bathroom,native,nt_01,NC,21.1,sold,BuyerE,37.15,
L003083,2026-06-18 11:30,bathroom,facebook,fb_02,WY,24.43,unsold,,,
L003084,2026-06-18 15:00,windows,google,g_01,OH,26.89,unsold,,,
L003085,2026-06-18 14:39,roofing,google,g_02,TX,29.35,sold,BuyerA,36.97,
L003086,2026-06-18 15:00,roofing,native,nt_01,MI,18.32,sold,BuyerA,36.58,
L003087,2026-06-18 15:28,roofing,facebook,fb_02,FL,19.63,sold,BuyerA,40.67,
L003088,2026-06-18 11:45,bathroom,google,g_03,PA,37.81,returned,BuyerE,41.01,not_homeowner
L003089,2026-06-18 15:41,bathroom,facebook,fb_04,PA,27.74,sold,BuyerB,39.28,
L003090,2026-06-18 19:50,roofing,native,nt_01,TX,18.53,sold,BuyerA,29.63,
L003091,2026-06-18 19:04,roofing,facebook,fb_07,TX,21.34,sold,BuyerD,34.66,
L003092,2026-06-18 11:22,roofing,facebook,fb_02,FL,20.5,sold,BuyerD,35.3,
L003093,2026-06-18 10:15,bathroom,facebook,fb_04,CA,30.59,sold,BuyerB,40.38,
L003094,2026-06-18 16:05,bathroom,facebook,fb_04,OH,31.39,sold,BuyerE,41.2,
L003095,2026-06-18 14:58,bathroom,facebook,fb_06,MO,27.48,sold,BuyerE,39.55,
L003096,2026-06-18 17:25,roofing,facebook,fb_07,GA,22.05,unsold,,,
L003097,2026-06-18 12:20,roofing,facebook,fb_01,WY,24.5,sold,BuyerD,33.46,
L003098,2026-06-18 15:28,roofing,facebook,fb_05,CO,26.49,sold,BuyerA,37.09,
L003099,2026-06-18 15:28,roofing,facebook,fb_06,TX,21.81,sold,BuyerA,33.17,
L003100,2026-06-18 12:30,bathroom,facebook,fb_07,MO,29.48,returned,BuyerB,46.09,no_answer
L003101,2026-06-18 9:58,bathroom,facebook,fb_03,PA,25.7,sold,BuyerE,41.54,
L003102,2026-06-18 17:00,roofing,google,g_02,CA,30.04,sold,BuyerD,35,
L003103,2026-06-18 13:19,bathroom,facebook,fb_02,CA,30.63,unsold,,,
L003104,2026-06-18 18:16,windows,facebook,fb_03,CA,19.14,sold,BuyerB,26.89,
L003105,2026-06-18 16:07,bathroom,facebook,fb_08,OH,30.05,returned,BuyerE,41.54,bad_number
L003106,2026-06-18 15:19,windows,facebook,fb_03,FL,26.56,sold,BuyerB,27.19,
L003107,2026-06-18 19:04,roofing,native,nt_02,SC,19.3,returned,BuyerD,31.73,not_homeowner
L003108,2026-06-18 19:22,bathroom,facebook,fb_03,VA,27.88,sold,BuyerE,39.21,
L003109,2026-06-18 14:39,windows,google,g_04,CA,28.45,sold,BuyerB,28.76,
L003110,2026-06-18 15:18,windows,facebook,fb_07,MO,20.99,sold,BuyerB,28.09,
L003111,2026-06-18 6:35,windows,facebook,fb_07,IL,20.84,sold,BuyerB,27.85,
L003112,2026-06-18 12:32,roofing,facebook,fb_08,GA,27.74,unsold,,,
L003113,2026-06-18 12:05,windows,google,g_01,FL,17.88,sold,BuyerB,27.02,
L003114,2026-06-18 14:26,roofing,facebook,fb_07,AZ,22.09,sold,BuyerD,34.27,
L003115,2026-06-18 13:09,roofing,facebook,fb_08,TX,22.9,sold,BuyerD,35.01,
L003116,2026-06-18 13:53,roofing,native,nt_02,CA,20.72,sold,BuyerA,36.62,
L003117,2026-06-18 15:30,bathroom,facebook,fb_07,PA,27.12,sold,BuyerB,45.07,
L003118,2026-06-18 15:39,roofing,google,g_04,MT,30.77,sold,BuyerD,36.96,
L003119,2026-06-18 11:01,roofing,facebook,fb_03,IN,22.09,sold,BuyerD,34.53,
L003120,2026-06-18 12:20,roofing,facebook,fb_02,ND,23.75,sold,BuyerD,29.21,
L003121,2026-06-18 9:06,bathroom,facebook,fb_06,IN,26.28,sold,BuyerB,42.41,
L003122,2026-06-18 17:53,windows,facebook,fb_01,TX,20.18,sold,BuyerB,29,
L003123,2026-06-18 6:45,windows,google,g_01,GA,30.4,sold,BuyerF,25.9,
L003124,2026-06-18 8:55,bathroom,facebook,fb_01,TX,26.1,sold,BuyerE,42.91,
L003125,2026-06-18 6:14,roofing,facebook,fb_07,ND,21.73,sold,BuyerD,34.88,
L003126,2026-06-18 12:14,roofing,google,g_01,TX,32.42,sold,BuyerA,32.86,
L003127,2026-06-18 13:51,bathroom,native,nt_01,NY,19.53,sold,BuyerE,40.39,
L003128,2026-06-18 14:02,roofing,facebook,fb_03,PA,19.44,returned,BuyerA,35.84,no_answer
L003129,2026-06-18 11:08,roofing,facebook,fb_03,CA,21.28,sold,BuyerA,33.94,
L003130,2026-06-18 16:07,bathroom,native,nt_01,TX,24.84,sold,BuyerB,44.82,
L003131,2026-06-18 16:57,roofing,google,g_01,AZ,32.05,sold,BuyerA,33.75,
L003132,2026-06-18 8:47,roofing,facebook,fb_05,CA,23.48,sold,BuyerA,35.88,
L003133,2026-06-18 11:46,roofing,facebook,fb_03,GA,25.99,sold,BuyerA,35.58,
L003134,2026-06-18 19:52,roofing,facebook,fb_02,NC,17.75,returned,BuyerA,33.45,changed_mind
L003135,2026-06-18 14:36,windows,google,g_04,IL,28.27,sold,BuyerB,28.61,
L003136,2026-06-18 16:46,bathroom,google,g_02,OH,44.71,sold,BuyerE,37.16,
L003137,2026-06-18 20:36,windows,native,nt_01,TX,17.82,sold,BuyerB,29.82,
L003138,2026-06-18 18:35,windows,facebook,fb_04,MO,16.92,sold,BuyerF,25.81,
L003139,2026-06-18 16:44,roofing,facebook,fb_08,IL,24.19,unsold,,,
L003140,2026-06-18 15:15,roofing,facebook,fb_07,CO,24.57,sold,BuyerD,37.53,
L003141,2026-06-18 14:14,bathroom,facebook,fb_03,AZ,31.52,sold,BuyerE,41.59,
L003142,2026-06-18 12:35,windows,facebook,fb_07,OH,21.75,returned,BuyerB,30.22,not_homeowner
L003143,2026-06-18 13:14,windows,facebook,fb_04,MI,17.08,sold,BuyerB,25.91,
L003144,2026-06-18 14:29,bathroom,facebook,fb_04,CA,21.98,sold,BuyerB,42.29,
L003145,2026-06-18 17:17,roofing,facebook,fb_06,TN,21.62,sold,BuyerD,36.75,
L003146,2026-06-18 23:30,roofing,facebook,fb_08,TX,27.23,sold,BuyerD,35.86,
L003147,2026-06-18 11:41,roofing,facebook,fb_01,IL,27.25,sold,BuyerA,39.64,
L003148,2026-06-18 18:49,windows,facebook,fb_07,MT,17.84,unsold,,,
L003149,2026-06-18 15:37,roofing,facebook,fb_08,CA,26.75,sold,BuyerD,34.93,
L003150,2026-06-18 8:26,bathroom,facebook,fb_01,FL,28.5,sold,BuyerB,46.19,
L003151,2026-06-18 20:25,roofing,facebook,fb_03,FL,18.12,sold,BuyerA,35.15,
L003152,2026-06-18 12:09,roofing,facebook,fb_02,MO,20.04,sold,BuyerD,32.62,
L003153,2026-06-18 12:21,roofing,facebook,fb_01,WY,22.47,sold,BuyerA,37.69,
L003154,2026-06-18 15:08,bathroom,google,g_02,NJ,31.9,sold,BuyerB,42.1,
L003155,2026-06-18 18:35,windows,native,nt_02,PA,13.79,sold,BuyerB,29.17,
L003156,2026-06-18 14:29,windows,facebook,fb_06,ID,22.83,unsold,,,
L003157,2026-06-18 6:20,roofing,google,g_04,TX,33.33,sold,BuyerD,37.11,
L003158,2026-06-18 14:08,roofing,native,nt_02,OH,22.48,sold,BuyerD,34.87,
L003159,2026-06-18 17:07,roofing,google,g_01,CA,22.44,returned,BuyerA,34.11,duplicate
L003160,2026-06-18 14:37,roofing,google,g_01,ND,29.44,unsold,,,
L003161,2026-06-18 13:07,windows,google,g_03,CA,21.55,sold,BuyerB,27.41,
L003162,2026-06-18 11:51,roofing,facebook,fb_04,CA,24.56,sold,BuyerD,32.29,
L003163,2026-06-18 16:31,bathroom,native,nt_01,MO,26.85,sold,BuyerB,44.06,
L003164,2026-06-18 8:17,windows,facebook,fb_03,MO,22.04,sold,BuyerB,30.78,
L003165,2026-06-18 9:03,roofing,facebook,fb_08,NJ,26.94,sold,BuyerA,36.1,
L003166,2026-06-18 6:22,roofing,google,g_02,OH,25.84,sold,BuyerD,36.44,
L003167,2026-06-18 14:28,bathroom,google,g_01,NY,31.94,sold,BuyerB,46.62,
L003168,2026-06-18 14:27,windows,google,g_01,ID,23.01,unsold,,,
L003169,2026-06-18 21:57,windows,facebook,fb_01,TX,18.72,sold,BuyerB,28.2,
L003170,2026-06-18 15:42,windows,native,nt_02,TX,16.47,sold,BuyerB,27.25,
L003171,2026-06-18 14:01,bathroom,facebook,fb_05,IN,28.43,sold,BuyerE,38.62,
L003172,2026-06-18 19:11,windows,google,g_03,MI,28.56,sold,BuyerB,28.39,
L003173,2026-06-18 11:01,roofing,native,nt_01,TN,20.42,sold,BuyerD,33.59,
L003174,2026-06-18 15:22,roofing,facebook,fb_05,NC,22.99,sold,BuyerD,33.67,
L003175,2026-06-19 11:12,windows,google,g_04,OH,19.86,sold,BuyerB,27.4,
L003176,2026-06-19 11:52,roofing,native,nt_02,CA,20.38,sold,BuyerD,33.29,
L003177,2026-06-19 14:16,windows,facebook,fb_03,TN,17.86,sold,BuyerF,26.87,
L003178,2026-06-19 14:06,roofing,facebook,fb_03,MI,21.31,sold,BuyerD,35.64,
L003179,2026-06-19 13:19,roofing,facebook,fb_03,SC,20.84,unsold,,,
L003180,2026-06-19 13:11,bathroom,facebook,fb_02,GA,29.18,sold,BuyerE,39.91,
L003181,2026-06-19 11:54,bathroom,google,g_01,ND,38.75,sold,BuyerE,36.49,
L003182,2026-06-19 9:36,bathroom,facebook,fb_05,SC,27.77,sold,BuyerB,48.33,
L003183,2026-06-19 12:45,roofing,facebook,fb_07,FL,20.07,sold,BuyerC,50.36,
L003184,2026-06-19 9:23,bathroom,facebook,fb_08,NC,25.25,sold,BuyerE,44.58,
L003185,2026-06-19 10:30,bathroom,google,g_01,GA,26.32,sold,BuyerB,40.87,
L003186,2026-06-19 14:23,windows,facebook,fb_05,TX,22.96,sold,BuyerB,29.24,
L003187,2026-06-19 21:20,roofing,facebook,fb_02,CA,23.04,sold,BuyerD,31.4,
L003188,2026-06-19 22:45,roofing,facebook,fb_04,CA,25.13,sold,BuyerD,33.31,
L003189,2026-06-19 14:14,bathroom,facebook,fb_01,PA,26,sold,BuyerB,46.46,
L003190,2026-06-19 8:29,bathroom,google,g_03,TX,31.07,sold,BuyerE,38.81,
L003191,2026-06-19 13:25,bathroom,facebook,fb_08,FL,28.19,sold,BuyerB,42.62,
L003192,2026-06-19 16:40,bathroom,facebook,fb_01,FL,24.38,returned,BuyerB,44.42,not_homeowner
L003193,2026-06-19 22:22,windows,native,nt_02,PA,13.64,sold,BuyerF,29.69,
L003194,2026-06-19 20:05,windows,google,g_02,IL,27.96,sold,BuyerB,27.08,
L003195,2026-06-19 20:50,roofing,google,g_03,FL,39.66,sold,BuyerA,36.57,
L003196,2026-06-19 10:04,windows,facebook,fb_03,MO,14.99,sold,BuyerB,27.52,
L003197,2026-06-19 13:47,windows,facebook,fb_02,CA,21.48,sold,BuyerB,28.06,
L003198,2026-06-19 17:47,windows,facebook,fb_04,NC,20.23,sold,BuyerA,27.88,
L003199,2026-06-19 12:16,roofing,facebook,fb_03,IL,23.61,sold,BuyerA,38.72,
L003200,2026-06-19 11:22,roofing,facebook,fb_02,CA,19.56,sold,BuyerA,38.97,
L003201,2026-06-19 23:39,windows,native,nt_01,TX,18.19,sold,BuyerB,28.14,
L003202,2026-06-19 14:58,windows,google,g_04,GA,30.91,sold,BuyerF,28.39,
L003203,2026-06-19 15:18,roofing,facebook,fb_03,TX,22.57,sold,BuyerC,52.51,
L003204,2026-06-19 15:57,roofing,facebook,fb_04,SC,23.4,returned,BuyerD,35.14,out_of_service_area
L003205,2026-06-19 16:42,roofing,facebook,fb_05,NY,17.09,sold,BuyerD,33.76,
L003206,2026-06-19 20:38,bathroom,facebook,fb_01,SC,28.93,sold,BuyerB,42.27,
L003207,2026-06-19 15:43,roofing,facebook,fb_03,TN,23.08,sold,BuyerA,37.26,
L003208,2026-06-19 14:29,bathroom,google,g_03,GA,36.44,sold,BuyerB,42.18,
L003209,2026-06-19 16:12,bathroom,facebook,fb_05,PA,25.98,sold,BuyerE,37.7,
L003210,2026-06-19 19:49,bathroom,facebook,fb_06,TN,26.61,sold,BuyerB,43.57,
L003211,2026-06-19 13:46,roofing,facebook,fb_04,GA,17.08,sold,BuyerC,51.89,
L003212,2026-06-19 11:14,windows,facebook,fb_06,TX,22.36,sold,BuyerB,30.39,
L003213,2026-06-19 10:32,roofing,facebook,fb_05,IL,26.16,sold,BuyerD,36.36,
L003214,2026-06-19 18:09,roofing,facebook,fb_01,NJ,19.58,sold,BuyerD,35.76,
L003215,2026-06-19 19:11,roofing,facebook,fb_01,IN,26.29,sold,BuyerA,31.13,
L003216,2026-06-19 11:30,roofing,google,g_02,CA,35.45,sold,BuyerD,35.33,
L003217,2026-06-19 13:30,bathroom,facebook,fb_02,OH,27.98,unsold,,,
L003218,2026-06-19 10:49,bathroom,facebook,fb_01,NC,26.31,sold,BuyerB,41.43,
L003219,2026-06-19 13:46,roofing,facebook,fb_06,TN,17.46,returned,BuyerD,31.62,no_answer
L003220,2026-06-19 7:48,windows,google,g_02,CA,31.07,sold,BuyerB,27.91,
L003221,2026-06-19 12:57,windows,facebook,fb_06,FL,21.35,sold,BuyerB,30.75,
L003222,2026-06-19 14:56,bathroom,google,g_04,GA,38.15,returned,BuyerE,39.14,not_homeowner
L003223,2026-06-19 14:04,windows,google,g_02,TN,26.69,sold,BuyerF,29.15,
L003224,2026-06-19 17:29,roofing,facebook,fb_01,NY,20.6,sold,BuyerA,35.72,
L003225,2026-06-19 18:45,windows,facebook,fb_08,CA,20.2,sold,BuyerB,27.88,
L003226,2026-06-19 17:39,roofing,native,nt_02,OH,18.36,sold,BuyerA,34.29,
L003227,2026-06-19 11:32,roofing,facebook,fb_01,FL,23.18,sold,BuyerC,54.11,
L003228,2026-06-19 18:10,windows,native,nt_02,NC,16.26,sold,BuyerB,29.82,
L003229,2026-06-19 15:50,windows,facebook,fb_04,IL,20.92,sold,BuyerB,30.4,
L003230,2026-06-19 12:08,bathroom,facebook,fb_04,ID,23.04,sold,BuyerE,36.27,
L003231,2026-06-19 16:06,roofing,google,g_03,TX,38.36,sold,BuyerC,51.02,
L003232,2026-06-19 8:29,roofing,native,nt_01,IN,18.63,sold,BuyerD,31.27,
L003233,2026-06-19 12:52,roofing,facebook,fb_05,VA,20.71,sold,BuyerD,32.38,
L003234,2026-06-19 15:32,roofing,facebook,fb_08,TN,25.2,sold,BuyerD,33.41,
L003235,2026-06-19 20:43,bathroom,facebook,fb_07,ID,32.68,sold,BuyerE,36.56,
L003236,2026-06-19 10:52,bathroom,facebook,fb_04,ID,23.88,unsold,,,
L003237,2026-06-19 16:26,roofing,google,g_03,CO,36.38,unsold,,,
L003238,2026-06-19 6:50,roofing,native,nt_01,IL,17.79,sold,BuyerA,36.68,
L003239,2026-06-19 7:35,bathroom,facebook,fb_03,CA,22.78,sold,BuyerE,41.07,
L003240,2026-06-19 14:12,windows,facebook,fb_02,GA,19.71,sold,BuyerB,26.37,
L003241,2026-06-19 11:44,roofing,facebook,fb_05,IN,28.26,sold,BuyerA,37.8,
L003242,2026-06-19 13:44,roofing,facebook,fb_05,VA,23.85,returned,BuyerD,33.45,out_of_service_area
L003243,2026-06-19 14:51,roofing,google,g_01,MI,25.77,sold,BuyerA,34.02,
L003244,2026-06-19 16:19,windows,native,nt_02,OH,16.27,unsold,,,
L003245,2026-06-19 21:18,roofing,facebook,fb_02,IL,22.24,returned,BuyerA,37.95,changed_mind
L003246,2026-06-19 17:47,roofing,facebook,fb_08,IN,21.27,sold,BuyerA,37.58,
L003247,2026-06-19 14:48,windows,facebook,fb_07,CO,19.71,sold,BuyerF,28.7,
L003248,2026-06-19 8:29,windows,native,nt_01,SC,16.86,sold,BuyerB,29.31,
L003249,2026-06-19 9:22,windows,facebook,fb_03,VA,20.71,sold,BuyerB,29.23,
L003250,2026-06-19 12:05,windows,google,g_01,AZ,30.64,returned,BuyerB,31.17,out_of_service_area
L003251,2026-06-19 18:38,roofing,google,g_01,MI,29.49,returned,BuyerD,33.88,not_homeowner
L003252,2026-06-19 12:35,roofing,google,g_04,OH,35.24,returned,BuyerD,32.57,bad_number
L003253,2026-06-19 13:18,roofing,facebook,fb_06,FL,24.75,sold,BuyerC,51.08,
L003254,2026-06-19 17:25,windows,facebook,fb_06,AZ,20.25,sold,BuyerB,27.2,
L003255,2026-06-19 12:46,bathroom,facebook,fb_05,CO,25.5,sold,BuyerB,42.8,
L003256,2026-06-19 13:28,windows,facebook,fb_08,FL,22.55,sold,BuyerB,28.15,
L003257,2026-06-19 17:28,roofing,facebook,fb_05,NC,23.54,sold,BuyerA,35.08,
L003258,2026-06-19 12:05,bathroom,facebook,fb_07,IL,22.29,sold,BuyerB,45.62,
L003259,2026-06-19 12:36,roofing,google,g_01,NC,22.76,sold,BuyerA,33.54,
L003260,2026-06-19 20:40,windows,native,nt_01,GA,16.03,sold,BuyerB,28.97,
L003261,2026-06-19 17:22,bathroom,facebook,fb_02,FL,27.49,sold,BuyerB,44.59,
L003262,2026-06-19 19:48,roofing,facebook,fb_05,FL,22.15,sold,BuyerC,52.18,
L003263,2026-06-19 17:22,windows,facebook,fb_04,CA,17.53,sold,BuyerB,29.3,
L003264,2026-06-19 7:05,roofing,facebook,fb_07,OH,24.14,sold,BuyerA,37.25,
L003265,2026-06-19 14:05,roofing,facebook,fb_03,NY,20.77,sold,BuyerD,34.93,
L003266,2026-06-19 11:24,windows,google,g_01,GA,29.1,sold,BuyerF,26.48,
L003267,2026-06-19 7:16,bathroom,facebook,fb_08,TX,27.82,sold,BuyerB,43.77,
L003268,2026-06-19 17:51,windows,facebook,fb_05,TX,20.26,sold,BuyerB,29.82,
L003269,2026-06-19 11:06,roofing,facebook,fb_03,GA,24.88,sold,BuyerC,50.72,
L003270,2026-06-19 12:41,roofing,native,nt_01,NY,17.54,sold,BuyerD,33.34,
L003271,2026-06-19 10:12,bathroom,google,g_04,FL,41.16,sold,BuyerB,45.79,
L003272,2026-06-19 20:15,roofing,native,nt_02,FL,13.83,sold,BuyerC,52.1,
L003273,2026-06-19 13:38,roofing,google,g_01,MT,30.54,returned,BuyerA,37.74,duplicate
L003274,2026-06-19 22:40,windows,facebook,fb_07,NY,21.59,returned,BuyerB,29.88,bad_number
L003275,2026-06-19 19:39,roofing,facebook,fb_02,TX,20.53,sold,BuyerC,52.61,
L003276,2026-06-19 9:48,bathroom,google,g_04,OH,38.17,unsold,,,
L003277,2026-06-19 20:12,roofing,google,g_02,MT,32.68,sold,BuyerA,39.9,
L003278,2026-06-19 10:07,windows,facebook,fb_05,PA,21.19,sold,BuyerB,30.15,
L003279,2026-06-19 8:59,roofing,facebook,fb_06,CA,27.31,sold,BuyerD,34.18,
L003280,2026-06-19 22:19,roofing,facebook,fb_05,FL,25.49,sold,BuyerC,51.07,
L003281,2026-06-19 17:29,bathroom,facebook,fb_06,MI,26.18,sold,BuyerE,41.84,
L003282,2026-06-19 8:30,roofing,facebook,fb_07,GA,22.01,sold,BuyerC,49.65,
L003283,2026-06-19 14:56,bathroom,facebook,fb_05,CA,25.85,sold,BuyerB,42.83,
L003284,2026-06-19 12:03,bathroom,facebook,fb_01,NC,28.88,sold,BuyerE,39.72,
L003285,2026-06-19 12:27,windows,google,g_02,CA,27.46,sold,BuyerB,28.56,
L003286,2026-06-19 8:24,roofing,google,g_04,TX,32.85,sold,BuyerC,51.56,
L003287,2026-06-19 6:14,windows,google,g_04,ID,26.64,sold,BuyerB,29.41,
L003288,2026-06-19 8:34,bathroom,facebook,fb_01,CA,20.4,sold,BuyerE,36.73,
L003289,2026-06-19 20:49,windows,facebook,fb_07,TX,17.34,sold,BuyerB,27.82,
L003290,2026-06-19 8:29,roofing,facebook,fb_05,GA,24.7,sold,BuyerC,50.68,
L003291,2026-06-19 16:31,roofing,google,g_03,NY,31.92,sold,BuyerA,36.02,
L003292,2026-06-19 17:11,roofing,facebook,fb_05,FL,24.12,returned,BuyerC,52.45,duplicate
L003293,2026-06-19 14:37,windows,facebook,fb_03,ID,14.43,sold,BuyerB,30.78,
L003294,2026-06-19 14:16,roofing,facebook,fb_07,CA,21.32,sold,BuyerD,30,
L003295,2026-06-19 13:55,windows,facebook,fb_06,GA,16.68,sold,BuyerF,27.03,
L003296,2026-06-19 18:14,roofing,facebook,fb_01,CA,23.78,unsold,,,
L003297,2026-06-19 15:15,bathroom,google,g_01,IL,26.18,sold,BuyerB,48.04,
L003298,2026-06-19 18:59,bathroom,google,g_03,MO,28.82,sold,BuyerB,44.5,
L003299,2026-06-19 14:18,windows,native,nt_02,NC,18.23,sold,BuyerB,25.49,
L003300,2026-06-19 11:39,bathroom,google,g_04,MT,34.13,unsold,,,
L003301,2026-06-19 10:34,windows,facebook,fb_03,AZ,18.78,sold,BuyerB,28,
L003302,2026-06-19 11:41,windows,facebook,fb_04,TX,17.7,sold,BuyerB,27.25,
L003303,2026-06-19 17:46,windows,facebook,fb_03,FL,16.92,sold,BuyerB,28.93,
L003304,2026-06-19 12:32,bathroom,google,g_04,NC,33.7,returned,BuyerE,39.79,bad_number
L003305,2026-06-19 14:19,windows,facebook,fb_07,GA,20.22,returned,BuyerB,29.04,not_homeowner
L003306,2026-06-19 11:49,roofing,facebook,fb_05,FL,24.45,sold,BuyerA,37.64,
L003307,2026-06-19 7:32,bathroom,facebook,fb_04,AZ,27.89,sold,BuyerE,36.61,
L003308,2026-06-19 16:01,roofing,google,g_04,TX,27.73,returned,BuyerD,33.3,changed_mind
L003309,2026-06-19 15:46,windows,facebook,fb_04,MI,16.01,sold,BuyerF,27.33,
L003310,2026-06-19 16:01,roofing,native,nt_01,OH,18.01,sold,BuyerD,37.12,
L003311,2026-06-19 20:21,bathroom,facebook,fb_03,AZ,33.31,returned,BuyerE,39.59,duplicate
L003312,2026-06-19 12:25,roofing,facebook,fb_01,SC,24.65,sold,BuyerA,39.52,
L003313,2026-06-19 7:48,roofing,facebook,fb_01,TN,21.29,sold,BuyerD,37.29,
L003314,2026-06-19 18:50,windows,google,g_01,IL,24.34,sold,BuyerB,28.65,
L003315,2026-06-19 19:16,roofing,facebook,fb_04,IN,22.47,returned,BuyerA,37.72,changed_mind
L003316,2026-06-19 10:43,roofing,facebook,fb_03,PA,18.93,sold,BuyerD,36.78,
L003317,2026-06-19 10:08,windows,facebook,fb_04,IL,16.94,sold,BuyerB,29.22,
L003318,2026-06-19 14:38,windows,facebook,fb_02,NY,19.58,sold,BuyerF,27.47,
L003319,2026-06-19 18:40,roofing,google,g_01,MI,26.14,sold,BuyerA,33.84,
L003320,2026-06-19 14:52,bathroom,facebook,fb_07,FL,29.93,sold,BuyerB,42.73,
L003321,2026-06-19 14:31,roofing,google,g_02,CA,28.9,sold,BuyerD,35.13,
L003322,2026-06-19 9:19,roofing,facebook,fb_02,IL,23.93,sold,BuyerA,35.74,
L003323,2026-06-19 16:37,bathroom,google,g_03,PA,41,sold,BuyerB,42.78,
L003324,2026-06-19 12:54,roofing,facebook,fb_07,TX,23.39,sold,BuyerD,34.98,
L003325,2026-06-19 11:53,windows,native,nt_02,PA,17.41,sold,BuyerB,29.64,
L003326,2026-06-19 13:05,bathroom,facebook,fb_07,VA,21.83,sold,BuyerB,44.04,
L003327,2026-06-19 19:33,windows,google,g_01,OH,24.84,sold,BuyerF,27.7,
L003328,2026-06-19 11:34,bathroom,google,g_01,NY,37.23,unsold,,,
L003329,2026-06-19 14:53,windows,facebook,fb_02,CA,20.46,sold,BuyerB,29.46,
L003330,2026-06-19 11:00,roofing,google,g_03,GA,41.92,sold,BuyerA,33.7,
L003331,2026-06-19 6:36,roofing,google,g_01,NJ,25.03,sold,BuyerD,34.71,
L003332,2026-06-19 12:16,bathroom,facebook,fb_08,FL,27.58,sold,BuyerB,46.44,
L003333,2026-06-19 12:46,windows,facebook,fb_01,MI,18.37,returned,BuyerB,29.75,bad_number
L003334,2026-06-19 15:29,roofing,facebook,fb_05,FL,24.69,sold,BuyerD,36.8,
L003335,2026-06-19 12:37,roofing,native,nt_02,NJ,20.97,sold,BuyerD,35.77,
L003336,2026-06-19 15:55,roofing,facebook,fb_07,MI,23.96,sold,BuyerA,33.85,
L003337,2026-06-19 11:37,windows,google,g_01,CA,22.78,sold,BuyerB,28.32,
L003338,2026-06-19 17:40,bathroom,facebook,fb_07,AZ,25.32,sold,BuyerB,44.19,
L003339,2026-06-19 16:27,bathroom,native,nt_01,CO,21.19,sold,BuyerB,41.41,
L003340,2026-06-19 11:33,roofing,facebook,fb_05,NY,27.74,sold,BuyerA,34.59,
L003341,2026-06-19 18:58,windows,facebook,fb_08,CO,19.8,sold,BuyerB,27.53,
L003342,2026-06-19 12:02,roofing,facebook,fb_04,MO,25.12,sold,BuyerD,33.2,
L003343,2026-06-19 22:13,windows,facebook,fb_05,TX,15.29,returned,BuyerB,29.35,bad_number
L003344,2026-06-19 13:19,roofing,facebook,fb_05,PA,23.13,sold,BuyerD,34.88,
L003345,2026-06-19 7:35,bathroom,facebook,fb_07,NC,26.1,sold,BuyerB,41.86,
L003346,2026-06-19 16:36,roofing,facebook,fb_03,NC,22.09,returned,BuyerD,33.09,no_answer
L003347,2026-06-19 17:15,windows,facebook,fb_03,PA,21.43,sold,BuyerB,28.69,
L003348,2026-06-19 12:32,roofing,facebook,fb_06,NC,22.16,sold,BuyerD,31.88,
L003349,2026-06-19 10:52,windows,facebook,fb_01,CA,17.32,sold,BuyerB,27.76,
L003350,2026-06-19 12:47,roofing,google,g_01,CA,28.17,returned,BuyerD,31.77,duplicate
L003351,2026-06-19 12:25,bathroom,google,g_03,IL,30.63,sold,BuyerB,40.91,
L003352,2026-06-19 14:15,bathroom,google,g_02,TX,37.26,sold,BuyerB,43.9,
L003353,2026-06-19 17:59,bathroom,google,g_04,FL,43.83,sold,BuyerB,42.82,
L003354,2026-06-19 17:37,bathroom,google,g_03,CA,32.25,sold,BuyerB,43.33,
L003355,2026-06-19 12:58,bathroom,facebook,fb_08,SC,20.03,sold,BuyerB,40.95,
L003356,2026-06-19 10:24,roofing,native,nt_02,AZ,19.51,sold,BuyerD,32.26,
L003357,2026-06-19 16:48,bathroom,facebook,fb_08,CA,26.98,unsold,,,
L003358,2026-06-19 11:18,roofing,facebook,fb_06,FL,25.16,sold,BuyerA,36.39,
L003359,2026-06-19 13:34,roofing,native,nt_02,SC,18.22,sold,BuyerA,35.98,
L003360,2026-06-19 10:52,windows,google,g_01,TN,23.3,sold,BuyerA,27.27,
L003361,2026-06-19 16:40,windows,facebook,fb_05,MI,20.51,sold,BuyerB,27.47,
L003362,2026-06-19 18:03,roofing,facebook,fb_01,CA,21.79,sold,BuyerA,36.52,
L003363,2026-06-19 13:54,roofing,google,g_04,TN,30.21,sold,BuyerA,36.93,
L003364,2026-06-19 17:03,roofing,facebook,fb_01,TX,22.81,sold,BuyerA,31.62,
L003365,2026-06-19 18:37,roofing,facebook,fb_07,CO,20.69,sold,BuyerD,36.9,
L003366,2026-06-19 14:15,bathroom,facebook,fb_01,NC,28.23,sold,BuyerB,44.91,
L003367,2026-06-19 18:38,roofing,native,nt_02,TX,16.36,sold,BuyerA,40.4,
L003368,2026-06-20 14:01,roofing,google,g_02,TX,28.4,returned,BuyerA,37.67,no_answer
L003369,2026-06-20 9:10,roofing,native,nt_01,PA,15.34,sold,BuyerA,34.65,
L003370,2026-06-20 13:42,windows,facebook,fb_07,MI,20.85,returned,BuyerB,30.73,no_answer
L003371,2026-06-20 11:40,roofing,google,g_01,FL,32.8,returned,BuyerC,50.37,no_answer
L003372,2026-06-20 14:38,bathroom,google,g_04,AZ,39.75,sold,BuyerB,42.37,
L003373,2026-06-20 14:35,bathroom,facebook,fb_07,GA,26.31,unsold,,,
L003374,2026-06-20 11:26,windows,google,g_01,CA,23.33,sold,BuyerB,30.25,
L003375,2026-06-20 9:06,roofing,facebook,fb_01,WY,22.61,sold,BuyerD,35.6,
L003376,2026-06-20 13:29,windows,facebook,fb_07,FL,16.4,sold,BuyerF,28.39,
L003377,2026-06-20 11:37,roofing,facebook,fb_01,FL,15.97,unsold,,,
L003378,2026-06-20 9:55,bathroom,facebook,fb_01,SC,26.69,unsold,,,
L003379,2026-06-20 16:41,roofing,native,nt_02,TX,21.56,returned,BuyerC,54.11,out_of_service_area
L003380,2026-06-20 10:44,bathroom,facebook,fb_05,TX,31.07,sold,BuyerE,42.9,
L003381,2026-06-20 15:24,windows,facebook,fb_02,GA,18.95,unsold,,,
L003382,2026-06-20 15:52,roofing,facebook,fb_04,VA,21.84,sold,BuyerA,34.88,
L003383,2026-06-20 17:06,roofing,facebook,fb_05,FL,20.42,sold,BuyerC,53.72,
L003384,2026-06-20 14:16,bathroom,native,nt_01,NY,18.08,sold,BuyerE,42.62,
L003385,2026-06-20 11:00,roofing,facebook,fb_04,IN,24.43,sold,BuyerD,36.25,
L003386,2026-06-20 14:54,roofing,native,nt_02,NC,19.8,returned,BuyerA,34.5,bad_number
L003387,2026-06-20 15:30,roofing,native,nt_01,TX,22.4,sold,BuyerC,53.23,
L003388,2026-06-20 15:14,roofing,google,g_02,ND,32.42,sold,BuyerD,33.97,
L003389,2026-06-20 23:40,roofing,native,nt_02,FL,23.3,sold,BuyerC,51.02,
L003390,2026-06-20 11:05,windows,native,nt_01,NJ,15.97,returned,BuyerB,28.76,no_answer
L003391,2026-06-20 9:51,roofing,facebook,fb_07,AZ,22.57,sold,BuyerD,29.73,
L003392,2026-06-20 17:11,windows,facebook,fb_07,AZ,20.47,sold,BuyerB,28.91,
L003393,2026-06-20 21:26,roofing,native,nt_01,OH,19.86,sold,BuyerD,36.62,
L003394,2026-06-20 19:29,bathroom,facebook,fb_02,NY,31.72,sold,BuyerB,47.72,
L003395,2026-06-20 13:52,bathroom,native,nt_01,FL,20.3,sold,BuyerE,39.65,
L003396,2026-06-20 8:14,windows,native,nt_01,IL,14.17,returned,BuyerB,27.79,duplicate
L003397,2026-06-20 16:02,bathroom,facebook,fb_01,IN,28.39,returned,BuyerE,37.63,no_answer
L003398,2026-06-20 21:39,roofing,facebook,fb_04,NJ,19.15,sold,BuyerA,37.92,
L003399,2026-06-20 6:13,roofing,facebook,fb_02,CA,23.22,sold,BuyerA,37.01,
L003400,2026-06-20 12:46,roofing,facebook,fb_06,TX,21.29,unsold,,,
L003401,2026-06-20 19:26,roofing,google,g_01,VA,25.59,sold,BuyerD,31.88,
L003402,2026-06-20 11:09,windows,google,g_01,AZ,32.79,sold,BuyerB,29.39,
L003403,2026-06-20 16:30,roofing,google,g_01,IL,29.76,sold,BuyerD,34.47,
L003404,2026-06-20 22:38,windows,facebook,fb_07,CA,22.07,sold,BuyerB,30.51,
L003405,2026-06-20 9:15,bathroom,facebook,fb_02,FL,30.97,unsold,,,
L003406,2026-06-20 13:37,windows,facebook,fb_08,CA,19.25,sold,BuyerB,28.81,
L003407,2026-06-20 10:47,windows,google,g_01,CA,21.63,sold,BuyerB,28.92,
L003408,2026-06-20 17:24,bathroom,google,g_04,MO,35.58,sold,BuyerB,45.85,
L003409,2026-06-20 18:28,bathroom,google,g_02,MI,38.42,sold,BuyerB,43.54,
L003410,2026-06-20 11:34,bathroom,native,nt_01,AZ,21.76,sold,BuyerB,47.03,
L003411,2026-06-20 16:21,roofing,facebook,fb_04,OH,22.81,sold,BuyerD,34.16,
L003412,2026-06-20 18:43,windows,native,nt_01,MT,16.16,sold,BuyerB,28.63,
L003413,2026-06-20 23:10,roofing,facebook,fb_05,MO,25.07,unsold,,,
L003414,2026-06-20 14:26,windows,google,g_01,CO,29.9,returned,BuyerB,26.07,no_answer
L003415,2026-06-20 13:14,windows,facebook,fb_05,PA,20.34,returned,BuyerA,28.56,changed_mind
L003416,2026-06-20 16:13,roofing,google,g_01,NC,29.92,sold,BuyerD,31.98,
L003417,2026-06-20 12:23,bathroom,facebook,fb_06,CO,26.39,returned,BuyerE,40.55,no_answer
L003418,2026-06-20 13:06,roofing,google,g_01,OH,35.94,returned,BuyerA,37.13,bad_number
L003419,2026-06-20 11:03,roofing,facebook,fb_06,GA,24.27,sold,BuyerC,56.45,
L003420,2026-06-20 14:57,roofing,google,g_01,OH,28.43,sold,BuyerA,36.43,
L003421,2026-06-20 13:57,bathroom,google,g_01,IN,33.62,sold,BuyerB,43.48,
L003422,2026-06-20 9:44,roofing,facebook,fb_04,FL,22.75,sold,BuyerC,50.05,
L003423,2026-06-20 11:35,windows,google,g_02,FL,27.72,sold,BuyerF,27.42,
L003424,2026-06-20 18:30,roofing,facebook,fb_03,MI,24.23,returned,BuyerA,30.97,out_of_service_area
L003425,2026-06-20 13:16,roofing,google,g_04,TX,25.35,sold,BuyerC,52.74,
L003426,2026-06-20 14:09,bathroom,facebook,fb_08,SC,23.66,sold,BuyerB,43.09,
L003427,2026-06-20 10:42,roofing,facebook,fb_08,FL,21.38,returned,BuyerC,51.38,bad_number
L003428,2026-06-20 14:13,roofing,facebook,fb_07,FL,21.49,sold,BuyerC,51.93,
L003429,2026-06-20 15:29,bathroom,facebook,fb_07,MO,27.02,sold,BuyerB,41.25,
L003430,2026-06-20 11:48,windows,google,g_01,OH,24.64,sold,BuyerB,27.47,
L003431,2026-06-20 18:45,windows,facebook,fb_02,CO,18.27,sold,BuyerF,26.61,
L003432,2026-06-20 11:49,roofing,facebook,fb_06,CA,21.05,sold,BuyerD,32.79,
L003433,2026-06-20 10:13,windows,google,g_01,TX,34.94,sold,BuyerB,27.81,
L003434,2026-06-20 16:32,bathroom,facebook,fb_01,IL,28.92,sold,BuyerB,43.18,
L003435,2026-06-20 11:23,windows,facebook,fb_02,PA,23.51,returned,BuyerB,28.14,out_of_service_area
L003436,2026-06-20 17:28,roofing,facebook,fb_07,IN,20.82,sold,BuyerD,37.44,
L003437,2026-06-20 15:59,roofing,google,g_02,TN,17.99,sold,BuyerD,32.73,
L003438,2026-06-20 12:41,windows,facebook,fb_04,ND,21.58,sold,BuyerB,29.41,
L003439,2026-06-20 10:27,windows,google,g_04,FL,30.94,sold,BuyerB,29.03,
L003440,2026-06-20 13:12,roofing,native,nt_01,TX,19.85,sold,BuyerA,33.39,
L003441,2026-06-20 12:35,roofing,google,g_03,GA,37.06,returned,BuyerC,52.73,changed_mind
L003442,2026-06-20 11:26,bathroom,facebook,fb_04,MO,23.76,sold,BuyerE,35.74,
L003443,2026-06-20 11:12,windows,facebook,fb_03,TX,21.73,returned,BuyerB,27.88,no_answer
L003444,2026-06-20 16:56,windows,facebook,fb_06,FL,20.1,returned,BuyerB,28.01,no_answer
L003445,2026-06-20 13:37,bathroom,facebook,fb_08,MO,26.97,sold,BuyerE,40.21,
L003446,2026-06-20 6:48,windows,facebook,fb_04,TN,23.39,sold,BuyerF,27.86,
L003447,2026-06-20 21:52,windows,facebook,fb_04,TN,21.8,returned,BuyerB,28.78,changed_mind
L003448,2026-06-20 18:44,roofing,facebook,fb_03,IL,21.29,sold,BuyerD,32.89,
L003449,2026-06-20 11:39,bathroom,facebook,fb_08,SC,21.49,sold,BuyerE,42.85,
L003450,2026-06-20 17:52,roofing,facebook,fb_05,MO,23.49,sold,BuyerD,33.32,
L003451,2026-06-20 16:27,windows,google,g_03,IN,24.37,sold,BuyerA,27.53,
L003452,2026-06-20 16:57,roofing,native,nt_01,FL,19.86,sold,BuyerC,52.25,
L003453,2026-06-20 12:06,bathroom,google,g_01,FL,35.19,sold,BuyerE,39.89,
L003454,2026-06-20 12:48,roofing,facebook,fb_08,GA,22.78,sold,BuyerC,49.91,
L003455,2026-06-20 14:04,windows,native,nt_01,PA,14.66,sold,BuyerB,27.16,
L003456,2026-06-20 11:59,roofing,facebook,fb_08,OH,18.68,sold,BuyerD,35.64,
L003457,2026-06-20 15:18,bathroom,facebook,fb_01,NC,22.87,unsold,,,
L003458,2026-06-20 14:04,bathroom,google,g_02,CA,30.88,sold,BuyerE,33.98,
L003459,2026-06-20 16:44,roofing,facebook,fb_05,GA,25.81,sold,BuyerC,49.39,
L003460,2026-06-20 8:24,windows,facebook,fb_03,GA,17.18,sold,BuyerF,28.03,
L003461,2026-06-20 11:09,bathroom,facebook,fb_01,IL,29.03,sold,BuyerB,44.83,
L003462,2026-06-20 11:04,roofing,facebook,fb_06,MT,23.09,returned,BuyerA,38.9,no_answer
L003463,2026-06-20 12:30,roofing,google,g_01,SC,30.37,sold,BuyerA,34.54,
L003464,2026-06-20 6:29,windows,google,g_03,WY,27.12,unsold,,,
L003465,2026-06-20 11:45,windows,google,g_01,ID,34.41,returned,BuyerB,30.33,no_answer
L003466,2026-06-20 13:43,roofing,facebook,fb_03,VA,20.34,sold,BuyerD,31.94,
L003467,2026-06-20 13:24,bathroom,native,nt_02,FL,23.7,unsold,,,
L003468,2026-06-20 11:29,windows,google,g_04,NJ,30.5,sold,BuyerB,26.86,
L003469,2026-06-20 16:03,windows,google,g_04,GA,23.64,returned,BuyerB,29.78,duplicate
L003470,2026-06-20 20:05,roofing,native,nt_01,TN,18.58,sold,BuyerA,33.96,
L003471,2026-06-20 10:08,roofing,facebook,fb_07,CA,21.78,sold,BuyerA,39.29,
L003472,2026-06-20 20:27,bathroom,facebook,fb_07,CA,28.01,unsold,,,
L003473,2026-06-20 19:28,bathroom,google,g_04,FL,33.99,sold,BuyerB,42.25,
L003474,2026-06-20 6:43,roofing,facebook,fb_02,MT,19.19,unsold,,,
L003475,2026-06-20 6:10,windows,facebook,fb_08,CO,16.05,sold,BuyerB,27.13,
L003476,2026-06-20 16:47,roofing,facebook,fb_02,SC,27.75,sold,BuyerD,34.92,
L003477,2026-06-20 15:18,roofing,facebook,fb_07,SC,20.3,sold,BuyerA,36.02,
L003478,2026-06-20 10:35,windows,google,g_01,FL,25.04,sold,BuyerB,30.4,
L003479,2026-06-20 23:27,bathroom,facebook,fb_02,GA,27.87,sold,BuyerE,40.4,
L003480,2026-06-20 6:29,bathroom,facebook,fb_05,CO,23.85,sold,BuyerB,39.66,
L003481,2026-06-20 13:30,roofing,facebook,fb_03,NC,19.52,sold,BuyerA,37.11,
L003482,2026-06-20 9:32,roofing,google,g_02,OH,31.2,returned,BuyerD,32.83,no_answer
L003483,2026-06-20 16:11,roofing,facebook,fb_03,TX,21.17,sold,BuyerC,51.47,
L003484,2026-06-20 9:49,roofing,facebook,fb_04,GA,22.91,sold,BuyerD,33.28,
L003485,2026-06-20 13:12,roofing,native,nt_02,WY,22.22,unsold,,,
L003486,2026-06-20 13:34,roofing,facebook,fb_07,MI,24.41,sold,BuyerA,39.03,
L003487,2026-06-20 23:54,windows,facebook,fb_01,SC,19.72,returned,BuyerB,26.83,changed_mind
L003488,2026-06-20 8:47,bathroom,facebook,fb_01,CA,26.61,sold,BuyerE,43.52,
L003489,2026-06-20 14:29,roofing,facebook,fb_01,AZ,24.88,sold,BuyerD,34.76,
L003490,2026-06-20 6:50,roofing,facebook,fb_05,CA,22.53,unsold,,,
L003491,2026-06-20 11:18,roofing,facebook,fb_07,TX,22.96,sold,BuyerA,38.13,
L003492,2026-06-20 19:35,windows,native,nt_01,AZ,18.93,sold,BuyerB,27.55,
L003493,2026-06-20 11:11,roofing,facebook,fb_01,TX,22.7,returned,BuyerA,33.92,not_homeowner
L003494,2026-06-20 7:43,roofing,facebook,fb_04,OH,28.24,sold,BuyerA,35.89,
L003495,2026-06-20 13:15,bathroom,facebook,fb_05,CO,27.03,unsold,,,
L003496,2026-06-20 12:05,windows,google,g_02,FL,25.1,sold,BuyerB,27.98,
L003497,2026-06-20 20:49,roofing,facebook,fb_06,NC,18.94,sold,BuyerA,37.59,
L003498,2026-06-20 13:42,roofing,facebook,fb_08,IL,22.57,sold,BuyerD,32.88,
L003499,2026-06-21 13:10,roofing,native,nt_01,TX,16.57,sold,BuyerC,49.08,
L003500,2026-06-21 15:25,bathroom,facebook,fb_05,CA,25.78,sold,BuyerE,41.87,
L003501,2026-06-21 13:37,bathroom,native,nt_02,IN,20.26,sold,BuyerE,39.23,
L003502,2026-06-21 16:25,roofing,google,g_02,CO,34.59,sold,BuyerA,34.55,
L003503,2026-06-21 11:09,roofing,native,nt_02,SC,20.16,sold,BuyerA,34.43,
L003504,2026-06-21 15:33,roofing,facebook,fb_02,GA,19.14,sold,BuyerC,54.09,
L003505,2026-06-21 11:55,windows,facebook,fb_01,AZ,20.21,sold,BuyerB,27.54,
L003506,2026-06-21 16:06,roofing,facebook,fb_01,CA,22.45,sold,BuyerA,38.64,
L003507,2026-06-21 10:58,windows,facebook,fb_07,VA,19.86,returned,BuyerB,27.99,no_answer
L003508,2026-06-21 13:46,roofing,google,g_01,TX,31.28,sold,BuyerA,32.07,
L003509,2026-06-21 18:31,bathroom,facebook,fb_07,TX,27.01,sold,BuyerE,42.34,
L003510,2026-06-21 9:30,windows,facebook,fb_06,MO,22.35,sold,BuyerA,25.56,
L003511,2026-06-21 15:32,roofing,facebook,fb_07,PA,22.62,sold,BuyerA,34.43,
L003512,2026-06-21 14:18,bathroom,google,g_03,TX,38.17,sold,BuyerE,38.02,
L003513,2026-06-21 14:54,windows,native,nt_02,TX,17.09,sold,BuyerA,28.59,
L003514,2026-06-21 12:12,roofing,facebook,fb_03,MI,24.3,sold,BuyerD,34.16,
L003515,2026-06-21 16:54,bathroom,facebook,fb_01,IL,29.34,sold,BuyerE,39.24,
L003516,2026-06-21 14:48,bathroom,facebook,fb_04,MO,33.95,sold,BuyerE,36.92,
L003517,2026-06-21 9:53,roofing,facebook,fb_03,NC,20.04,unsold,,,
L003518,2026-06-21 12:56,roofing,facebook,fb_03,GA,25.67,sold,BuyerA,34.09,
L003519,2026-06-21 19:16,roofing,facebook,fb_04,VA,22.23,sold,BuyerA,37.42,
L003520,2026-06-21 17:39,windows,facebook,fb_07,CO,19.74,sold,BuyerB,26.75,
L003521,2026-06-21 19:07,windows,facebook,fb_06,AZ,18.9,unsold,,,
L003522,2026-06-21 13:07,roofing,facebook,fb_04,MI,29.2,sold,BuyerD,39.09,
L003523,2026-06-21 15:17,roofing,google,g_03,TX,32.59,sold,BuyerC,51.8,
L003524,2026-06-21 10:53,windows,google,g_04,NY,29.41,sold,BuyerF,26.38,
L003525,2026-06-21 9:43,windows,facebook,fb_04,NY,20.84,sold,BuyerB,29.32,
L003526,2026-06-21 14:32,windows,google,g_04,ND,23,sold,BuyerB,29.08,
L003527,2026-06-21 11:41,windows,native,nt_01,CO,16.59,sold,BuyerB,25.03,
L003528,2026-06-21 13:25,roofing,google,g_01,FL,32.45,returned,BuyerC,53.04,bad_number
L003529,2026-06-21 8:47,roofing,facebook,fb_06,TN,22.37,sold,BuyerA,38.53,
L003530,2026-06-21 14:05,roofing,facebook,fb_05,FL,21.08,returned,BuyerC,52.22,duplicate
L003531,2026-06-21 12:55,windows,native,nt_01,VA,17.21,sold,BuyerB,30.13,
L003532,2026-06-21 9:12,roofing,facebook,fb_03,OH,21.38,sold,BuyerD,31.92,
L003533,2026-06-21 8:49,roofing,facebook,fb_02,CA,23.4,sold,BuyerD,35.78,
L003534,2026-06-21 14:29,bathroom,facebook,fb_05,GA,29.15,sold,BuyerE,42.29,
L003535,2026-06-21 9:29,roofing,native,nt_01,TX,17.02,sold,BuyerC,50.91,
L003536,2026-06-21 14:46,roofing,facebook,fb_07,TX,24.15,sold,BuyerC,50.41,
L003537,2026-06-21 9:37,roofing,google,g_02,NJ,27.96,sold,BuyerD,34.72,
L003538,2026-06-21 12:39,bathroom,native,nt_01,TX,18.2,sold,BuyerB,45.73,
L003539,2026-06-21 17:22,roofing,facebook,fb_03,NY,25.7,sold,BuyerD,33.64,
L003540,2026-06-21 6:14,roofing,facebook,fb_08,SC,22.48,unsold,,,
L003541,2026-06-21 12:02,roofing,native,nt_01,FL,17.23,sold,BuyerC,53.36,
L003542,2026-06-21 8:55,roofing,facebook,fb_06,AZ,16.35,sold,BuyerD,33,
L003543,2026-06-21 12:37,bathroom,google,g_01,MO,36.13,sold,BuyerB,43.55,
L003544,2026-06-21 17:14,windows,native,nt_01,VA,18.58,sold,BuyerA,25.83,
L003545,2026-06-21 16:25,roofing,facebook,fb_01,CA,20.02,returned,BuyerA,32.72,bad_number
L003546,2026-06-21 12:12,windows,facebook,fb_01,MO,20.29,sold,BuyerB,29.86,
L003547,2026-06-21 10:50,windows,google,g_02,CA,25.67,sold,BuyerB,30.32,
L003548,2026-06-21 7:26,roofing,google,g_04,VA,33.17,sold,BuyerA,35.73,
L003549,2026-06-21 15:20,roofing,facebook,fb_02,NC,22.93,returned,BuyerD,32.39,duplicate
L003550,2026-06-21 6:28,windows,facebook,fb_03,OH,21.64,returned,BuyerB,29.85,bad_number
L003551,2026-06-21 9:23,windows,native,nt_02,NJ,13.56,sold,BuyerB,30.28,
L003552,2026-06-21 12:25,roofing,facebook,fb_01,CA,21.97,sold,BuyerD,33.77,
L003553,2026-06-21 12:05,windows,google,g_01,CA,23.65,sold,BuyerB,28.95,
L003554,2026-06-21 9:08,windows,google,g_02,CA,25.65,sold,BuyerA,28.3,
L003555,2026-06-21 10:36,roofing,facebook,fb_01,TX,23.73,sold,BuyerC,52.24,
L003556,2026-06-21 21:12,bathroom,facebook,fb_02,AZ,24.99,returned,BuyerB,46,not_homeowner
L003557,2026-06-21 13:38,windows,facebook,fb_08,CO,19.46,sold,BuyerA,27.62,
L003558,2026-06-21 14:20,roofing,facebook,fb_08,FL,20.9,sold,BuyerC,49.51,
L003559,2026-06-21 18:50,windows,facebook,fb_08,AZ,21.75,returned,BuyerB,27.63,bad_number
L003560,2026-06-21 14:55,windows,facebook,fb_06,TX,18.13,sold,BuyerB,27.88,
L003561,2026-06-21 16:59,windows,google,g_01,TX,26,sold,BuyerB,28.85,
L003562,2026-06-21 17:35,roofing,facebook,fb_03,NC,23.7,sold,BuyerA,32.53,
L003563,2026-06-21 21:25,roofing,native,nt_02,IN,20.04,sold,BuyerA,36.49,
L003564,2026-06-21 21:41,roofing,facebook,fb_03,AZ,24.7,sold,BuyerA,37.37,
L003565,2026-06-21 17:58,roofing,facebook,fb_02,MI,21.48,sold,BuyerD,33.61,
L003566,2026-06-21 18:01,roofing,facebook,fb_07,OH,25.84,sold,BuyerA,36.43,
L003567,2026-06-21 13:06,windows,facebook,fb_06,PA,17.83,sold,BuyerB,28.1,
L003568,2026-06-21 11:41,bathroom,facebook,fb_01,TX,25.27,sold,BuyerB,42.84,
L003569,2026-06-21 17:11,roofing,facebook,fb_03,MI,19.11,sold,BuyerA,40.26,
L003570,2026-06-21 15:30,windows,facebook,fb_07,FL,20.95,sold,BuyerB,31.65,
L003571,2026-06-21 13:29,windows,google,g_01,TX,33.48,sold,BuyerB,28.18,
L003572,2026-06-21 9:02,windows,facebook,fb_05,TX,16.36,sold,BuyerA,25.16,
L003573,2026-06-21 12:52,roofing,facebook,fb_08,TX,24.6,unsold,,,
L003574,2026-06-21 14:14,windows,facebook,fb_04,VA,15.68,sold,BuyerB,29.04,
L003575,2026-06-21 17:20,roofing,google,g_02,CA,32.23,sold,BuyerD,35.04,
L003576,2026-06-21 13:49,roofing,google,g_01,GA,31.32,sold,BuyerC,50.68,
L003577,2026-06-21 19:19,roofing,facebook,fb_03,TN,23.17,sold,BuyerA,32.34,
L003578,2026-06-21 16:04,bathroom,facebook,fb_06,FL,28.43,sold,BuyerB,42.74,
L003579,2026-06-21 18:39,windows,google,g_01,WY,27.8,sold,BuyerB,28.62,
L003580,2026-06-21 14:39,roofing,facebook,fb_08,GA,26.82,sold,BuyerC,50.1,
L003581,2026-06-21 14:19,windows,google,g_04,ID,20.69,sold,BuyerF,27.75,
L003582,2026-06-21 13:37,bathroom,facebook,fb_08,TX,26.18,sold,BuyerB,44.03,
L003583,2026-06-21 21:44,windows,google,g_03,NY,28.13,sold,BuyerB,29.41,
L003584,2026-06-21 8:58,bathroom,facebook,fb_08,NY,25.83,sold,BuyerB,42.13,
L003585,2026-06-21 14:15,windows,facebook,fb_08,PA,18.02,sold,BuyerB,26.58,
L003586,2026-06-21 13:37,roofing,facebook,fb_04,TX,20.31,sold,BuyerC,48.92,
L003587,2026-06-21 22:08,bathroom,facebook,fb_01,CO,32.15,sold,BuyerE,40.29,
L003588,2026-06-21 18:28,roofing,native,nt_01,FL,18.13,sold,BuyerA,35.29,
L003589,2026-06-21 14:26,bathroom,facebook,fb_03,OH,32.46,sold,BuyerB,44.14,
L003590,2026-06-21 17:12,roofing,google,g_01,PA,32.76,sold,BuyerD,32.53,
L003591,2026-06-21 19:16,bathroom,google,g_04,TN,32.12,sold,BuyerE,40.25,
L003592,2026-06-21 16:28,bathroom,facebook,fb_07,TX,21.58,unsold,,,
L003593,2026-06-21 15:21,bathroom,facebook,fb_05,FL,29.2,sold,BuyerE,37.41,
L003594,2026-06-21 15:53,roofing,facebook,fb_02,CO,22.26,returned,BuyerA,36,bad_number
L003595,2026-06-21 18:01,windows,facebook,fb_06,AZ,22.51,returned,BuyerB,28.23,duplicate
L003596,2026-06-21 17:01,bathroom,facebook,fb_07,SC,24.13,returned,BuyerB,43.73,not_homeowner
L003597,2026-06-21 13:28,bathroom,google,g_02,NY,37.47,sold,BuyerE,40.31,
L003598,2026-06-21 15:10,windows,facebook,fb_03,FL,18.33,sold,BuyerB,27.83,
L003599,2026-06-21 13:01,windows,facebook,fb_06,IL,20.36,sold,BuyerB,27.73,
L003600,2026-06-21 21:01,bathroom,facebook,fb_03,NC,29.62,sold,BuyerE,37.12,
L003601,2026-06-21 8:37,windows,facebook,fb_02,IN,22.19,sold,BuyerF,27.05,
L003602,2026-06-21 15:57,roofing,facebook,fb_01,TX,21.25,sold,BuyerA,34.89,
L003603,2026-06-21 8:21,windows,native,nt_02,CA,14.82,sold,BuyerF,26.88,
L003604,2026-06-21 17:45,roofing,facebook,fb_05,MO,23.8,unsold,,,
L003605,2026-06-21 17:16,bathroom,google,g_03,TX,28.72,sold,BuyerB,43.89,
L003606,2026-06-21 15:21,roofing,facebook,fb_03,FL,21.1,returned,BuyerC,52.64,no_answer
L003607,2026-06-21 11:26,bathroom,facebook,fb_02,OH,29.47,sold,BuyerB,46.02,
L003608,2026-06-21 14:11,windows,facebook,fb_08,FL,19.99,sold,BuyerB,28.57,
L003609,2026-06-21 15:34,roofing,facebook,fb_03,OH,19.45,sold,BuyerD,32.44,
L003610,2026-06-21 15:48,bathroom,facebook,fb_02,NC,23.45,sold,BuyerB,46.08,
L003611,2026-06-21 15:57,bathroom,facebook,fb_03,IN,24.24,sold,BuyerE,40.64,
L003612,2026-06-21 8:30,windows,facebook,fb_02,FL,20.14,sold,BuyerF,27.45,
L003613,2026-06-21 9:16,roofing,facebook,fb_08,GA,24.28,returned,BuyerC,54.97,no_answer
L003614,2026-06-21 13:02,roofing,google,g_03,SC,34.96,sold,BuyerD,30.31,
L003615,2026-06-21 8:32,roofing,facebook,fb_08,GA,24.35,sold,BuyerD,34.86,
L003616,2026-06-21 14:59,roofing,facebook,fb_02,TX,22.68,returned,BuyerA,33.67,bad_number
L003617,2026-06-21 12:13,roofing,google,g_02,TN,34.04,sold,BuyerA,35.44,
L003618,2026-06-21 6:02,windows,native,nt_01,AZ,16.01,sold,BuyerB,27.35,
L003619,2026-06-21 10:10,bathroom,facebook,fb_02,GA,25.36,sold,BuyerB,44.66,
L003620,2026-06-21 9:32,roofing,facebook,fb_01,TX,23.83,sold,BuyerD,33.68,
L003621,2026-06-21 15:30,roofing,facebook,fb_05,NJ,19.73,sold,BuyerD,27.92,
L003622,2026-06-21 13:50,windows,google,g_03,VA,26.44,sold,BuyerB,26.39,
L003623,2026-06-21 12:58,roofing,facebook,fb_04,MI,23.61,sold,BuyerD,30.66,
L003624,2026-06-21 14:02,windows,facebook,fb_03,OH,19.02,sold,BuyerF,27.77,
L003625,2026-06-21 12:30,bathroom,facebook,fb_01,CO,24.67,sold,BuyerB,43.14,
L003626,2026-06-21 15:13,roofing,facebook,fb_07,CO,26.87,returned,BuyerA,38.52,bad_number
L003627,2026-06-21 10:17,roofing,google,g_01,OH,30.12,sold,BuyerD,31.78,
L003628,2026-06-21 17:52,roofing,facebook,fb_05,GA,26.26,sold,BuyerD,31.06,
L003629,2026-06-21 14:30,bathroom,google,g_03,PA,33.81,sold,BuyerE,42.64,
L003630,2026-06-21 14:36,roofing,facebook,fb_03,CA,14.44,returned,BuyerA,36.98,bad_number
L003631,2026-06-21 19:32,roofing,native,nt_02,VA,17.42,sold,BuyerD,37.1,
L003632,2026-06-21 16:03,bathroom,facebook,fb_02,IN,27.15,sold,BuyerB,44.04,
L003633,2026-06-21 12:08,roofing,google,g_04,CO,24.61,sold,BuyerA,37.11,
L003634,2026-06-21 10:30,bathroom,facebook,fb_06,TX,30.71,sold,BuyerB,42.98,
L003635,2026-06-21 18:24,windows,facebook,fb_05,CO,19.24,returned,BuyerB,27.01,no_answer
L003636,2026-06-21 17:31,bathroom,facebook,fb_03,NC,22.37,sold,BuyerE,43.61,
L003637,2026-06-21 10:17,windows,facebook,fb_06,TX,20.4,sold,BuyerB,26.44,
L003638,2026-06-21 10:33,bathroom,facebook,fb_06,MO,26.95,sold,BuyerB,42.34,
L003639,2026-06-21 9:24,roofing,facebook,fb_01,AZ,22.16,sold,BuyerA,37.78,
L003640,2026-06-21 16:09,bathroom,google,g_01,FL,38.57,sold,BuyerB,43.02,
L003641,2026-06-21 12:33,windows,google,g_01,TX,30.82,sold,BuyerB,28.87,
L003642,2026-06-21 13:51,bathroom,facebook,fb_06,CA,24.49,returned,BuyerE,39.47,changed_mind
L003643,2026-06-21 23:18,roofing,facebook,fb_06,NC,21.55,sold,BuyerD,34.15,
L003644,2026-06-21 23:55,roofing,native,nt_01,GA,21.99,sold,BuyerA,35.7,
L003645,2026-06-21 16:30,windows,facebook,fb_05,GA,19.9,sold,BuyerB,28.01,
L003646,2026-06-21 18:08,bathroom,google,g_02,TX,32.63,sold,BuyerE,36.27,
L003647,2026-06-21 17:18,windows,google,g_01,AZ,30.14,sold,BuyerF,27.36,
L003648,2026-06-21 14:04,roofing,google,g_02,CA,31.21,sold,BuyerD,32.85,
L003649,2026-06-21 14:53,bathroom,google,g_04,FL,31.89,sold,BuyerE,39.65,
L003650,2026-06-21 15:34,roofing,facebook,fb_04,MI,23.09,sold,BuyerA,35.52,
L003651,2026-06-21 17:50,roofing,facebook,fb_01,NC,19.79,sold,BuyerD,31.58,
L003652,2026-06-21 12:09,bathroom,native,nt_02,CO,24.19,unsold,,,
L003653,2026-06-21 19:05,bathroom,facebook,fb_04,MI,24.35,sold,BuyerB,42.97,
L003654,2026-06-21 12:15,roofing,facebook,fb_08,TX,28.01,returned,BuyerD,33.22,no_answer
L003655,2026-06-21 14:35,roofing,google,g_03,GA,30.63,sold,BuyerD,33.92,
L003656,2026-06-21 15:05,bathroom,google,g_04,CA,38.21,sold,BuyerB,43.35,
L003657,2026-06-21 18:19,roofing,facebook,fb_04,NC,19.08,returned,BuyerD,30.44,duplicate
L003658,2026-06-22 15:03,roofing,facebook,fb_08,TN,23.35,sold,BuyerA,38.31,
L003659,2026-06-22 11:44,windows,facebook,fb_04,NC,17.82,returned,BuyerB,26.45,not_homeowner
L003660,2026-06-22 14:54,windows,facebook,fb_02,CA,19.89,sold,BuyerB,26.2,
L003661,2026-06-22 14:30,roofing,google,g_02,IN,28.2,unsold,,,
L003662,2026-06-22 18:04,windows,facebook,fb_01,MT,23.52,sold,BuyerB,28.28,
L003663,2026-06-22 7:47,roofing,facebook,fb_05,TX,23.74,sold,BuyerD,35.17,
L003664,2026-06-22 14:17,bathroom,native,nt_01,FL,22.06,sold,BuyerE,37.79,
L003665,2026-06-22 13:19,roofing,facebook,fb_02,CA,25.35,sold,BuyerD,32.79,
L003666,2026-06-22 12:12,roofing,google,g_03,NJ,34.75,unsold,,,
L003667,2026-06-22 13:05,roofing,google,g_01,PA,33.26,sold,BuyerD,31.82,
L003668,2026-06-22 19:15,bathroom,google,g_02,NC,29.34,sold,BuyerB,38.65,
L003669,2026-06-22 7:53,roofing,facebook,fb_03,SC,21.53,sold,BuyerA,35.74,
L003670,2026-06-22 17:46,windows,google,g_02,SC,22.7,sold,BuyerB,27.81,
L003671,2026-06-22 7:26,roofing,facebook,fb_06,FL,24.77,sold,BuyerC,52.44,
L003672,2026-06-22 7:25,windows,facebook,fb_05,NJ,21.49,sold,BuyerB,27.16,
L003673,2026-06-22 21:02,windows,google,g_01,AZ,25.45,sold,BuyerB,30.3,
L003674,2026-06-22 13:29,roofing,facebook,fb_04,GA,23.01,sold,BuyerC,51.15,
L003675,2026-06-22 15:25,windows,native,nt_02,MI,15.94,sold,BuyerB,28.62,
L003676,2026-06-22 14:04,roofing,facebook,fb_05,CA,23.76,sold,BuyerD,30.94,
L003677,2026-06-22 16:26,roofing,facebook,fb_01,FL,25.56,sold,BuyerC,52.43,
L003678,2026-06-22 21:36,windows,google,g_02,OH,24.54,sold,BuyerB,28.67,
L003679,2026-06-22 17:52,roofing,facebook,fb_03,NC,23.71,sold,BuyerD,34.97,
L003680,2026-06-22 17:48,windows,facebook,fb_06,IL,20.27,sold,BuyerF,28.28,
L003681,2026-06-22 15:54,roofing,facebook,fb_04,MO,20.27,returned,BuyerA,35.32,bad_number
L003682,2026-06-22 18:17,roofing,facebook,fb_04,MO,27.18,sold,BuyerA,35.26,
L003683,2026-06-22 19:10,bathroom,facebook,fb_07,GA,28.01,sold,BuyerE,40.1,
L003684,2026-06-22 16:28,bathroom,native,nt_01,IN,23.08,unsold,,,
L003685,2026-06-22 13:38,roofing,native,nt_01,TX,22.03,sold,BuyerC,52.71,
L003686,2026-06-22 19:21,windows,facebook,fb_07,TN,22.37,returned,BuyerB,27.24,bad_number
L003687,2026-06-22 15:55,roofing,facebook,fb_03,OH,20.41,sold,BuyerA,34.16,
L003688,2026-06-22 7:22,windows,facebook,fb_06,VA,19,sold,BuyerB,28.41,
L003689,2026-06-22 14:08,roofing,facebook,fb_02,VA,20.27,sold,BuyerD,32.87,
L003690,2026-06-22 8:58,roofing,facebook,fb_05,PA,21.44,sold,BuyerA,34.4,
L003691,2026-06-22 15:06,windows,facebook,fb_01,AZ,20.55,returned,BuyerF,29.81,bad_number
L003692,2026-06-22 22:00,windows,native,nt_01,GA,15.3,returned,BuyerB,29.13,no_answer
L003693,2026-06-22 11:26,windows,facebook,fb_06,IL,17.28,sold,BuyerB,28.86,
L003694,2026-06-22 12:25,windows,facebook,fb_07,GA,17.47,sold,BuyerB,28.47,
L003695,2026-06-22 8:12,roofing,google,g_04,MO,32.26,sold,BuyerA,33.91,
L003696,2026-06-22 17:11,roofing,google,g_02,NC,29.82,sold,BuyerA,36.89,
L003697,2026-06-22 13:07,bathroom,facebook,fb_08,FL,30.55,sold,BuyerB,43.79,
L003698,2026-06-22 12:09,bathroom,google,g_03,CA,40.61,unsold,,,
L003699,2026-06-22 15:21,bathroom,facebook,fb_07,TX,30.43,sold,BuyerE,39.42,
L003700,2026-06-22 17:50,windows,google,g_04,TX,26.58,sold,BuyerB,27.94,
L003701,2026-06-22 14:20,bathroom,google,g_04,NC,45,sold,BuyerB,40.75,
L003702,2026-06-22 12:53,bathroom,facebook,fb_01,FL,23.07,sold,BuyerE,43.46,
L003703,2026-06-22 15:31,bathroom,facebook,fb_07,TX,25.4,sold,BuyerB,41.79,
L003704,2026-06-22 12:06,windows,facebook,fb_05,TX,21.16,sold,BuyerB,28.22,
L003705,2026-06-22 16:47,roofing,google,g_03,GA,31.08,sold,BuyerC,52.89,
L003706,2026-06-22 22:46,bathroom,google,g_02,ID,30.2,unsold,,,
L003707,2026-06-22 15:31,roofing,facebook,fb_02,FL,23.02,sold,BuyerC,50.57,
L003708,2026-06-22 20:50,bathroom,google,g_02,OH,37.02,unsold,,,
L003709,2026-06-22 10:53,roofing,native,nt_01,FL,22.38,sold,BuyerC,51.3,
L003710,2026-06-22 8:32,roofing,facebook,fb_01,OH,20.68,unsold,,,
L003711,2026-06-22 11:20,roofing,facebook,fb_03,MI,26.97,sold,BuyerA,36.67,
L003712,2026-06-22 17:58,bathroom,facebook,fb_06,NY,28.17,sold,BuyerE,39.3,
L003713,2026-06-22 16:29,roofing,facebook,fb_08,NC,28.21,sold,BuyerA,32.44,
L003714,2026-06-22 11:17,bathroom,facebook,fb_02,TX,20.18,sold,BuyerE,38.85,
L003715,2026-06-22 12:22,roofing,facebook,fb_07,ND,24.13,sold,BuyerA,35.47,
L003716,2026-06-22 17:14,windows,google,g_04,AZ,25.69,sold,BuyerB,26.61,
L003717,2026-06-22 12:34,bathroom,facebook,fb_07,GA,26.89,sold,BuyerE,39.69,
L003718,2026-06-22 12:08,roofing,google,g_01,AZ,25.39,sold,BuyerA,38.16,
L003719,2026-06-22 17:20,bathroom,google,g_02,TX,30.01,sold,BuyerB,45.39,
L003720,2026-06-22 12:08,windows,facebook,fb_01,TX,19.31,sold,BuyerB,29.51,
L003721,2026-06-22 10:08,roofing,facebook,fb_02,WY,26.54,sold,BuyerA,36.28,
L003722,2026-06-22 18:57,roofing,facebook,fb_08,TX,20.71,sold,BuyerC,51.9,
L003723,2026-06-22 14:30,roofing,facebook,fb_07,NJ,17.2,sold,BuyerA,37.61,
L003724,2026-06-22 16:59,windows,google,g_01,MT,29.66,sold,BuyerB,29.85,
L003725,2026-06-22 19:19,bathroom,native,nt_01,MI,21.62,sold,BuyerB,40.84,
L003726,2026-06-22 13:51,roofing,facebook,fb_02,TN,24.47,unsold,,,
L003727,2026-06-22 16:10,bathroom,google,g_01,TX,36.03,returned,BuyerB,43.39,duplicate
L003728,2026-06-22 13:12,roofing,facebook,fb_01,MO,21.77,sold,BuyerA,33.49,
L003729,2026-06-22 20:09,windows,google,g_02,GA,27.92,sold,BuyerB,29.08,
L003730,2026-06-22 6:50,windows,facebook,fb_06,CA,17.11,sold,BuyerB,27.94,
L003731,2026-06-22 11:03,roofing,google,g_01,SC,28.46,returned,BuyerA,36.42,duplicate
L003732,2026-06-22 6:44,windows,facebook,fb_04,VA,20.78,sold,BuyerB,30.04,
L003733,2026-06-22 16:57,roofing,native,nt_01,CA,20.83,sold,BuyerA,35.38,
L003734,2026-06-22 13:30,bathroom,google,g_01,CA,41.93,sold,BuyerE,42.71,
L003735,2026-06-22 21:22,roofing,google,g_02,VA,26.61,unsold,,,
L003736,2026-06-22 12:29,windows,facebook,fb_07,VA,23.84,sold,BuyerB,29.43,
L003737,2026-06-22 16:11,roofing,facebook,fb_07,CA,21.64,sold,BuyerD,34.92,
L003738,2026-06-22 17:47,bathroom,facebook,fb_01,MO,25.27,unsold,,,
L003739,2026-06-22 16:33,windows,facebook,fb_06,CA,20.84,sold,BuyerB,28.35,
L003740,2026-06-22 18:56,roofing,facebook,fb_03,SC,25.68,sold,BuyerA,35.93,
L003741,2026-06-22 18:53,roofing,facebook,fb_02,NY,26.03,sold,BuyerD,36.48,
L003742,2026-06-22 22:02,bathroom,google,g_01,OH,44.67,unsold,,,
L003743,2026-06-22 16:16,windows,google,g_01,GA,32.96,unsold,,,
L003744,2026-06-22 18:00,bathroom,facebook,fb_01,SC,21.77,sold,BuyerB,47.36,
L003745,2026-06-22 11:48,windows,facebook,fb_08,TX,19.37,sold,BuyerA,29.29,
L003746,2026-06-22 19:55,roofing,native,nt_02,VA,18.14,unsold,,,
L003747,2026-06-22 10:02,windows,google,g_04,TN,29.27,sold,BuyerB,28.18,
L003748,2026-06-22 7:53,roofing,facebook,fb_02,TX,20.79,unsold,,,
L003749,2026-06-22 17:56,bathroom,facebook,fb_07,NY,26.91,sold,BuyerB,47.52,
L003750,2026-06-22 13:33,roofing,facebook,fb_05,GA,20.15,sold,BuyerC,50.96,
L003751,2026-06-22 13:43,bathroom,native,nt_01,TX,26.72,sold,BuyerE,40.18,
L003752,2026-06-22 14:41,roofing,facebook,fb_02,TX,29.56,sold,BuyerC,53.04,
L003753,2026-06-22 22:09,windows,google,g_03,NC,26.19,sold,BuyerB,29.27,
L003754,2026-06-22 16:53,bathroom,native,nt_01,FL,24.37,sold,BuyerB,45.43,
L003755,2026-06-22 14:37,windows,facebook,fb_01,PA,22.89,returned,BuyerB,29.34,no_answer
L003756,2026-06-22 10:57,bathroom,facebook,fb_07,MT,20.42,unsold,,,
L003757,2026-06-22 23:47,windows,facebook,fb_03,TX,15.52,returned,BuyerF,27.5,not_homeowner
L003758,2026-06-22 6:58,windows,google,g_01,CO,24.79,sold,BuyerB,30.3,
L003759,2026-06-22 15:24,windows,facebook,fb_05,OH,18.3,sold,BuyerF,26.17,
L003760,2026-06-22 6:27,windows,facebook,fb_01,NY,18.17,unsold,,,
L003761,2026-06-22 13:20,windows,facebook,fb_08,SC,19.91,sold,BuyerB,29.43,
L003762,2026-06-22 15:54,windows,native,nt_01,FL,15.42,returned,BuyerB,29.84,no_answer
L003763,2026-06-22 9:52,bathroom,google,g_02,ID,33.79,unsold,,,
L003764,2026-06-22 10:04,roofing,facebook,fb_01,CO,21.11,sold,BuyerD,36.1,
L003765,2026-06-22 16:14,roofing,native,nt_02,IN,17.82,sold,BuyerA,33.1,
L003766,2026-06-22 15:11,roofing,facebook,fb_01,NC,22.07,sold,BuyerD,36.62,
L003767,2026-06-22 19:01,bathroom,facebook,fb_03,TX,28.55,sold,BuyerB,47.43,
L003768,2026-06-22 17:35,roofing,facebook,fb_08,FL,23.71,sold,BuyerC,51.69,
L003769,2026-06-22 15:22,roofing,google,g_04,MI,27.34,sold,BuyerD,34.45,
L003770,2026-06-22 17:22,roofing,facebook,fb_02,AZ,22.5,sold,BuyerD,31.28,
L003771,2026-06-22 14:39,roofing,facebook,fb_04,OH,23.51,sold,BuyerA,34.33,
L003772,2026-06-22 17:09,roofing,google,g_03,SC,36.08,sold,BuyerA,38.52,
L003773,2026-06-22 10:16,windows,facebook,fb_06,OH,21.76,sold,BuyerB,27.16,
L003774,2026-06-22 19:48,roofing,facebook,fb_02,IL,21.68,sold,BuyerA,37.15,
L003775,2026-06-22 20:00,windows,facebook,fb_01,PA,20.1,sold,BuyerB,27.96,
L003776,2026-06-22 18:57,windows,facebook,fb_01,FL,16.45,sold,BuyerB,29.07,
L003777,2026-06-22 6:18,windows,google,g_03,NY,22.46,sold,BuyerB,27.64,
L003778,2026-06-22 17:48,bathroom,facebook,fb_01,PA,22.68,returned,BuyerE,38.58,no_answer
L003779,2026-06-22 13:33,roofing,facebook,fb_04,OH,20.41,sold,BuyerA,32.39,
L003780,2026-06-22 15:31,roofing,facebook,fb_03,TX,22.51,sold,BuyerC,50.54,
L003781,2026-06-22 16:22,windows,google,g_01,FL,26.42,sold,BuyerB,27.09,
L003782,2026-06-22 13:40,bathroom,facebook,fb_08,FL,31.04,sold,BuyerB,46.22,
L003783,2026-06-22 12:15,roofing,facebook,fb_01,NY,23.18,sold,BuyerA,36.53,
L003784,2026-06-22 13:35,bathroom,facebook,fb_01,IL,34.88,sold,BuyerE,40.61,
L003785,2026-06-22 10:27,windows,facebook,fb_03,IL,20.46,sold,BuyerB,27.04,
L003786,2026-06-22 6:46,bathroom,google,g_02,AZ,37.96,unsold,,,
L003787,2026-06-22 12:15,roofing,google,g_02,TX,25.53,unsold,,,
L003788,2026-06-22 12:53,roofing,facebook,fb_05,NJ,19.01,sold,BuyerD,33.03,
L003789,2026-06-22 8:25,bathroom,google,g_01,CO,26.4,sold,BuyerE,39.64,
L003790,2026-06-22 17:34,windows,google,g_01,FL,24.36,sold,BuyerB,27.14,
L003791,2026-06-22 13:38,bathroom,facebook,fb_05,TX,28.84,sold,BuyerE,42.94,
L003792,2026-06-22 9:39,windows,native,nt_01,TX,14.52,sold,BuyerB,30.23,
L003793,2026-06-22 11:27,bathroom,native,nt_01,FL,15.66,sold,BuyerB,40.3,
L003794,2026-06-22 6:15,roofing,native,nt_01,NC,19.25,sold,BuyerA,37.69,
L003795,2026-06-22 9:21,bathroom,facebook,fb_06,NY,26.44,sold,BuyerE,43.46,
L003796,2026-06-22 17:10,roofing,facebook,fb_02,MI,25.57,sold,BuyerA,33.82,
L003797,2026-06-22 12:46,windows,facebook,fb_06,IL,24.52,sold,BuyerB,29.14,
L003798,2026-06-22 21:27,roofing,native,nt_01,NY,24.01,sold,BuyerD,33.31,
L003799,2026-06-22 14:23,roofing,facebook,fb_04,NC,21.43,sold,BuyerA,36.48,
L003800,2026-06-22 14:15,roofing,google,g_01,CO,29.75,sold,BuyerD,33.27,
L003801,2026-06-22 10:23,roofing,facebook,fb_02,OH,24.1,sold,BuyerA,38.11,
L003802,2026-06-22 12:19,roofing,facebook,fb_07,GA,25.79,sold,BuyerC,49.11,
L003803,2026-06-22 8:35,bathroom,facebook,fb_02,NC,21.05,returned,BuyerE,37.89,bad_number
L003804,2026-06-22 14:23,roofing,facebook,fb_05,TX,25.22,sold,BuyerD,34.06,
L003805,2026-06-22 13:17,windows,facebook,fb_01,TX,16.63,sold,BuyerB,27.75,
L003806,2026-06-22 19:27,roofing,google,g_04,CA,29.51,sold,BuyerD,34.78,
L003807,2026-06-22 22:23,roofing,facebook,fb_07,SC,23.01,sold,BuyerA,34.07,
L003808,2026-06-22 14:44,roofing,facebook,fb_01,VA,22.29,sold,BuyerA,36.79,
L003809,2026-06-22 6:29,roofing,facebook,fb_02,CA,21.47,sold,BuyerD,34.4,
L003810,2026-06-22 18:24,roofing,google,g_01,AZ,27,sold,BuyerD,33.71,
L003811,2026-06-22 14:47,roofing,google,g_02,NJ,29.14,sold,BuyerD,34.16,
L003812,2026-06-22 12:59,bathroom,facebook,fb_05,AZ,28.19,returned,BuyerE,41.98,no_answer
L003813,2026-06-22 14:17,roofing,facebook,fb_08,IN,23.79,sold,BuyerD,34.24,
L003814,2026-06-22 11:15,roofing,facebook,fb_05,TX,23.52,returned,BuyerC,53.57,no_answer
L003815,2026-06-22 10:16,bathroom,facebook,fb_05,SC,27.07,sold,BuyerE,41.64,
L003816,2026-06-22 18:49,windows,facebook,fb_03,OH,22.77,sold,BuyerB,28.44,
L003817,2026-06-22 21:13,bathroom,facebook,fb_03,AZ,28.4,sold,BuyerB,44.08,
L003818,2026-06-22 16:46,bathroom,google,g_01,OH,30.02,unsold,,,
L003819,2026-06-22 8:34,roofing,facebook,fb_04,GA,23.33,sold,BuyerC,53.7,
L003820,2026-06-22 19:59,windows,facebook,fb_06,NY,18.53,sold,BuyerB,28.86,
L003821,2026-06-22 21:56,bathroom,facebook,fb_04,CA,20.63,sold,BuyerB,45.18,
L003822,2026-06-22 16:04,roofing,facebook,fb_05,TX,25.59,sold,BuyerD,31.7,
L003823,2026-06-22 14:45,windows,google,g_01,IN,22.88,sold,BuyerB,28.81,
L003824,2026-06-22 17:16,bathroom,native,nt_01,ND,22.92,unsold,,,
L003825,2026-06-22 12:37,windows,facebook,fb_05,CA,20.35,sold,BuyerF,27.65,
L003826,2026-06-22 18:33,windows,facebook,fb_04,NY,22.62,sold,BuyerB,30.75,
L003827,2026-06-22 14:26,windows,facebook,fb_03,NC,15.92,sold,BuyerB,29.32,
L003828,2026-06-22 15:06,roofing,facebook,fb_08,AZ,23.88,sold,BuyerA,37.12,
L003829,2026-06-22 12:50,roofing,facebook,fb_02,TX,23.53,sold,BuyerD,34.38,
L003830,2026-06-22 13:40,windows,facebook,fb_01,NJ,23.31,sold,BuyerF,29.04,
L003831,2026-06-22 10:08,roofing,facebook,fb_08,NJ,30.15,sold,BuyerA,36.94,
L003832,2026-06-22 19:11,windows,facebook,fb_05,GA,16.93,unsold,,,
L003833,2026-06-22 17:28,windows,facebook,fb_07,NC,23.14,returned,BuyerA,26.54,no_answer
L003834,2026-06-22 13:13,roofing,native,nt_02,VA,15.75,sold,BuyerD,37.59,
L003835,2026-06-22 14:55,roofing,native,nt_02,TX,19.49,unsold,,,
L003836,2026-06-22 13:10,windows,facebook,fb_06,CA,20.55,sold,BuyerB,29.37,
L003837,2026-06-22 11:27,roofing,facebook,fb_05,OH,20.42,sold,BuyerD,31.39,
L003838,2026-06-22 10:31,roofing,google,g_01,IL,36.2,sold,BuyerD,36.42,
L003839,2026-06-22 12:01,roofing,facebook,fb_02,CO,24.55,sold,BuyerD,31.09,
L003840,2026-06-22 18:51,bathroom,native,nt_02,NC,22.75,sold,BuyerB,43.74,
L003841,2026-06-22 10:18,bathroom,native,nt_02,OH,18.19,sold,BuyerE,40.96,
L003842,2026-06-22 11:21,bathroom,native,nt_01,GA,16.88,sold,BuyerB,44.07,
L003843,2026-06-22 6:07,bathroom,google,g_01,MI,39.93,sold,BuyerB,44.78,
L003844,2026-06-22 18:59,bathroom,facebook,fb_05,GA,27.98,sold,BuyerE,41.63,
L003845,2026-06-22 14:48,windows,native,nt_01,FL,17.17,sold,BuyerA,28.57,
L003846,2026-06-22 8:56,roofing,facebook,fb_03,OH,22.12,unsold,,,
L003847,2026-06-22 12:43,windows,facebook,fb_06,GA,17.49,sold,BuyerB,29.37,
L003848,2026-06-22 15:06,roofing,google,g_02,IL,33.17,sold,BuyerD,37.05,
L003849,2026-06-22 19:41,roofing,facebook,fb_03,TX,20.03,sold,BuyerD,34.05,
L003850,2026-06-22 11:53,bathroom,facebook,fb_07,TX,23.43,sold,BuyerB,44.88,
L003851,2026-06-22 23:02,bathroom,native,nt_02,TX,22.67,sold,BuyerB,44.1,
L003852,2026-06-22 15:34,windows,native,nt_01,CA,16.54,sold,BuyerB,27.35,
L003853,2026-06-22 14:25,bathroom,google,g_01,NJ,38.14,sold,BuyerB,41.33,
L003854,2026-06-22 12:57,roofing,facebook,fb_03,TX,28.23,sold,BuyerD,34.5,
L003855,2026-06-22 14:47,windows,google,g_01,TX,35.1,returned,BuyerF,28.48,bad_number
L003856,2026-06-22 6:08,windows,facebook,fb_02,GA,17.67,sold,BuyerB,27.49,
L003857,2026-06-22 13:06,bathroom,facebook,fb_02,TX,21.54,sold,BuyerB,42.97,
L003858,2026-06-22 15:25,roofing,google,g_03,MI,30.29,sold,BuyerA,36.1,
L003859,2026-06-22 12:38,bathroom,native,nt_01,AZ,15.25,sold,BuyerB,41.28,
L003860,2026-06-22 10:59,bathroom,native,nt_01,FL,25.27,sold,BuyerE,40.58,
L003861,2026-06-22 8:34,windows,native,nt_02,ND,17.11,sold,BuyerA,26.71,
L003862,2026-06-22 9:18,bathroom,native,nt_01,PA,21.53,sold,BuyerB,42.34,
L003863,2026-06-22 20:00,roofing,facebook,fb_02,OH,23.38,sold,BuyerD,34.13,
L003864,2026-06-22 13:17,windows,native,nt_01,AZ,15.08,sold,BuyerB,26.19,
L003865,2026-06-22 16:56,windows,facebook,fb_06,TX,16.01,sold,BuyerB,28.35,
L003866,2026-06-22 14:17,roofing,facebook,fb_03,MI,22.57,sold,BuyerA,33.65,
L003867,2026-06-23 14:19,bathroom,facebook,fb_02,TN,24.6,sold,BuyerB,42.12,
L003868,2026-06-23 15:25,windows,google,g_01,PA,31.36,sold,BuyerB,27.71,
L003869,2026-06-23 11:21,roofing,facebook,fb_08,CA,25.1,sold,BuyerA,36.99,
L003870,2026-06-23 15:48,roofing,facebook,fb_01,NC,28.07,sold,BuyerD,32.24,
L003871,2026-06-23 8:51,bathroom,google,g_01,AZ,39.56,sold,BuyerB,41.54,
L003872,2026-06-23 17:42,bathroom,facebook,fb_02,VA,23.05,sold,BuyerB,46.7,
L003873,2026-06-23 12:37,windows,google,g_04,NC,32.04,sold,BuyerA,26.52,
L003874,2026-06-23 20:45,bathroom,facebook,fb_03,TX,22.86,sold,BuyerE,40.29,
L003875,2026-06-23 13:10,roofing,facebook,fb_04,TN,23.17,sold,BuyerA,35.35,
L003876,2026-06-23 20:23,roofing,facebook,fb_06,FL,25.08,sold,BuyerC,52.13,
L003877,2026-06-23 6:54,roofing,facebook,fb_07,NC,27.35,sold,BuyerA,39.05,
L003878,2026-06-23 15:37,windows,facebook,fb_07,CO,18.78,sold,BuyerB,27.76,
L003879,2026-06-23 15:15,roofing,facebook,fb_08,VA,25.1,sold,BuyerA,35,
L003880,2026-06-23 16:29,bathroom,native,nt_02,MI,24.43,unsold,,,
L003881,2026-06-23 20:54,roofing,facebook,fb_06,MO,22.23,sold,BuyerD,33.36,
L003882,2026-06-23 10:10,roofing,native,nt_02,OH,20.52,sold,BuyerA,37.09,
L003883,2026-06-23 6:57,roofing,google,g_01,CO,24.88,sold,BuyerA,36.13,
L003884,2026-06-23 20:55,roofing,google,g_04,NC,27.58,returned,BuyerD,34.73,duplicate
L003885,2026-06-23 19:53,windows,google,g_01,CO,24.92,sold,BuyerB,25.71,
L003886,2026-06-23 10:56,windows,google,g_02,TX,26.55,sold,BuyerB,28.42,
L003887,2026-06-23 8:27,roofing,google,g_04,NC,26.14,returned,BuyerA,37.33,no_answer
L003888,2026-06-23 13:06,roofing,facebook,fb_01,CA,18.08,returned,BuyerD,35.05,bad_number
L003889,2026-06-23 20:32,roofing,facebook,fb_02,IL,22.82,sold,BuyerA,36.69,
L003890,2026-06-23 17:08,windows,facebook,fb_03,IL,20.62,sold,BuyerB,28.66,
L003891,2026-06-23 13:11,bathroom,facebook,fb_05,NC,27.13,sold,BuyerE,37.19,
L003892,2026-06-23 10:17,windows,facebook,fb_03,PA,19.32,sold,BuyerF,27.82,
L003893,2026-06-23 12:55,bathroom,facebook,fb_05,AZ,26.81,sold,BuyerE,41.61,
L003894,2026-06-23 13:27,bathroom,facebook,fb_07,IL,26.81,sold,BuyerE,40.84,
L003895,2026-06-23 12:43,roofing,native,nt_01,FL,17.6,sold,BuyerC,50.58,
L003896,2026-06-23 18:45,bathroom,facebook,fb_01,TN,22.69,sold,BuyerB,49.37,
L003897,2026-06-23 17:42,windows,facebook,fb_06,FL,22.61,sold,BuyerB,26.14,
L003898,2026-06-23 17:55,windows,facebook,fb_02,TX,21.75,sold,BuyerB,29.21,
L003899,2026-06-23 23:47,roofing,facebook,fb_08,TN,18.42,sold,BuyerA,36.71,
L003900,2026-06-23 17:44,roofing,facebook,fb_08,OH,23.3,returned,BuyerD,31.85,no_answer
L003901,2026-06-23 13:18,bathroom,facebook,fb_02,NY,22.39,sold,BuyerB,40.66,
L003902,2026-06-23 20:30,roofing,facebook,fb_01,OH,21.21,sold,BuyerD,35.54,
L003903,2026-06-23 15:35,roofing,facebook,fb_02,ND,24.19,sold,BuyerA,38.91,
L003904,2026-06-23 14:52,roofing,facebook,fb_03,NC,23.45,sold,BuyerA,37.99,
L003905,2026-06-23 15:07,roofing,google,g_01,TX,28.55,sold,BuyerA,35.28,
L003906,2026-06-23 12:59,bathroom,facebook,fb_08,OH,26.74,unsold,,,
L003907,2026-06-23 14:47,roofing,facebook,fb_08,CA,19.97,sold,BuyerD,34.44,
L003908,2026-06-23 12:10,windows,facebook,fb_05,FL,18.02,sold,BuyerB,29.91,
L003909,2026-06-23 18:27,bathroom,google,g_02,OH,31.45,sold,BuyerB,44.36,
L003910,2026-06-23 10:19,windows,facebook,fb_04,VA,20.62,sold,BuyerB,28.43,
L003911,2026-06-23 16:38,roofing,google,g_04,AZ,27.75,sold,BuyerD,33,
L003912,2026-06-23 11:11,roofing,facebook,fb_07,MI,26.35,sold,BuyerA,35.98,
L003913,2026-06-23 10:57,windows,google,g_02,ND,28.52,unsold,,,
L003914,2026-06-23 10:57,windows,facebook,fb_08,MI,20.46,sold,BuyerB,27.78,
L003915,2026-06-23 8:45,roofing,facebook,fb_03,MT,24.72,unsold,,,
L003916,2026-06-23 18:00,bathroom,google,g_03,MO,30.44,sold,BuyerE,39.84,
L003917,2026-06-23 14:23,roofing,native,nt_01,TX,17.91,sold,BuyerC,52.92,
L003918,2026-06-23 12:23,bathroom,facebook,fb_08,CA,26.74,sold,BuyerE,38.41,
L003919,2026-06-23 13:14,roofing,facebook,fb_02,TN,18.18,sold,BuyerA,35.22,
L003920,2026-06-23 8:07,bathroom,facebook,fb_05,GA,22.88,sold,BuyerB,42.7,
L003921,2026-06-23 16:50,roofing,facebook,fb_01,OH,25.46,sold,BuyerD,33.24,
L003922,2026-06-23 15:59,windows,native,nt_01,NY,19.76,sold,BuyerB,30.15,
L003923,2026-06-23 9:23,roofing,facebook,fb_07,PA,23.5,sold,BuyerD,33.49,
L003924,2026-06-23 10:12,roofing,facebook,fb_06,CA,24.13,sold,BuyerA,37.5,
L003925,2026-06-23 12:13,windows,facebook,fb_02,MO,16.77,sold,BuyerB,27.72,
L003926,2026-06-23 17:54,bathroom,native,nt_01,FL,22.45,sold,BuyerE,45.2,
L003927,2026-06-23 16:18,bathroom,facebook,fb_05,NJ,22.2,unsold,,,
L003928,2026-06-23 16:31,roofing,facebook,fb_05,FL,26.97,sold,BuyerC,52.49,
L003929,2026-06-23 17:13,windows,facebook,fb_02,TN,19.2,sold,BuyerB,29.27,
L003930,2026-06-23 11:09,windows,facebook,fb_07,NC,21.57,returned,BuyerB,28.13,not_homeowner
L003931,2026-06-23 11:57,roofing,facebook,fb_02,TN,17.2,returned,BuyerD,36.08,no_answer
L003932,2026-06-23 15:53,roofing,google,g_01,TN,27.3,sold,BuyerA,34.55,
L003933,2026-06-23 20:26,roofing,facebook,fb_01,NC,17.61,sold,BuyerD,32.11,
L003934,2026-06-23 17:36,roofing,native,nt_01,GA,20.73,sold,BuyerD,34.63,
L003935,2026-06-23 8:40,windows,facebook,fb_03,CO,20.04,sold,BuyerB,30.91,
L003936,2026-06-23 6:31,windows,native,nt_02,TN,15.6,sold,BuyerF,28.16,
L003937,2026-06-23 17:59,roofing,native,nt_01,NC,16.38,sold,BuyerA,36.67,
L003938,2026-06-23 19:12,windows,google,g_02,TX,32.13,sold,BuyerB,27.23,
L003939,2026-06-23 6:50,roofing,google,g_01,TX,27.56,sold,BuyerC,54.46,
L003940,2026-06-23 12:59,bathroom,native,nt_01,CA,22.36,sold,BuyerB,44.76,
L003941,2026-06-23 8:34,windows,native,nt_01,GA,15.18,sold,BuyerB,27.35,
L003942,2026-06-23 7:05,windows,facebook,fb_08,PA,20.1,sold,BuyerB,27.47,
L003943,2026-06-23 11:13,windows,google,g_02,GA,28.46,sold,BuyerB,30.43,
L003944,2026-06-23 13:00,windows,facebook,fb_04,FL,20.01,sold,BuyerF,26.91,
L003945,2026-06-23 21:18,windows,facebook,fb_07,GA,23.16,sold,BuyerB,26.52,
L003946,2026-06-23 14:04,windows,facebook,fb_02,CA,20.58,unsold,,,
L003947,2026-06-23 12:16,roofing,google,g_04,TX,29.59,sold,BuyerC,52.24,
L003948,2026-06-23 18:16,roofing,facebook,fb_04,VA,21.2,returned,BuyerA,36.86,duplicate
L003949,2026-06-23 17:14,windows,facebook,fb_05,WY,20.59,unsold,,,
L003950,2026-06-23 17:54,roofing,native,nt_01,GA,21.72,sold,BuyerC,52.75,
L003951,2026-06-23 6:23,bathroom,facebook,fb_08,PA,30.23,sold,BuyerB,40.68,
L003952,2026-06-23 17:25,roofing,native,nt_02,PA,19.9,sold,BuyerA,35.77,
L003953,2026-06-23 14:49,roofing,facebook,fb_02,MI,26.09,sold,BuyerA,35,
L003954,2026-06-23 13:56,roofing,native,nt_01,IL,23.64,sold,BuyerA,36.13,
L003955,2026-06-23 7:15,roofing,facebook,fb_01,FL,23.04,returned,BuyerC,54.36,bad_number
L003956,2026-06-23 19:59,roofing,google,g_02,NC,30.25,sold,BuyerA,35.5,
L003957,2026-06-23 14:06,roofing,facebook,fb_01,TN,24.1,sold,BuyerA,34.93,
L003958,2026-06-23 12:40,roofing,google,g_03,TN,38.68,sold,BuyerA,36.5,
L003959,2026-06-23 8:21,bathroom,facebook,fb_03,FL,27.23,sold,BuyerE,40.54,
L003960,2026-06-23 16:25,windows,google,g_03,PA,29.65,sold,BuyerB,27.38,
L003961,2026-06-23 6:26,windows,native,nt_01,PA,15.2,sold,BuyerB,27.05,
L003962,2026-06-23 10:11,bathroom,native,nt_01,GA,23.13,sold,BuyerB,45.1,
L003963,2026-06-23 14:26,roofing,facebook,fb_03,CA,24.42,sold,BuyerD,37.26,
L003964,2026-06-23 8:01,roofing,facebook,fb_07,AZ,22.52,sold,BuyerD,29.49,
L003965,2026-06-23 20:39,bathroom,facebook,fb_07,FL,27.83,sold,BuyerB,45.23,
L003966,2026-06-23 9:38,bathroom,facebook,fb_08,NC,27.92,unsold,,,
L003967,2026-06-23 10:18,bathroom,facebook,fb_04,OH,28.24,returned,BuyerE,44.17,bad_number
L003968,2026-06-23 10:28,bathroom,google,g_03,CA,38.74,returned,BuyerB,40.99,no_answer
L003969,2026-06-23 8:21,bathroom,google,g_02,PA,33.32,sold,BuyerB,41.94,
L003970,2026-06-23 10:20,bathroom,facebook,fb_03,NC,25.8,sold,BuyerE,39.15,
L003971,2026-06-23 19:12,roofing,facebook,fb_03,AZ,23.81,returned,BuyerA,35.82,duplicate
L003972,2026-06-23 18:42,roofing,facebook,fb_02,CO,25.15,sold,BuyerA,38.28,
L003973,2026-06-23 6:06,windows,google,g_03,NY,23.99,sold,BuyerB,28.31,
L003974,2026-06-23 18:53,windows,facebook,fb_04,TX,20.21,sold,BuyerB,30.47,
L003975,2026-06-23 16:05,roofing,facebook,fb_03,NY,22.61,unsold,,,
L003976,2026-06-23 12:13,bathroom,facebook,fb_04,NY,28.17,sold,BuyerB,41.95,
L003977,2026-06-23 9:26,roofing,facebook,fb_04,OH,22.6,sold,BuyerA,43.49,
L003978,2026-06-23 14:03,roofing,facebook,fb_01,IN,22.9,sold,BuyerA,38.59,
L003979,2026-06-23 13:49,bathroom,facebook,fb_07,AZ,30.2,sold,BuyerB,38.61,
L003980,2026-06-23 13:52,roofing,facebook,fb_08,AZ,22.66,sold,BuyerA,33.55,
L003981,2026-06-23 13:43,roofing,facebook,fb_02,AZ,24.01,returned,BuyerD,30.75,no_answer
L003982,2026-06-23 18:58,windows,native,nt_02,MT,16.15,sold,BuyerF,28.68,
L003983,2026-06-23 13:17,roofing,facebook,fb_05,AZ,20.46,returned,BuyerD,37.13,not_homeowner
L003984,2026-06-23 6:50,roofing,facebook,fb_02,CA,23.83,sold,BuyerD,35.51,
L003985,2026-06-23 14:23,roofing,native,nt_01,OH,17.97,sold,BuyerA,35.12,
L003986,2026-06-23 9:40,bathroom,facebook,fb_01,GA,23.68,sold,BuyerB,44.54,
L003987,2026-06-23 15:47,roofing,google,g_04,GA,32.12,sold,BuyerA,39.01,
L003988,2026-06-23 10:19,roofing,google,g_04,OH,27.76,sold,BuyerA,39,
L003989,2026-06-23 10:56,roofing,facebook,fb_04,FL,19.56,sold,BuyerC,53.4,
L003990,2026-06-23 19:39,bathroom,facebook,fb_03,CA,30.87,sold,BuyerB,42.92,
L003991,2026-06-23 18:57,roofing,facebook,fb_06,CA,23.03,sold,BuyerA,35.3,
L003992,2026-06-23 15:20,windows,facebook,fb_05,ID,23.25,unsold,,,
L003993,2026-06-23 17:27,bathroom,facebook,fb_07,IL,23.75,returned,BuyerE,37.37,bad_number
L003994,2026-06-23 6:40,bathroom,native,nt_01,CA,25.09,sold,BuyerB,43.61,
L003995,2026-06-23 14:02,roofing,facebook,fb_04,CA,24.24,sold,BuyerD,33.09,
L003996,2026-06-23 12:20,roofing,facebook,fb_05,MT,20.69,returned,BuyerA,33.71,bad_number
L003997,2026-06-23 14:25,roofing,facebook,fb_02,MI,22.22,sold,BuyerD,37.23,
L003998,2026-06-23 12:04,roofing,google,g_01,NJ,35.19,sold,BuyerA,36.6,
L003999,2026-06-23 16:43,bathroom,facebook,fb_03,TX,29.77,sold,BuyerB,44.91,
L004000,2026-06-23 8:37,bathroom,facebook,fb_06,AZ,25.52,sold,BuyerB,45.34,
L004001,2026-06-23 18:00,windows,facebook,fb_03,IN,16.99,sold,BuyerB,29.18,
L004002,2026-06-23 15:12,bathroom,facebook,fb_02,FL,24.87,sold,BuyerB,47.59,
L004003,2026-06-23 6:04,roofing,facebook,fb_08,NC,17.45,sold,BuyerD,33.76,
L004004,2026-06-23 8:02,bathroom,facebook,fb_08,PA,21.25,sold,BuyerB,42.88,
L004005,2026-06-23 10:39,roofing,facebook,fb_04,MO,23.74,sold,BuyerD,38.61,
L004006,2026-06-23 14:49,roofing,google,g_04,CA,32.98,sold,BuyerA,33.17,
L004007,2026-06-23 9:10,bathroom,google,g_02,NJ,38.96,sold,BuyerE,40.62,
L004008,2026-06-23 12:31,windows,facebook,fb_01,FL,20.19,returned,BuyerB,28.75,not_homeowner
L004009,2026-06-23 9:32,roofing,google,g_02,TX,23.5,returned,BuyerD,32.25,duplicate
L004010,2026-06-23 10:27,roofing,google,g_03,AZ,28.39,sold,BuyerD,32.82,
L004011,2026-06-23 7:39,roofing,facebook,fb_07,CA,22.39,sold,BuyerD,34.22,
L004012,2026-06-23 9:16,windows,google,g_04,TN,29.76,sold,BuyerB,30.13,
L004013,2026-06-23 12:37,bathroom,facebook,fb_07,MO,29.08,returned,BuyerE,36.42,no_answer
L004014,2026-06-23 13:24,windows,facebook,fb_03,IL,23.75,sold,BuyerB,28.39,
L004015,2026-06-23 14:34,roofing,facebook,fb_02,SC,20.92,sold,BuyerA,37.64,
L004016,2026-06-23 14:35,roofing,google,g_03,MO,34.81,sold,BuyerD,32.53,
L004017,2026-06-23 13:07,windows,facebook,fb_08,GA,19.84,returned,BuyerB,28.68,out_of_service_area
L004018,2026-06-23 7:34,roofing,facebook,fb_05,NJ,22.82,unsold,,,
L004019,2026-06-23 6:45,roofing,google,g_01,MI,28.93,sold,BuyerD,33.49,
L004020,2026-06-23 12:07,roofing,facebook,fb_01,SC,26.15,sold,BuyerD,33.88,
L004021,2026-06-23 12:17,bathroom,facebook,fb_01,NY,24.71,sold,BuyerB,43.27,
L004022,2026-06-23 13:08,roofing,facebook,fb_04,PA,24.66,sold,BuyerA,36.34,
L004023,2026-06-23 7:28,windows,google,g_02,CA,22.93,returned,BuyerB,30.99,bad_number
L004024,2026-06-23 15:53,bathroom,facebook,fb_01,NY,28.59,sold,BuyerB,47.08,
L004025,2026-06-23 16:44,windows,facebook,fb_06,IL,21.16,sold,BuyerB,27.38,
L004026,2026-06-23 9:42,windows,native,nt_01,TX,12.73,sold,BuyerB,28.74,
L004027,2026-06-23 17:10,windows,facebook,fb_04,GA,18.83,sold,BuyerF,27.95,
L004028,2026-06-23 19:42,windows,facebook,fb_07,NC,16.91,unsold,,,
L004029,2026-06-23 13:41,roofing,facebook,fb_03,MI,24.94,sold,BuyerA,38.07,
L004030,2026-06-23 13:07,roofing,google,g_02,FL,30.33,unsold,,,
L004031,2026-06-23 14:47,roofing,facebook,fb_01,CA,25.14,sold,BuyerA,32.46,
L004032,2026-06-23 16:15,windows,facebook,fb_06,FL,19.1,sold,BuyerA,28.11,
L004033,2026-06-23 9:11,windows,facebook,fb_08,CO,22.93,unsold,,,
L004034,2026-06-23 12:53,bathroom,native,nt_01,CA,25.89,sold,BuyerB,39.56,
L004035,2026-06-23 14:30,roofing,facebook,fb_07,GA,28.03,sold,BuyerC,52.74,
L004036,2026-06-23 14:54,windows,google,g_02,FL,21.1,sold,BuyerB,28.83,
L004037,2026-06-23 13:29,roofing,facebook,fb_04,SC,22.9,sold,BuyerA,35.81,
L004038,2026-06-23 10:03,roofing,facebook,fb_07,NC,19.34,sold,BuyerA,33.85,
L004039,2026-06-23 11:39,bathroom,google,g_03,NC,42.82,sold,BuyerE,39.7,
L004040,2026-06-23 13:01,bathroom,facebook,fb_08,TN,29.29,sold,BuyerB,44.54,
L004041,2026-06-23 6:17,windows,facebook,fb_05,TX,23.19,sold,BuyerB,30.54,
L004042,2026-06-23 8:31,roofing,facebook,fb_03,MO,21.68,sold,BuyerA,36.98,
L004043,2026-06-23 19:51,windows,facebook,fb_07,TX,19.39,unsold,,,
L004044,2026-06-23 13:36,windows,native,nt_01,IL,16.15,sold,BuyerB,28.29,
L004045,2026-06-23 14:09,windows,facebook,fb_01,NJ,18.73,sold,BuyerB,29.11,
L004046,2026-06-23 16:43,roofing,google,g_01,FL,31.83,sold,BuyerC,49.25,
L004047,2026-06-23 7:39,roofing,facebook,fb_04,TN,24.02,sold,BuyerD,32.54,
L004048,2026-06-23 9:08,bathroom,native,nt_01,TN,24.37,sold,BuyerE,43.36,
L004049,2026-06-23 11:28,bathroom,google,g_04,NY,43.84,sold,BuyerB,42.46,
L004050,2026-06-23 10:55,roofing,native,nt_01,MT,18.52,sold,BuyerA,36.2,
L004051,2026-06-23 12:09,bathroom,native,nt_01,FL,22.64,returned,BuyerB,42.87,out_of_service_area
L004052,2026-06-23 12:55,windows,facebook,fb_04,TX,18.15,sold,BuyerB,27.92,
L004053,2026-06-23 16:49,roofing,google,g_01,FL,27.79,sold,BuyerC,53.21,
L004054,2026-06-23 12:34,windows,native,nt_01,NY,16.9,sold,BuyerF,26.61,
L004055,2026-06-23 15:24,windows,google,g_01,MI,30.33,sold,BuyerA,25.94,
L004056,2026-06-23 12:15,roofing,facebook,fb_05,TN,28.42,sold,BuyerA,32.02,
L004057,2026-06-23 19:38,windows,facebook,fb_05,OH,17.68,unsold,,,
L004058,2026-06-23 12:45,windows,google,g_01,CA,22.89,sold,BuyerB,29.05,
L004059,2026-06-23 9:55,bathroom,google,g_04,AZ,29.39,sold,BuyerB,43.97,
L004060,2026-06-23 14:31,bathroom,facebook,fb_05,TX,22.2,sold,BuyerB,45,
L004061,2026-06-23 11:51,roofing,facebook,fb_01,FL,25.52,sold,BuyerC,51.94,
L004062,2026-06-23 15:44,roofing,facebook,fb_08,IN,21.63,sold,BuyerD,29.51,
L004063,2026-06-23 15:16,bathroom,google,g_04,CO,47.34,sold,BuyerB,41.78,
L004064,2026-06-23 16:36,windows,facebook,fb_06,CO,23.22,sold,BuyerB,28.67,
L004065,2026-06-23 13:56,windows,google,g_01,TX,30.8,sold,BuyerB,26.26,
L004066,2026-06-23 10:21,roofing,google,g_02,VA,30.1,sold,BuyerD,33.58,
L004067,2026-06-23 15:36,roofing,facebook,fb_03,CA,25.73,sold,BuyerD,33.11,
L004068,2026-06-23 19:57,roofing,google,g_02,IL,36.17,unsold,,,
L004069,2026-06-23 9:02,windows,facebook,fb_02,FL,20.49,sold,BuyerB,28.78,
L004070,2026-06-23 14:48,windows,facebook,fb_08,MO,21.45,unsold,,,
L004071,2026-06-23 11:35,windows,facebook,fb_05,VA,17.6,unsold,,,
L004072,2026-06-23 18:15,roofing,google,g_02,IL,28.44,sold,BuyerA,36.57,
L004073,2026-06-23 8:07,windows,facebook,fb_04,NC,18.1,sold,BuyerB,26.54,
L004074,2026-06-23 6:36,windows,google,g_01,CO,22.48,sold,BuyerB,30.04,
L004075,2026-06-23 13:00,roofing,google,g_04,IL,31.25,sold,BuyerA,36.07,
L004076,2026-06-23 19:46,roofing,facebook,fb_04,FL,20.67,returned,BuyerC,51.8,bad_number
L004077,2026-06-23 13:31,windows,google,g_02,IN,32.25,sold,BuyerB,28.93,
L004078,2026-06-23 16:10,roofing,native,nt_02,GA,18.76,sold,BuyerC,52.11,
L004079,2026-06-23 22:03,windows,facebook,fb_05,ID,22.33,sold,BuyerB,29.76,
L004080,2026-06-23 9:27,bathroom,google,g_04,SC,32.62,sold,BuyerB,47.33,
L004081,2026-06-24 18:55,bathroom,google,g_01,MO,34.22,unsold,,,
L004082,2026-06-24 6:25,roofing,facebook,fb_05,AZ,28.87,sold,BuyerD,32.27,
L004083,2026-06-24 17:16,roofing,facebook,fb_02,FL,26.01,sold,BuyerC,53.04,
L004084,2026-06-24 9:41,roofing,facebook,fb_04,AZ,24.47,unsold,,,
L004085,2026-06-24 14:09,bathroom,facebook,fb_07,FL,22.14,sold,BuyerE,41.96,
L004086,2026-06-24 16:54,windows,facebook,fb_06,PA,21.6,sold,BuyerB,26.07,
L004087,2026-06-24 10:33,roofing,facebook,fb_06,NC,20.59,sold,BuyerA,35.44,
L004088,2026-06-24 14:55,windows,facebook,fb_05,MT,16.77,sold,BuyerB,27.3,
L004089,2026-06-24 19:22,bathroom,native,nt_01,FL,18.87,sold,BuyerE,40.82,
L004090,2026-06-24 10:28,bathroom,facebook,fb_06,TX,22.16,sold,BuyerE,41.1,
L004091,2026-06-24 7:24,bathroom,google,g_04,NY,28.53,sold,BuyerB,45.86,
L004092,2026-06-24 15:30,windows,facebook,fb_07,TN,19.72,sold,BuyerB,27.75,
L004093,2026-06-24 9:18,roofing,facebook,fb_05,PA,17.64,sold,BuyerD,34.22,
L004094,2026-06-24 9:57,roofing,google,g_02,TX,34.53,returned,BuyerC,53.2,no_answer
L004095,2026-06-24 18:18,windows,facebook,fb_01,FL,22.41,sold,BuyerB,27.04,
L004096,2026-06-24 10:02,windows,facebook,fb_02,NY,23.48,sold,BuyerB,26.54,
L004097,2026-06-24 16:49,bathroom,native,nt_01,ND,21.71,unsold,,,
L004098,2026-06-24 14:16,bathroom,google,g_02,TX,40.9,sold,BuyerB,46.81,
L004099,2026-06-24 16:29,roofing,facebook,fb_05,ID,19.88,unsold,,,
L004100,2026-06-24 13:09,windows,google,g_01,TN,23.47,sold,BuyerB,27,
L004101,2026-06-24 13:49,roofing,facebook,fb_02,CA,26.16,sold,BuyerD,35.17,
L004102,2026-06-24 6:21,roofing,facebook,fb_05,FL,24.87,sold,BuyerC,52.99,
L004103,2026-06-24 11:01,bathroom,google,g_01,OH,47.56,unsold,,,
L004104,2026-06-24 15:28,roofing,facebook,fb_03,NC,25.22,returned,BuyerA,35.85,not_homeowner
L004105,2026-06-24 12:27,roofing,native,nt_02,OH,20.18,sold,BuyerD,37.86,
L004106,2026-06-24 15:03,bathroom,facebook,fb_07,OH,24.8,sold,BuyerB,42.09,
L004107,2026-06-24 10:04,windows,facebook,fb_06,CO,17.43,sold,BuyerF,30.38,
L004108,2026-06-24 15:33,windows,facebook,fb_07,GA,16.01,unsold,,,
L004109,2026-06-24 12:18,bathroom,facebook,fb_04,OH,31.44,sold,BuyerE,40.68,
L004110,2026-06-24 10:13,roofing,native,nt_01,AZ,20.29,sold,BuyerD,33.02,
L004111,2026-06-24 17:59,bathroom,facebook,fb_04,TX,29.06,sold,BuyerB,44.2,
L004112,2026-06-24 7:29,roofing,facebook,fb_05,MO,23.27,sold,BuyerA,36.71,
L004113,2026-06-24 13:27,bathroom,facebook,fb_01,NC,20.21,returned,BuyerE,38.39,out_of_service_area
L004114,2026-06-24 12:11,roofing,google,g_04,MO,34.76,returned,BuyerA,33.65,bad_number
L004115,2026-06-24 17:06,roofing,facebook,fb_05,FL,22.8,sold,BuyerC,53.53,
L004116,2026-06-24 6:22,roofing,google,g_03,NY,36.4,sold,BuyerA,35.58,
L004117,2026-06-24 14:02,windows,facebook,fb_06,MO,22.27,unsold,,,
L004118,2026-06-24 13:21,bathroom,facebook,fb_07,FL,29.86,sold,BuyerE,38.83,
L004119,2026-06-24 12:42,roofing,facebook,fb_01,PA,23.21,sold,BuyerD,32.89,
L004120,2026-06-24 17:48,roofing,google,g_04,GA,26.51,sold,BuyerC,51.14,
L004121,2026-06-24 19:39,roofing,facebook,fb_04,CA,24.52,sold,BuyerA,35.36,
L004122,2026-06-24 8:15,windows,google,g_03,TX,30.49,sold,BuyerB,26.87,
L004123,2026-06-24 11:00,bathroom,facebook,fb_08,FL,27.08,sold,BuyerE,40.39,
L004124,2026-06-24 14:32,bathroom,native,nt_01,FL,21.6,sold,BuyerB,44.36,
L004125,2026-06-24 6:59,windows,native,nt_02,TN,17.2,sold,BuyerB,30,
L004126,2026-06-24 14:08,windows,facebook,fb_03,MT,18.29,sold,BuyerB,29.51,
L004127,2026-06-24 9:56,bathroom,native,nt_01,PA,17.29,sold,BuyerB,40.34,
L004128,2026-06-24 12:14,roofing,google,g_01,AZ,33.52,unsold,,,
L004129,2026-06-24 9:06,bathroom,facebook,fb_02,CA,28.07,sold,BuyerB,46,
L004130,2026-06-24 20:20,roofing,facebook,fb_06,GA,21.03,sold,BuyerC,51.43,
L004131,2026-06-24 11:23,windows,google,g_02,TX,22.54,sold,BuyerB,29.9,
L004132,2026-06-24 14:58,bathroom,facebook,fb_08,NC,30.14,unsold,,,
L004133,2026-06-24 9:13,bathroom,native,nt_02,OH,22.06,sold,BuyerE,39.17,
L004134,2026-06-24 20:56,windows,google,g_04,IN,28.36,sold,BuyerB,28.68,
L004135,2026-06-24 14:09,bathroom,facebook,fb_01,GA,22.9,sold,BuyerB,43.75,
L004136,2026-06-24 10:11,windows,facebook,fb_07,NJ,18.38,returned,BuyerB,26.25,not_homeowner
L004137,2026-06-24 11:03,roofing,google,g_02,PA,30.42,sold,BuyerA,38.65,
L004138,2026-06-24 20:14,roofing,native,nt_01,TN,20.52,unsold,,,
L004139,2026-06-24 17:48,windows,facebook,fb_02,CA,20.59,sold,BuyerB,29.47,
L004140,2026-06-24 10:15,bathroom,facebook,fb_06,TX,30.99,sold,BuyerB,44.42,
L004141,2026-06-24 16:22,roofing,google,g_01,CA,26.76,sold,BuyerD,35.39,
L004142,2026-06-24 9:35,bathroom,facebook,fb_06,CO,32.85,sold,BuyerB,42.7,
L004143,2026-06-24 16:04,roofing,native,nt_02,NY,22.93,sold,BuyerD,35.59,
L004144,2026-06-24 15:34,roofing,facebook,fb_03,NJ,22.73,unsold,,,
L004145,2026-06-24 22:33,roofing,google,g_04,CA,32.09,sold,BuyerD,32.96,
L004146,2026-06-24 18:17,roofing,facebook,fb_04,GA,26.08,sold,BuyerC,52.03,
L004147,2026-06-24 16:25,roofing,facebook,fb_01,IL,21.77,sold,BuyerA,32.47,
L004148,2026-06-24 19:35,windows,facebook,fb_02,GA,16.94,sold,BuyerF,26.39,
L004149,2026-06-24 12:51,windows,google,g_03,TX,26.22,returned,BuyerB,27.15,out_of_service_area
L004150,2026-06-24 15:30,roofing,facebook,fb_06,IL,22.06,sold,BuyerD,34.92,
L004151,2026-06-24 7:24,roofing,native,nt_02,MI,15.35,sold,BuyerA,35.97,
L004152,2026-06-24 7:56,roofing,facebook,fb_08,CO,24.03,sold,BuyerA,38.05,
L004153,2026-06-24 11:32,roofing,facebook,fb_07,TX,25.7,sold,BuyerA,36.32,
L004154,2026-06-24 10:11,roofing,facebook,fb_01,OH,20.4,sold,BuyerD,36.25,
L004155,2026-06-24 12:32,bathroom,google,g_02,CA,39.45,sold,BuyerB,45.65,
L004156,2026-06-24 19:40,roofing,facebook,fb_02,TX,26.48,sold,BuyerC,52.29,
L004157,2026-06-24 15:31,roofing,google,g_03,PA,39.07,sold,BuyerA,36.67,
L004158,2026-06-24 8:41,bathroom,google,g_04,TN,31.77,sold,BuyerE,39.45,
L004159,2026-06-24 11:23,roofing,google,g_04,NC,28.39,sold,BuyerA,35.11,
L004160,2026-06-24 10:35,bathroom,facebook,fb_02,GA,30.69,returned,BuyerB,41.33,duplicate
L004161,2026-06-24 15:27,windows,facebook,fb_07,TX,19.1,sold,BuyerB,29.62,
L004162,2026-06-24 8:16,bathroom,facebook,fb_04,NY,26.26,sold,BuyerB,42.5,
L004163,2026-06-24 11:19,roofing,google,g_02,FL,28.76,sold,BuyerC,52.84,
L004164,2026-06-24 19:10,windows,facebook,fb_06,SC,19.46,sold,BuyerB,30.85,
L004165,2026-06-24 11:14,roofing,facebook,fb_01,NJ,24.12,returned,BuyerD,31.39,not_homeowner
L004166,2026-06-24 14:42,windows,google,g_03,TX,26.01,sold,BuyerB,27.25,
L004167,2026-06-24 14:55,roofing,facebook,fb_05,FL,20.39,sold,BuyerC,51.07,
L004168,2026-06-24 17:24,windows,native,nt_02,AZ,14.69,sold,BuyerB,29.15,
L004169,2026-06-24 16:43,windows,facebook,fb_05,SC,15.25,sold,BuyerB,28.46,
L004170,2026-06-24 12:17,roofing,google,g_02,NC,28.9,sold,BuyerA,38.85,
L004171,2026-06-24 10:25,windows,google,g_01,NY,28.48,sold,BuyerB,30.16,
L004172,2026-06-24 12:35,windows,google,g_03,TX,25.17,sold,BuyerB,30.54,
L004173,2026-06-24 11:47,roofing,google,g_04,IL,24.72,sold,BuyerD,34.46,
L004174,2026-06-24 9:39,roofing,facebook,fb_03,CA,22.55,sold,BuyerD,33.62,
L004175,2026-06-24 23:21,bathroom,facebook,fb_07,VA,27.25,sold,BuyerB,38.48,
L004176,2026-06-24 19:24,roofing,facebook,fb_03,TX,18.39,sold,BuyerC,49.37,
L004177,2026-06-24 17:33,roofing,facebook,fb_02,NY,21.6,sold,BuyerA,33.44,
L004178,2026-06-24 12:39,windows,google,g_01,FL,29.89,sold,BuyerF,28.06,
L004179,2026-06-24 8:12,windows,facebook,fb_03,ND,17.08,returned,BuyerB,26.8,bad_number
L004180,2026-06-24 19:24,roofing,facebook,fb_02,CA,23.71,sold,BuyerA,36.73,
L004181,2026-06-24 10:11,bathroom,google,g_01,GA,36.81,sold,BuyerB,44,
L004182,2026-06-24 14:40,bathroom,facebook,fb_03,IN,30.47,sold,BuyerE,42.95,
L004183,2026-06-24 14:09,windows,facebook,fb_01,GA,21.62,unsold,,,
L004184,2026-06-24 19:57,roofing,facebook,fb_03,VA,25.11,sold,BuyerA,33.16,
L004185,2026-06-24 13:47,roofing,facebook,fb_04,TX,23.13,sold,BuyerC,52.46,
L004186,2026-06-24 17:22,windows,facebook,fb_04,WY,18.01,unsold,,,
L004187,2026-06-24 10:53,windows,facebook,fb_01,NJ,24.25,sold,BuyerB,26.14,
L004188,2026-06-24 10:08,roofing,native,nt_02,OH,17.93,unsold,,,
L004189,2026-06-24 12:25,bathroom,google,g_03,NJ,45.66,sold,BuyerB,47,
L004190,2026-06-24 10:11,roofing,facebook,fb_05,OH,26.82,sold,BuyerD,32.07,
L004191,2026-06-24 14:41,roofing,google,g_04,NC,25.61,sold,BuyerA,34.48,
L004192,2026-06-24 9:15,roofing,facebook,fb_02,CA,20.98,sold,BuyerA,37.2,
L004193,2026-06-24 6:37,windows,facebook,fb_03,PA,20.76,sold,BuyerB,27.72,
L004194,2026-06-24 8:07,bathroom,google,g_04,TX,37.14,sold,BuyerE,45.26,
L004195,2026-06-24 16:23,roofing,google,g_01,AZ,30.96,sold,BuyerD,35.4,
L004196,2026-06-24 13:11,windows,facebook,fb_08,MT,21.73,sold,BuyerB,30.05,
L004197,2026-06-24 15:19,bathroom,facebook,fb_07,FL,24.36,unsold,,,
L004198,2026-06-24 9:43,windows,facebook,fb_07,NC,18.01,sold,BuyerF,27.15,
L004199,2026-06-24 21:05,windows,google,g_02,IN,21.91,sold,BuyerB,29.55,
L004200,2026-06-24 13:13,roofing,google,g_02,IL,34.34,sold,BuyerA,37.08,
L004201,2026-06-24 6:27,bathroom,facebook,fb_08,FL,27.32,sold,BuyerB,44.55,
L004202,2026-06-24 9:27,windows,facebook,fb_06,MI,23.5,sold,BuyerB,29.09,
L004203,2026-06-24 7:33,roofing,facebook,fb_02,NC,26.22,sold,BuyerD,30.44,
L004204,2026-06-24 18:45,windows,facebook,fb_01,OH,19.38,sold,BuyerA,28.89,
L004205,2026-06-24 13:04,roofing,facebook,fb_04,NJ,28.18,sold,BuyerD,34.05,
L004206,2026-06-24 17:32,bathroom,google,g_04,IN,28.68,sold,BuyerB,43.03,
L004207,2026-06-24 16:57,windows,google,g_04,AZ,25.52,sold,BuyerF,26.08,
L004208,2026-06-24 12:11,bathroom,facebook,fb_02,CO,27.09,sold,BuyerB,45.06,
L004209,2026-06-24 12:28,roofing,google,g_02,TN,30.85,sold,BuyerA,34.07,
L004210,2026-06-24 11:41,roofing,facebook,fb_07,NC,30.31,sold,BuyerA,36.94,
L004211,2026-06-24 9:58,bathroom,google,g_01,NC,37.24,sold,BuyerE,40.95,
L004212,2026-06-24 13:12,roofing,facebook,fb_04,PA,29.5,sold,BuyerA,35.25,
L004213,2026-06-24 18:58,roofing,google,g_03,NY,33.25,sold,BuyerD,34.03,
L004214,2026-06-24 13:26,bathroom,facebook,fb_03,GA,24.74,sold,BuyerE,42.54,
L004215,2026-06-24 17:41,bathroom,facebook,fb_07,TX,23.72,sold,BuyerE,38.86,
L004216,2026-06-24 14:43,bathroom,google,g_01,TX,28.51,sold,BuyerE,39.12,
L004217,2026-06-24 15:00,roofing,facebook,fb_02,ID,21.48,returned,BuyerA,38.01,not_homeowner
L004218,2026-06-24 15:36,roofing,google,g_03,CA,39.57,sold,BuyerA,37.84,
L004219,2026-06-24 15:57,windows,facebook,fb_04,NC,22.13,sold,BuyerB,29.71,
L004220,2026-06-24 12:08,roofing,facebook,fb_02,OH,23.09,sold,BuyerD,32.82,
L004221,2026-06-24 9:53,roofing,google,g_01,TN,29.89,sold,BuyerD,32.49,
L004222,2026-06-24 14:33,roofing,facebook,fb_06,ID,25.72,sold,BuyerD,31.81,
L004223,2026-06-24 9:08,roofing,facebook,fb_03,AZ,25.95,sold,BuyerA,38.01,
L004224,2026-06-24 6:18,roofing,facebook,fb_03,OH,23.86,unsold,,,
L004225,2026-06-24 10:03,roofing,facebook,fb_05,GA,24.09,sold,BuyerC,50.93,
L004226,2026-06-24 17:02,roofing,facebook,fb_07,VA,21.4,sold,BuyerD,36.26,
L004227,2026-06-24 17:42,roofing,facebook,fb_06,PA,28.74,sold,BuyerD,35.63,
L004228,2026-06-24 6:42,windows,facebook,fb_05,MI,18.34,sold,BuyerB,30.22,
L004229,2026-06-24 17:43,bathroom,facebook,fb_06,MT,26.21,sold,BuyerE,41.58,
L004230,2026-06-24 15:09,bathroom,facebook,fb_05,GA,27.28,sold,BuyerB,43.68,
L004231,2026-06-24 13:19,roofing,facebook,fb_03,FL,26.22,sold,BuyerC,52.32,
L004232,2026-06-24 11:13,bathroom,facebook,fb_06,FL,31.32,sold,BuyerB,47.45,
L004233,2026-06-24 16:04,bathroom,facebook,fb_04,GA,23.59,sold,BuyerB,44.31,
L004234,2026-06-24 12:42,roofing,google,g_04,AZ,35.2,returned,BuyerD,33.95,duplicate
L004235,2026-06-24 10:35,bathroom,google,g_01,NY,32.85,sold,BuyerE,39.61,
L004236,2026-06-24 21:29,roofing,google,g_01,ND,25.58,sold,BuyerA,34.24,
L004237,2026-06-24 19:00,bathroom,facebook,fb_08,OH,29.48,sold,BuyerE,39.57,
L004238,2026-06-24 16:01,roofing,native,nt_01,FL,18.19,returned,BuyerC,50.35,no_answer
L004239,2026-06-24 16:48,roofing,facebook,fb_06,PA,22.29,sold,BuyerD,34.64,
L004240,2026-06-24 17:18,windows,facebook,fb_03,SC,17.31,returned,BuyerA,25.21,changed_mind
L004241,2026-06-24 18:52,roofing,google,g_04,AZ,30.89,sold,BuyerD,34.32,
L004242,2026-06-24 16:26,bathroom,facebook,fb_05,TX,32.77,sold,BuyerB,45,
L004243,2026-06-24 23:50,windows,google,g_02,VA,32.66,sold,BuyerB,29.38,
L004244,2026-06-24 15:08,bathroom,native,nt_01,AZ,20.58,sold,BuyerB,39.85,
L004245,2026-06-24 18:41,windows,facebook,fb_01,TN,19.41,sold,BuyerB,27.82,
L004246,2026-06-24 15:30,roofing,native,nt_01,CA,21.08,sold,BuyerA,34.7,
L004247,2026-06-24 12:09,bathroom,google,g_02,WY,28.54,sold,BuyerE,42.15,
L004248,2026-06-24 14:16,bathroom,facebook,fb_03,MI,30.15,sold,BuyerE,38.33,
L004249,2026-06-24 8:14,roofing,facebook,fb_08,FL,24.33,sold,BuyerA,32.98,
L004250,2026-06-24 15:28,windows,facebook,fb_06,NY,19.37,sold,BuyerB,28.33,
L004251,2026-06-24 15:28,roofing,google,g_03,AZ,32.8,unsold,,,
L004252,2026-06-24 10:28,bathroom,facebook,fb_03,AZ,29.89,unsold,,,
L004253,2026-06-24 8:39,bathroom,google,g_04,NY,32.02,returned,BuyerE,39.83,duplicate
L004254,2026-06-24 13:38,bathroom,facebook,fb_05,TN,31.35,sold,BuyerB,43.18,
L004255,2026-06-24 6:06,bathroom,facebook,fb_05,CA,24.2,sold,BuyerE,41.46,
L004256,2026-06-24 14:26,roofing,facebook,fb_04,OH,20.29,sold,BuyerA,36.81,
L004257,2026-06-24 16:27,roofing,google,g_03,TX,34.91,unsold,,,
L004258,2026-06-24 22:34,roofing,facebook,fb_08,GA,23,sold,BuyerD,32,
L004259,2026-06-24 15:11,roofing,facebook,fb_05,TX,19.03,returned,BuyerA,33.59,changed_mind
L004260,2026-06-24 20:07,windows,google,g_01,FL,34.95,sold,BuyerB,29.52,
L004261,2026-06-24 11:05,windows,facebook,fb_08,MO,21.81,sold,BuyerB,29.39,
L004262,2026-06-24 15:29,roofing,google,g_04,PA,29.37,sold,BuyerD,34.56,
L004263,2026-06-24 7:05,bathroom,facebook,fb_02,GA,22.25,unsold,,,
L004264,2026-06-24 12:51,roofing,google,g_03,CA,37.28,sold,BuyerA,37.36,
L004265,2026-06-24 14:01,roofing,facebook,fb_05,TX,21.47,sold,BuyerD,34.37,
L004266,2026-06-24 19:30,roofing,facebook,fb_08,OH,23.14,sold,BuyerD,33.89,
L004267,2026-06-24 13:53,roofing,facebook,fb_01,FL,29.94,unsold,,,
L004268,2026-06-24 13:17,windows,facebook,fb_05,OH,23.3,sold,BuyerA,26.46,
L004269,2026-06-24 17:06,roofing,facebook,fb_02,PA,25.58,sold,BuyerA,37.83,
L004270,2026-06-24 12:53,bathroom,google,g_01,CA,38.08,sold,BuyerE,38.42,
L004271,2026-06-24 11:35,bathroom,native,nt_02,PA,18.56,sold,BuyerB,42.42,
L004272,2026-06-24 15:55,roofing,google,g_04,TX,35.43,sold,BuyerD,34.29,
L004273,2026-06-24 13:33,roofing,google,g_02,CA,32.22,sold,BuyerD,31.4,
L004274,2026-06-24 13:12,roofing,facebook,fb_02,CO,18.28,sold,BuyerA,37.51,
L004275,2026-06-24 11:32,bathroom,google,g_01,MT,47.22,unsold,,,
L004276,2026-06-24 11:54,bathroom,google,g_03,PA,37.44,sold,BuyerB,42.45,
L004277,2026-06-24 6:14,bathroom,google,g_02,PA,36.48,sold,BuyerB,41.07,
L004278,2026-06-25 18:26,windows,facebook,fb_06,TX,18.95,sold,BuyerB,27.59,
L004279,2026-06-25 10:43,roofing,google,g_01,TX,32.09,sold,BuyerC,52.83,
L004280,2026-06-25 14:03,bathroom,native,nt_02,NJ,22.79,returned,BuyerE,41.85,no_answer
L004281,2026-06-25 12:59,roofing,google,g_04,GA,30.08,sold,BuyerC,53.74,
L004282,2026-06-25 9:37,windows,facebook,fb_06,OH,21.79,sold,BuyerB,27.45,
L004283,2026-06-25 12:06,bathroom,native,nt_01,OH,18.13,sold,BuyerB,44.88,
L004284,2026-06-25 21:33,windows,facebook,fb_03,CA,22.9,sold,BuyerB,25.49,
L004285,2026-06-25 11:36,bathroom,google,g_01,CO,37.36,sold,BuyerB,45.31,
L004286,2026-06-25 15:50,roofing,google,g_01,OH,29.25,unsold,,,
L004287,2026-06-25 17:59,roofing,facebook,fb_01,NC,25.65,unsold,,,
L004288,2026-06-25 18:17,windows,google,g_03,FL,28.68,sold,BuyerB,27.23,
L004289,2026-06-25 6:13,roofing,facebook,fb_07,TX,17.37,sold,BuyerC,53.05,
L004290,2026-06-25 17:47,windows,facebook,fb_05,FL,20.6,sold,BuyerF,27.16,
L004291,2026-06-25 18:42,windows,facebook,fb_01,SC,17.42,sold,BuyerB,27.61,
L004292,2026-06-25 13:30,windows,facebook,fb_01,NJ,17.39,sold,BuyerB,26.48,
L004293,2026-06-25 10:02,windows,native,nt_02,TN,15.22,sold,BuyerB,29.43,
L004294,2026-06-25 10:08,bathroom,facebook,fb_03,SC,26.41,sold,BuyerB,45.45,
L004295,2026-06-25 14:05,roofing,google,g_03,TX,35.79,sold,BuyerC,54.88,
L004296,2026-06-25 17:17,bathroom,facebook,fb_07,TX,28.53,sold,BuyerE,39.54,
L004297,2026-06-25 11:26,bathroom,google,g_03,FL,27.91,sold,BuyerE,41.58,
L004298,2026-06-25 8:10,windows,facebook,fb_06,CA,18.61,sold,BuyerB,27.21,
L004299,2026-06-25 6:42,windows,native,nt_02,IL,14.39,sold,BuyerF,27.39,
L004300,2026-06-25 23:22,windows,google,g_02,IL,28.03,sold,BuyerB,29.71,
L004301,2026-06-25 9:50,windows,google,g_02,FL,31.94,sold,BuyerB,29.09,
L004302,2026-06-25 11:28,roofing,facebook,fb_03,CO,24.59,sold,BuyerD,37.1,
L004303,2026-06-25 6:08,bathroom,facebook,fb_04,NY,28.92,sold,BuyerB,42.58,
L004304,2026-06-25 12:42,bathroom,facebook,fb_03,TX,31.21,sold,BuyerE,40.11,
L004305,2026-06-25 14:39,roofing,facebook,fb_01,TX,22.79,sold,BuyerC,52.94,
L004306,2026-06-25 10:38,roofing,facebook,fb_01,SC,27.32,sold,BuyerA,34.73,
L004307,2026-06-25 17:40,windows,google,g_02,MI,18.97,sold,BuyerF,27.89,
L004308,2026-06-25 12:47,roofing,facebook,fb_02,IL,28.39,returned,BuyerD,35.38,out_of_service_area
L004309,2026-06-25 12:26,bathroom,facebook,fb_08,TX,24.06,sold,BuyerB,41.88,
L004310,2026-06-25 15:55,bathroom,facebook,fb_05,FL,27.4,sold,BuyerB,45.32,
L004311,2026-06-25 11:33,roofing,native,nt_02,TN,17.84,sold,BuyerA,36.26,
L004312,2026-06-25 15:11,roofing,facebook,fb_02,ID,25.62,sold,BuyerD,33.42,
L004313,2026-06-25 12:17,windows,facebook,fb_04,TX,20.34,sold,BuyerA,29.1,
L004314,2026-06-25 22:07,roofing,google,g_03,GA,34.66,sold,BuyerD,37.72,
L004315,2026-06-25 21:53,roofing,google,g_03,TX,37.78,returned,BuyerC,52.86,duplicate
L004316,2026-06-25 17:26,bathroom,facebook,fb_04,VA,20.38,sold,BuyerE,40.59,
L004317,2026-06-25 14:19,roofing,facebook,fb_01,NY,21.73,unsold,,,
L004318,2026-06-25 10:06,bathroom,native,nt_01,TX,25.22,sold,BuyerB,42.08,
L004319,2026-06-25 13:38,bathroom,facebook,fb_02,OH,27.73,sold,BuyerB,41.83,
L004320,2026-06-25 16:43,windows,google,g_02,GA,27.64,sold,BuyerF,27.73,
L004321,2026-06-25 15:26,windows,facebook,fb_04,PA,18.23,sold,BuyerB,28.92,
L004322,2026-06-25 15:31,bathroom,google,g_03,AZ,37.15,returned,BuyerB,45.08,no_answer
L004323,2026-06-25 11:16,bathroom,facebook,fb_03,IL,28.36,sold,BuyerB,45.59,
L004324,2026-06-25 9:51,roofing,facebook,fb_08,OH,19.04,unsold,,,
L004325,2026-06-25 14:04,bathroom,facebook,fb_02,TN,25.66,sold,BuyerB,47.93,
L004326,2026-06-25 13:31,roofing,google,g_04,CA,33,sold,BuyerA,36.54,
L004327,2026-06-25 17:44,bathroom,facebook,fb_01,OH,28.94,sold,BuyerE,39.7,
L004328,2026-06-25 19:09,windows,facebook,fb_03,OH,20.07,sold,BuyerA,28.52,
L004329,2026-06-25 16:08,roofing,google,g_01,NY,29.18,sold,BuyerD,35.54,
L004330,2026-06-25 14:01,windows,facebook,fb_04,IL,19.94,sold,BuyerB,29.24,
L004331,2026-06-25 13:54,roofing,facebook,fb_05,OH,19.69,returned,BuyerA,35.96,not_homeowner
L004332,2026-06-25 23:20,roofing,facebook,fb_04,FL,22.19,sold,BuyerC,51.79,
L004333,2026-06-25 14:50,windows,facebook,fb_01,FL,22.13,sold,BuyerF,28.65,
L004334,2026-06-25 11:31,roofing,facebook,fb_05,SC,25.76,sold,BuyerA,36.89,
L004335,2026-06-25 23:48,windows,facebook,fb_04,CA,23.06,returned,BuyerB,28.01,no_answer
L004336,2026-06-25 13:37,windows,google,g_04,IN,25.12,sold,BuyerB,29.16,
L004337,2026-06-25 9:06,windows,native,nt_02,AZ,15.78,returned,BuyerB,27.22,duplicate
L004338,2026-06-25 18:26,roofing,facebook,fb_02,MI,17.34,sold,BuyerD,33.25,
L004339,2026-06-25 12:19,windows,facebook,fb_06,CA,20.52,sold,BuyerB,28.09,
L004340,2026-06-25 14:47,roofing,facebook,fb_02,MO,26.39,unsold,,,
L004341,2026-06-25 9:31,roofing,facebook,fb_05,CO,19.74,sold,BuyerA,33.44,
L004342,2026-06-25 9:45,roofing,facebook,fb_04,MI,21.42,sold,BuyerD,32.71,
L004343,2026-06-25 6:30,roofing,facebook,fb_05,CA,26.78,sold,BuyerA,38.6,
L004344,2026-06-25 14:51,roofing,facebook,fb_06,PA,22.94,returned,BuyerA,37.24,duplicate
L004345,2026-06-25 19:34,roofing,facebook,fb_08,OH,25.26,sold,BuyerD,34.08,
L004346,2026-06-25 17:11,roofing,facebook,fb_01,SC,24.55,returned,BuyerA,36.64,out_of_service_area
L004347,2026-06-25 17:59,bathroom,facebook,fb_05,TX,30.47,sold,BuyerB,43,
L004348,2026-06-25 17:43,roofing,google,g_03,CO,36.3,sold,BuyerA,30.92,
L004349,2026-06-25 12:14,roofing,native,nt_01,IL,16.5,sold,BuyerD,35.51,
L004350,2026-06-25 11:33,roofing,facebook,fb_07,GA,23.56,sold,BuyerC,47.52,
L004351,2026-06-25 11:27,windows,google,g_03,GA,31.01,sold,BuyerB,26.52,
L004352,2026-06-25 18:24,roofing,facebook,fb_03,NC,26.1,sold,BuyerA,36.18,
L004353,2026-06-25 13:41,roofing,facebook,fb_08,AZ,22.51,unsold,,,
L004354,2026-06-25 13:48,bathroom,facebook,fb_08,NC,30.7,sold,BuyerB,40.45,
L004355,2026-06-25 12:28,roofing,facebook,fb_08,TX,22.83,sold,BuyerC,50.87,
L004356,2026-06-25 14:29,roofing,facebook,fb_08,ID,18.82,sold,BuyerD,30.76,
L004357,2026-06-25 12:46,roofing,facebook,fb_02,TN,19.82,sold,BuyerD,32.82,
L004358,2026-06-25 6:00,windows,google,g_02,ND,24.74,sold,BuyerB,29.35,
L004359,2026-06-25 9:23,windows,google,g_02,CO,32.97,sold,BuyerB,26.52,
L004360,2026-06-25 14:05,roofing,facebook,fb_05,VA,22.62,sold,BuyerD,30.68,
L004361,2026-06-25 23:31,bathroom,google,g_04,NY,38.04,sold,BuyerB,47.01,
L004362,2026-06-25 8:22,roofing,facebook,fb_07,NC,22.12,sold,BuyerA,33.71,
L004363,2026-06-25 18:28,windows,google,g_01,TX,23.86,sold,BuyerB,28.15,
L004364,2026-06-25 12:10,windows,facebook,fb_02,TX,19.92,sold,BuyerB,30.92,
L004365,2026-06-25 10:32,windows,google,g_01,MI,26.69,unsold,,,
L004366,2026-06-25 12:26,bathroom,native,nt_01,AZ,23.95,unsold,,,
L004367,2026-06-25 16:28,roofing,facebook,fb_03,PA,22.26,sold,BuyerA,36.38,
L004368,2026-06-25 11:05,roofing,facebook,fb_07,TX,25.7,sold,BuyerC,53,
L004369,2026-06-25 9:32,windows,facebook,fb_03,IL,18.85,sold,BuyerB,29.87,
L004370,2026-06-25 8:04,windows,native,nt_01,NY,16.25,sold,BuyerB,27.98,
L004371,2026-06-25 10:41,windows,facebook,fb_04,TX,22.61,sold,BuyerB,28.24,
L004372,2026-06-25 20:46,roofing,facebook,fb_07,ID,27.83,returned,BuyerD,34.48,not_homeowner
L004373,2026-06-25 20:52,bathroom,google,g_01,CA,32.86,sold,BuyerB,43.18,
L004374,2026-06-25 18:20,roofing,facebook,fb_02,MI,23.4,unsold,,,
L004375,2026-06-25 18:58,roofing,facebook,fb_03,AZ,22.04,returned,BuyerA,35.44,out_of_service_area
L004376,2026-06-25 10:56,bathroom,facebook,fb_02,NY,29.73,returned,BuyerB,45.67,not_homeowner
L004377,2026-06-25 22:31,bathroom,facebook,fb_01,CA,30.9,unsold,,,
L004378,2026-06-25 12:03,roofing,native,nt_01,TN,20.33,sold,BuyerD,31.34,
L004379,2026-06-25 11:04,windows,google,g_02,MO,26.67,sold,BuyerB,26.03,
L004380,2026-06-25 20:26,bathroom,facebook,fb_05,FL,32.33,sold,BuyerE,41.18,
L004381,2026-06-25 11:45,roofing,google,g_03,SC,39.01,sold,BuyerA,38.12,
L004382,2026-06-25 15:47,bathroom,facebook,fb_02,OH,25.36,returned,BuyerB,42.88,not_homeowner
L004383,2026-06-25 11:27,bathroom,facebook,fb_07,CO,23.9,sold,BuyerB,43.15,
L004384,2026-06-25 17:48,windows,native,nt_01,GA,18.43,unsold,,,
L004385,2026-06-25 16:34,roofing,facebook,fb_04,VA,19.52,returned,BuyerA,33.33,no_answer
L004386,2026-06-25 18:32,bathroom,facebook,fb_07,IN,24.59,sold,BuyerE,40.16,
L004387,2026-06-25 10:33,bathroom,facebook,fb_08,MI,26.34,sold,BuyerB,44.26,
L004388,2026-06-25 13:52,windows,facebook,fb_04,CA,19.92,sold,BuyerB,26.61,
L004389,2026-06-25 10:18,bathroom,facebook,fb_08,CA,28.48,returned,BuyerB,43.95,not_homeowner
L004390,2026-06-25 14:50,windows,google,g_01,TN,27.66,unsold,,,
L004391,2026-06-25 18:20,roofing,facebook,fb_05,CO,21.14,sold,BuyerD,35.46,
L004392,2026-06-25 16:11,roofing,google,g_03,FL,32.27,sold,BuyerC,49.45,
L004393,2026-06-25 9:33,windows,facebook,fb_06,FL,19.8,returned,BuyerB,28.09,bad_number
L004394,2026-06-25 15:27,bathroom,google,g_01,MI,31.39,sold,BuyerE,35.74,
L004395,2026-06-25 16:10,roofing,google,g_02,MI,25.12,unsold,,,
L004396,2026-06-25 6:13,roofing,google,g_01,AZ,35.14,unsold,,,
L004397,2026-06-25 15:35,roofing,google,g_03,CA,36.35,sold,BuyerD,35.35,
L004398,2026-06-25 12:11,roofing,google,g_02,TX,26.16,returned,BuyerA,34.21,changed_mind
L004399,2026-06-25 15:18,windows,google,g_04,TX,31.27,sold,BuyerB,28.2,
L004400,2026-06-25 16:09,windows,facebook,fb_08,MO,22.1,sold,BuyerB,27.92,
L004401,2026-06-25 8:26,roofing,google,g_02,AZ,33.54,sold,BuyerD,34.25,
L004402,2026-06-25 9:18,windows,native,nt_02,WY,15.54,sold,BuyerB,26.73,
L004403,2026-06-25 17:15,roofing,facebook,fb_05,TN,23.32,sold,BuyerD,32.91,
L004404,2026-06-25 12:49,windows,facebook,fb_03,PA,20.02,sold,BuyerF,27.72,
L004405,2026-06-25 11:56,windows,google,g_01,OH,22.63,unsold,,,
L004406,2026-06-25 19:00,windows,google,g_01,NY,33.48,returned,BuyerB,27.3,no_answer
L004407,2026-06-25 14:42,bathroom,facebook,fb_08,NJ,23.06,sold,BuyerE,39.47,
L004408,2026-06-25 15:52,roofing,native,nt_01,TX,16.12,unsold,,,
L004409,2026-06-25 16:42,bathroom,native,nt_02,CO,21.97,sold,BuyerB,42.71,
L004410,2026-06-25 17:40,bathroom,facebook,fb_05,FL,26.62,sold,BuyerE,43.88,
L004411,2026-06-25 13:38,roofing,facebook,fb_02,GA,22.83,sold,BuyerC,50.28,
L004412,2026-06-25 21:15,roofing,facebook,fb_08,TX,17.28,sold,BuyerC,54.87,
L004413,2026-06-25 13:14,roofing,facebook,fb_02,AZ,29.09,sold,BuyerA,35.57,
L004414,2026-06-25 12:19,roofing,google,g_01,TN,26.82,sold,BuyerA,36.93,
L004415,2026-06-25 14:32,roofing,google,g_02,FL,32.15,sold,BuyerC,50.85,
L004416,2026-06-25 8:13,bathroom,facebook,fb_04,IL,25.04,sold,BuyerB,47.04,
L004417,2026-06-25 14:08,windows,facebook,fb_07,CO,19.44,sold,BuyerB,28.22,
L004418,2026-06-25 19:06,windows,facebook,fb_03,AZ,19.29,sold,BuyerB,30.19,
L004419,2026-06-25 17:04,roofing,facebook,fb_01,MO,26.05,sold,BuyerA,37.14,
L004420,2026-06-25 15:44,roofing,facebook,fb_07,NY,22.9,sold,BuyerA,32.67,
L004421,2026-06-25 14:44,windows,facebook,fb_04,ND,17.33,unsold,,,
L004422,2026-06-25 14:50,windows,facebook,fb_07,TX,22.42,sold,BuyerF,27.48,
L004423,2026-06-25 6:14,windows,facebook,fb_08,IL,21.47,sold,BuyerB,28.9,
L004424,2026-06-25 10:52,windows,google,g_03,CA,23.98,sold,BuyerB,30,
L004425,2026-06-25 16:29,bathroom,facebook,fb_04,GA,25.21,sold,BuyerB,43.82,
L004426,2026-06-25 16:12,windows,facebook,fb_01,GA,21.11,unsold,,,
L004427,2026-06-25 16:04,windows,facebook,fb_02,NC,21.56,returned,BuyerB,27.77,out_of_service_area
L004428,2026-06-25 12:41,bathroom,facebook,fb_07,FL,28.41,returned,BuyerB,46.91,no_answer
L004429,2026-06-25 11:53,roofing,facebook,fb_04,MI,22.28,sold,BuyerD,37.17,
L004430,2026-06-25 18:56,roofing,facebook,fb_03,NY,22.61,sold,BuyerA,35.21,
L004431,2026-06-25 8:27,windows,facebook,fb_07,TX,19.73,sold,BuyerB,28.22,
L004432,2026-06-25 15:25,roofing,facebook,fb_02,MI,25.01,sold,BuyerD,30.93,
L004433,2026-06-25 14:51,roofing,google,g_03,MI,34.07,sold,BuyerD,33.08,
L004434,2026-06-25 18:32,roofing,facebook,fb_07,IN,25.9,sold,BuyerD,30.78,
L004435,2026-06-25 21:59,windows,facebook,fb_08,GA,21.28,sold,BuyerB,29.23,
L004436,2026-06-25 14:26,roofing,facebook,fb_08,OH,24.23,sold,BuyerA,37.48,
L004437,2026-06-25 14:06,windows,facebook,fb_05,WY,19.04,sold,BuyerB,27.69,
L004438,2026-06-25 12:46,windows,facebook,fb_05,CA,16.97,sold,BuyerB,26.61,
L004439,2026-06-25 12:02,roofing,facebook,fb_03,FL,24.6,sold,BuyerC,53.86,
L004440,2026-06-25 8:22,windows,facebook,fb_01,TN,17.25,sold,BuyerB,31.02,
L004441,2026-06-25 11:33,roofing,native,nt_01,TN,22.77,sold,BuyerD,30.42,
L004442,2026-06-25 9:02,bathroom,facebook,fb_05,FL,25.84,unsold,,,
L004443,2026-06-25 17:16,bathroom,google,g_04,TX,36.92,sold,BuyerB,43.16,
L004444,2026-06-25 11:58,roofing,facebook,fb_07,CA,20.79,sold,BuyerA,33.82,
L004445,2026-06-25 16:13,windows,native,nt_02,PA,14.36,sold,BuyerB,27.78,
L004446,2026-06-25 8:21,windows,native,nt_01,SC,10.38,sold,BuyerB,28.05,
L004447,2026-06-25 21:25,bathroom,facebook,fb_05,CA,28.52,sold,BuyerE,37.71,
L004448,2026-06-25 13:05,windows,facebook,fb_07,NC,22.91,sold,BuyerB,31.16,
L004449,2026-06-25 6:53,bathroom,facebook,fb_06,TX,24.68,sold,BuyerE,39.51,
L004450,2026-06-25 15:47,windows,facebook,fb_06,MT,20.31,unsold,,,
L004451,2026-06-25 18:58,roofing,facebook,fb_01,SC,21.5,sold,BuyerD,32.75,
L004452,2026-06-25 16:26,windows,google,g_04,TX,24.24,sold,BuyerF,27.14,
L004453,2026-06-25 17:50,bathroom,facebook,fb_07,NY,21.8,sold,BuyerE,41.34,
L004454,2026-06-25 14:26,roofing,facebook,fb_05,PA,26.42,sold,BuyerA,41.18,
L004455,2026-06-25 14:41,windows,facebook,fb_01,FL,23.05,sold,BuyerB,27.3,
L004456,2026-06-25 15:31,roofing,facebook,fb_02,MO,26.27,sold,BuyerD,33.39,
L004457,2026-06-25 17:53,bathroom,facebook,fb_05,IN,22.92,sold,BuyerB,45.22,
L004458,2026-06-25 6:44,roofing,facebook,fb_01,AZ,24.75,sold,BuyerA,35.15,
L004459,2026-06-25 18:27,bathroom,facebook,fb_02,FL,28.1,sold,BuyerB,45.55,
L004460,2026-06-25 8:43,bathroom,google,g_01,TX,38,sold,BuyerB,38.67,
L004461,2026-06-25 19:17,bathroom,facebook,fb_04,CA,28.42,unsold,,,
L004462,2026-06-25 10:38,roofing,facebook,fb_07,NY,22.19,sold,BuyerA,36.69,
L004463,2026-06-25 13:55,windows,facebook,fb_02,NC,14.84,sold,BuyerB,27.79,
L004464,2026-06-25 16:53,roofing,facebook,fb_06,TN,22.16,sold,BuyerA,36.75,
L004465,2026-06-25 12:56,windows,facebook,fb_04,CA,17.34,sold,BuyerB,27.58,
L004466,2026-06-25 15:41,roofing,facebook,fb_07,MO,22.58,sold,BuyerA,36.86,
L004467,2026-06-25 18:36,windows,facebook,fb_03,NC,18.16,sold,BuyerB,29.7,
L004468,2026-06-25 14:41,roofing,facebook,fb_02,FL,19.04,unsold,,,
L004469,2026-06-25 12:52,roofing,facebook,fb_04,TX,22.01,sold,BuyerA,35.22,
L004470,2026-06-25 15:05,roofing,facebook,fb_02,FL,23.97,sold,BuyerA,34.07,
L004471,2026-06-25 15:19,windows,facebook,fb_06,PA,19.29,sold,BuyerB,26.47,
L004472,2026-06-25 9:44,windows,facebook,fb_01,OH,22.5,sold,BuyerB,26.72,
L004473,2026-06-25 11:00,roofing,native,nt_01,OH,20.28,sold,BuyerA,36.84,
L004474,2026-06-25 12:56,roofing,google,g_04,CA,27.21,sold,BuyerD,36.82,
L004475,2026-06-25 10:07,roofing,google,g_03,CA,35.95,sold,BuyerD,33.42,
L004476,2026-06-25 17:04,windows,native,nt_02,FL,19.54,sold,BuyerB,28.11,
L004477,2026-06-25 12:28,roofing,facebook,fb_05,OH,26.11,sold,BuyerD,31.91,
L004478,2026-06-25 11:53,roofing,facebook,fb_05,CA,22.79,sold,BuyerA,36.59,
L004479,2026-06-25 11:29,bathroom,facebook,fb_04,ID,21.55,unsold,,,
L004480,2026-06-25 17:43,roofing,facebook,fb_08,ID,26.66,sold,BuyerD,36.9,
L004481,2026-06-25 12:21,roofing,google,g_02,FL,34.99,sold,BuyerD,33.75,
L004482,2026-06-25 20:29,bathroom,facebook,fb_07,OH,28,sold,BuyerB,48.58,
L004483,2026-06-25 7:33,bathroom,google,g_03,NC,32.6,sold,BuyerB,44.86,
L004484,2026-06-25 15:24,windows,facebook,fb_02,AZ,18.83,sold,BuyerA,27.31,
L004485,2026-06-25 13:08,roofing,google,g_01,FL,40.79,sold,BuyerD,32.59,
L004486,2026-06-25 18:59,bathroom,facebook,fb_07,NJ,27.03,unsold,,,
L004487,2026-06-25 23:41,bathroom,google,g_02,FL,37.34,sold,BuyerB,39.67,
L004488,2026-06-25 16:17,roofing,facebook,fb_05,MI,19.52,sold,BuyerD,36.71,
L004489,2026-06-25 10:16,roofing,facebook,fb_07,TX,21.89,sold,BuyerD,32.73,
L004490,2026-06-25 23:42,roofing,facebook,fb_01,CA,23.65,unsold,,,
L004491,2026-06-25 11:27,roofing,facebook,fb_05,FL,25.76,sold,BuyerD,35.75,
L004492,2026-06-25 17:46,windows,native,nt_01,CA,15.05,returned,BuyerB,28.43,bad_number
L004493,2026-06-25 17:10,windows,facebook,fb_02,TN,22.28,sold,BuyerB,28.15,
L004494,2026-06-25 12:27,bathroom,facebook,fb_05,NJ,24.36,returned,BuyerB,41.08,no_answer
L004495,2026-06-25 16:47,roofing,facebook,fb_08,OH,22.24,returned,BuyerA,33.9,no_answer
L004496,2026-06-25 13:10,windows,facebook,fb_05,MI,22.27,sold,BuyerB,28.68,
L004497,2026-06-25 17:31,roofing,facebook,fb_01,AZ,23.92,sold,BuyerD,33.77,
L004498,2026-06-25 12:08,roofing,google,g_03,SC,29.69,sold,BuyerD,35.03,
L004499,2026-06-26 17:28,windows,facebook,fb_03,GA,18.73,sold,BuyerF,27.25,
L004500,2026-06-26 15:11,roofing,facebook,fb_03,SC,23.41,sold,BuyerA,36.2,
L004501,2026-06-26 13:52,roofing,facebook,fb_04,FL,20.75,sold,BuyerC,50.1,
L004502,2026-06-26 9:03,roofing,facebook,fb_07,CO,19.75,returned,BuyerD,32.83,no_answer
L004503,2026-06-26 14:13,roofing,google,g_02,CO,27.32,unsold,,,
L004504,2026-06-26 17:28,roofing,native,nt_02,NJ,20.55,sold,BuyerA,36.59,
L004505,2026-06-26 15:44,windows,google,g_01,GA,22.87,sold,BuyerB,27.22,
L004506,2026-06-26 20:06,windows,google,g_04,NC,23.88,unsold,,,
L004507,2026-06-26 10:11,roofing,google,g_04,AZ,31.57,sold,BuyerD,34.13,
L004508,2026-06-26 14:03,roofing,facebook,fb_01,NJ,21.01,sold,BuyerA,36.98,
L004509,2026-06-26 18:55,bathroom,facebook,fb_02,IL,24.2,unsold,,,
L004510,2026-06-26 15:42,bathroom,facebook,fb_05,OH,25.88,sold,BuyerB,45.11,
L004511,2026-06-26 6:52,roofing,facebook,fb_01,PA,23.07,sold,BuyerA,31.93,
L004512,2026-06-26 19:50,roofing,facebook,fb_08,TX,20.13,sold,BuyerC,48.68,
L004513,2026-06-26 15:33,bathroom,facebook,fb_06,NC,34.47,returned,BuyerB,44.32,not_homeowner
L004514,2026-06-26 13:54,roofing,facebook,fb_02,MI,19.45,sold,BuyerA,38.68,
L004515,2026-06-26 9:16,roofing,facebook,fb_01,FL,20.21,returned,BuyerC,53.02,no_answer
L004516,2026-06-26 19:37,roofing,native,nt_02,FL,18.11,sold,BuyerC,52.62,
L004517,2026-06-26 12:13,roofing,google,g_01,NC,27.39,sold,BuyerA,37.86,
L004518,2026-06-26 14:08,roofing,facebook,fb_04,FL,21.84,sold,BuyerC,50.86,
L004519,2026-06-26 16:39,roofing,facebook,fb_04,NJ,25.13,sold,BuyerA,39.38,
L004520,2026-06-26 6:53,roofing,google,g_01,TN,30.41,sold,BuyerA,34.54,
L004521,2026-06-26 9:46,bathroom,facebook,fb_03,NC,22.41,sold,BuyerB,44.12,
L004522,2026-06-26 21:10,roofing,facebook,fb_07,GA,22.5,sold,BuyerC,52.94,
L004523,2026-06-26 8:43,windows,facebook,fb_06,GA,19.62,sold,BuyerB,28.41,
L004524,2026-06-26 8:42,windows,facebook,fb_08,NC,20.14,sold,BuyerF,27.16,
L004525,2026-06-26 8:14,roofing,facebook,fb_02,NJ,23.95,sold,BuyerD,35.55,
L004526,2026-06-26 6:21,windows,facebook,fb_01,CA,22.85,returned,BuyerB,28.02,duplicate
L004527,2026-06-26 13:20,windows,facebook,fb_06,CA,19.72,sold,BuyerB,31.45,
L004528,2026-06-26 10:36,bathroom,facebook,fb_03,IN,22.24,returned,BuyerB,41.16,bad_number
L004529,2026-06-26 22:24,windows,native,nt_01,TN,15.77,sold,BuyerB,29.12,
L004530,2026-06-26 13:31,bathroom,google,g_04,ND,26.46,sold,BuyerB,44.75,
L004531,2026-06-26 9:26,windows,google,g_04,VA,26.51,sold,BuyerB,27.15,
L004532,2026-06-26 17:24,roofing,facebook,fb_03,MI,27.63,sold,BuyerA,33.93,
L004533,2026-06-26 15:24,roofing,facebook,fb_03,CA,27.75,sold,BuyerA,32.83,
L004534,2026-06-26 23:42,windows,facebook,fb_06,TX,18.94,sold,BuyerB,26.38,
L004535,2026-06-26 8:31,windows,facebook,fb_05,MO,21.05,sold,BuyerB,32.53,
L004536,2026-06-26 18:48,bathroom,google,g_02,SC,34.92,returned,BuyerE,39.84,changed_mind
L004537,2026-06-26 12:30,roofing,facebook,fb_06,OH,25.71,unsold,,,
L004538,2026-06-26 21:59,roofing,facebook,fb_01,MO,23.83,sold,BuyerD,38.32,
L004539,2026-06-26 18:44,bathroom,google,g_04,TX,33.11,sold,BuyerE,45.15,
L004540,2026-06-26 20:27,windows,facebook,fb_06,TX,17.36,returned,BuyerB,28.59,not_homeowner
L004541,2026-06-26 16:31,roofing,google,g_01,MT,28.64,sold,BuyerD,31.06,
L004542,2026-06-26 12:40,bathroom,google,g_01,GA,33.06,sold,BuyerE,40.79,
L004543,2026-06-26 13:06,windows,facebook,fb_02,SC,22.9,sold,BuyerB,27.56,
L004544,2026-06-26 10:33,roofing,facebook,fb_05,IN,24.78,sold,BuyerA,33,
L004545,2026-06-26 11:44,bathroom,facebook,fb_02,FL,24.51,unsold,,,
L004546,2026-06-26 9:48,bathroom,facebook,fb_03,MO,25.74,unsold,,,
L004547,2026-06-26 15:32,windows,facebook,fb_07,IL,20.26,returned,BuyerB,28.87,bad_number
L004548,2026-06-26 13:25,bathroom,facebook,fb_01,NC,30.95,unsold,,,
L004549,2026-06-26 6:47,roofing,google,g_01,FL,31.68,sold,BuyerC,52.08,
L004550,2026-06-26 15:32,windows,facebook,fb_04,TX,20.71,sold,BuyerF,26.72,
L004551,2026-06-26 17:17,roofing,google,g_01,FL,35.96,sold,BuyerC,52.97,
L004552,2026-06-26 12:03,windows,facebook,fb_02,MO,21.87,sold,BuyerB,27.24,
L004553,2026-06-26 15:41,windows,facebook,fb_07,OH,18.5,sold,BuyerB,29.53,
L004554,2026-06-26 17:24,roofing,facebook,fb_07,OH,23.64,sold,BuyerD,36.62,
L004555,2026-06-26 8:34,bathroom,facebook,fb_05,FL,24.11,sold,BuyerE,41.23,
L004556,2026-06-26 6:08,windows,native,nt_01,IN,14.57,sold,BuyerB,29.36,
L004557,2026-06-26 17:08,roofing,facebook,fb_07,CO,24.61,sold,BuyerD,34.34,
L004558,2026-06-26 14:54,windows,facebook,fb_04,MO,21.81,sold,BuyerB,28.46,
L004559,2026-06-26 8:44,roofing,facebook,fb_01,IN,20.74,sold,BuyerD,35.71,
L004560,2026-06-26 10:46,roofing,google,g_03,FL,37.73,sold,BuyerC,52.78,
L004561,2026-06-26 14:32,roofing,facebook,fb_03,PA,24.96,returned,BuyerA,34.75,changed_mind
L004562,2026-06-26 16:28,windows,facebook,fb_02,MI,18.43,sold,BuyerF,27.15,
L004563,2026-06-26 11:52,bathroom,facebook,fb_06,ND,23.08,sold,BuyerB,41.18,
L004564,2026-06-26 14:03,bathroom,facebook,fb_05,GA,31.66,sold,BuyerB,45.73,
L004565,2026-06-26 6:20,bathroom,native,nt_02,ID,23.1,sold,BuyerB,47.13,
L004566,2026-06-26 21:57,roofing,facebook,fb_04,OH,23.16,sold,BuyerD,30.99,
L004567,2026-06-26 22:08,bathroom,facebook,fb_04,MI,29.84,sold,BuyerB,38.33,
L004568,2026-06-26 14:16,roofing,native,nt_01,CA,20.09,sold,BuyerA,35.75,
L004569,2026-06-26 10:15,roofing,google,g_03,MT,41.54,sold,BuyerA,31.43,
L004570,2026-06-26 11:44,windows,facebook,fb_03,IL,20.61,sold,BuyerB,25.77,
L004571,2026-06-26 9:25,bathroom,facebook,fb_06,AZ,24.87,sold,BuyerE,40.89,
L004572,2026-06-26 6:29,roofing,facebook,fb_07,AZ,21.99,sold,BuyerD,32.98,
L004573,2026-06-26 11:50,windows,facebook,fb_01,NJ,21.37,sold,BuyerF,29.29,
L004574,2026-06-26 17:44,bathroom,google,g_02,FL,38.23,sold,BuyerE,40.87,
L004575,2026-06-26 15:33,windows,facebook,fb_01,TX,21.4,sold,BuyerB,27.89,
L004576,2026-06-26 15:14,windows,facebook,fb_07,TX,21.04,sold,BuyerB,26.41,
L004577,2026-06-26 9:04,windows,facebook,fb_05,TN,19.53,sold,BuyerB,28.83,
L004578,2026-06-26 16:02,windows,google,g_04,TN,21.84,sold,BuyerB,26.18,
L004579,2026-06-26 15:24,windows,facebook,fb_03,MI,20.04,sold,BuyerB,29.05,
L004580,2026-06-26 19:19,roofing,facebook,fb_03,TN,21.27,sold,BuyerA,34.26,
L004581,2026-06-26 14:09,roofing,google,g_02,MI,26.27,sold,BuyerD,33.66,
L004582,2026-06-26 9:06,roofing,google,g_01,GA,27.25,sold,BuyerC,53.78,
L004583,2026-06-26 18:10,roofing,facebook,fb_02,NC,25.75,sold,BuyerA,42.46,
L004584,2026-06-26 11:14,bathroom,google,g_01,GA,34.67,sold,BuyerB,44.14,
L004585,2026-06-26 22:05,roofing,google,g_04,AZ,29.26,unsold,,,
L004586,2026-06-26 15:43,bathroom,facebook,fb_07,CO,26.49,sold,BuyerE,38.75,
L004587,2026-06-26 16:51,roofing,facebook,fb_05,FL,20.18,sold,BuyerC,52.45,
L004588,2026-06-26 19:31,windows,native,nt_01,OH,13.94,sold,BuyerB,28.05,
L004589,2026-06-26 10:40,roofing,google,g_02,MO,33.19,unsold,,,
L004590,2026-06-26 8:42,bathroom,native,nt_02,GA,22.69,sold,BuyerE,40,
L004591,2026-06-26 19:23,roofing,facebook,fb_01,GA,22.38,sold,BuyerC,51.82,
L004592,2026-06-26 12:25,roofing,facebook,fb_06,FL,19.58,sold,BuyerC,53.57,
L004593,2026-06-26 10:58,roofing,google,g_03,GA,35.17,sold,BuyerD,31.88,
L004594,2026-06-26 12:29,roofing,native,nt_02,CA,18.78,sold,BuyerD,33.91,
L004595,2026-06-26 16:09,bathroom,google,g_04,ID,37.38,sold,BuyerE,42.64,
L004596,2026-06-26 16:38,roofing,facebook,fb_03,IL,26.98,sold,BuyerA,38.3,
L004597,2026-06-26 19:07,windows,facebook,fb_06,NC,22.08,sold,BuyerB,29.58,
L004598,2026-06-26 11:11,bathroom,facebook,fb_01,GA,27.87,sold,BuyerB,43.7,
L004599,2026-06-26 12:11,roofing,google,g_01,OH,26.8,sold,BuyerD,32.74,
L004600,2026-06-26 17:49,roofing,facebook,fb_01,CA,20.43,sold,BuyerD,32.72,
L004601,2026-06-26 12:33,roofing,google,g_04,OH,32.65,sold,BuyerD,36.66,
L004602,2026-06-26 11:35,windows,facebook,fb_03,IN,14.64,sold,BuyerB,28.41,
L004603,2026-06-26 16:04,bathroom,facebook,fb_06,IL,19.58,returned,BuyerB,41.74,not_homeowner
L004604,2026-06-26 15:36,roofing,facebook,fb_04,MI,26.34,sold,BuyerA,35.15,
L004605,2026-06-26 16:21,windows,facebook,fb_04,IL,16.68,sold,BuyerB,26.57,
L004606,2026-06-26 6:57,windows,facebook,fb_03,AZ,17.14,sold,BuyerA,28.43,
L004607,2026-06-26 14:06,roofing,google,g_04,TX,34.78,returned,BuyerC,53.83,duplicate
L004608,2026-06-26 13:42,roofing,facebook,fb_08,TX,21.42,sold,BuyerC,53.86,
L004609,2026-06-26 8:36,roofing,facebook,fb_02,IL,24.84,sold,BuyerD,35.79,
L004610,2026-06-26 6:46,roofing,facebook,fb_04,PA,27.17,sold,BuyerA,37.57,
L004611,2026-06-26 18:32,windows,facebook,fb_02,CA,21.74,sold,BuyerB,28.03,
L004612,2026-06-26 14:40,roofing,facebook,fb_07,TX,23.97,sold,BuyerD,32.83,
L004613,2026-06-26 14:27,roofing,google,g_03,SC,37.52,sold,BuyerA,41.31,
L004614,2026-06-26 20:51,windows,facebook,fb_04,TX,19.8,sold,BuyerF,26.64,
L004615,2026-06-26 10:34,bathroom,google,g_01,IN,36.89,sold,BuyerE,40.41,
L004616,2026-06-26 21:00,roofing,facebook,fb_04,IN,25.8,sold,BuyerA,37.45,
L004617,2026-06-26 16:47,roofing,facebook,fb_02,AZ,17.81,sold,BuyerA,39.92,
L004618,2026-06-26 6:31,roofing,facebook,fb_08,TX,20.58,sold,BuyerD,32.7,
L004619,2026-06-26 14:59,bathroom,facebook,fb_08,CA,27.6,sold,BuyerB,44.64,
L004620,2026-06-26 12:41,roofing,native,nt_01,PA,16.17,sold,BuyerA,35.98,
L004621,2026-06-26 17:49,roofing,facebook,fb_06,TN,24.2,returned,BuyerA,38.69,no_answer
L004622,2026-06-26 22:31,roofing,google,g_04,FL,30.6,sold,BuyerA,36.15,
L004623,2026-06-26 11:57,roofing,facebook,fb_06,ID,22.16,returned,BuyerD,34.12,out_of_service_area
L004624,2026-06-26 14:38,bathroom,facebook,fb_05,PA,26.9,sold,BuyerE,40.42,
L004625,2026-06-26 11:41,windows,facebook,fb_06,MO,18.65,sold,BuyerB,27.36,
L004626,2026-06-26 12:13,bathroom,google,g_03,FL,37.61,sold,BuyerB,45.83,
L004627,2026-06-26 19:39,roofing,facebook,fb_07,CA,20.18,sold,BuyerA,36.87,
L004628,2026-06-26 7:49,bathroom,facebook,fb_02,WY,29.37,unsold,,,
L004629,2026-06-26 6:12,bathroom,facebook,fb_07,CO,27.55,sold,BuyerB,43.59,
L004630,2026-06-26 6:50,windows,facebook,fb_04,GA,18.63,sold,BuyerB,31.24,
L004631,2026-06-26 7:26,roofing,native,nt_02,CA,19.42,returned,BuyerA,38.83,bad_number
L004632,2026-06-26 14:55,roofing,facebook,fb_04,NC,20.33,sold,BuyerA,34.04,
L004633,2026-06-26 15:25,windows,facebook,fb_04,NY,20.49,unsold,,,
L004634,2026-06-26 12:35,roofing,facebook,fb_05,CA,25.19,sold,BuyerA,35.4,
L004635,2026-06-26 11:44,windows,facebook,fb_01,TN,22.68,returned,BuyerB,25.97,not_homeowner
L004636,2026-06-26 15:22,windows,native,nt_01,AZ,17.39,unsold,,,
L004637,2026-06-26 18:12,roofing,facebook,fb_03,AZ,20.37,sold,BuyerA,39.04,
L004638,2026-06-26 16:01,windows,google,g_02,NJ,27.39,sold,BuyerB,26.84,
L004639,2026-06-26 16:10,roofing,google,g_04,FL,29.31,sold,BuyerA,35.72,
L004640,2026-06-26 9:27,windows,facebook,fb_01,MI,15.53,sold,BuyerB,28.43,
L004641,2026-06-26 12:32,windows,native,nt_02,OH,13.55,sold,BuyerB,28.82,
L004642,2026-06-26 11:58,roofing,google,g_04,FL,27.44,sold,BuyerA,36.91,
L004643,2026-06-26 13:52,roofing,google,g_01,MI,32.24,sold,BuyerD,32.99,
L004644,2026-06-26 7:00,windows,native,nt_01,WY,14.78,sold,BuyerB,29.67,
L004645,2026-06-26 8:31,roofing,facebook,fb_08,IL,23.89,sold,BuyerA,37.53,
L004646,2026-06-26 15:56,roofing,facebook,fb_06,TN,19.76,sold,BuyerA,36.99,
L004647,2026-06-26 6:53,roofing,facebook,fb_01,CO,23.47,sold,BuyerA,33.26,
L004648,2026-06-26 13:11,windows,facebook,fb_06,IN,19.58,sold,BuyerF,26.37,
L004649,2026-06-26 16:38,roofing,facebook,fb_05,PA,25.24,sold,BuyerA,36.9,
L004650,2026-06-26 18:18,bathroom,facebook,fb_02,GA,28.26,sold,BuyerB,45.95,
L004651,2026-06-26 13:00,bathroom,facebook,fb_03,CA,19.07,sold,BuyerE,39.05,
L004652,2026-06-26 19:16,windows,native,nt_01,PA,19.83,sold,BuyerB,32.02,
L004653,2026-06-26 14:41,windows,facebook,fb_05,ID,20.3,sold,BuyerB,28.52,
L004654,2026-06-26 8:20,roofing,facebook,fb_04,OH,21.71,sold,BuyerA,36.74,
L004655,2026-06-26 18:54,roofing,facebook,fb_08,MO,21.99,sold,BuyerD,33.16,
L004656,2026-06-26 7:19,roofing,facebook,fb_02,SC,28.67,unsold,,,
L004657,2026-06-26 20:45,bathroom,google,g_04,SC,34.04,returned,BuyerB,43.96,out_of_service_area
L004658,2026-06-26 15:58,windows,google,g_04,VA,28.76,unsold,,,
L004659,2026-06-26 13:22,roofing,native,nt_01,GA,19.46,returned,BuyerD,35.47,out_of_service_area
L004660,2026-06-26 18:34,windows,facebook,fb_08,TN,24.18,sold,BuyerB,29.12,
L004661,2026-06-26 18:26,bathroom,facebook,fb_02,PA,27.92,sold,BuyerB,42.72,
L004662,2026-06-26 17:31,bathroom,facebook,fb_05,ID,25.03,returned,BuyerB,46.77,no_answer
L004663,2026-06-26 9:52,bathroom,facebook,fb_02,CA,26.85,sold,BuyerE,39.68,
L004664,2026-06-26 13:56,bathroom,facebook,fb_03,MI,19.92,sold,BuyerB,42.02,
L004665,2026-06-26 12:13,windows,google,g_03,TN,30.24,sold,BuyerF,26.12,
L004666,2026-06-26 11:30,bathroom,native,nt_01,IL,23.96,sold,BuyerE,38.91,
L004667,2026-06-26 16:55,roofing,facebook,fb_01,FL,22.85,sold,BuyerA,35.13,
L004668,2026-06-26 10:31,windows,facebook,fb_01,NC,21.41,sold,BuyerB,27.94,
L004669,2026-06-26 7:16,roofing,google,g_03,OH,33.9,sold,BuyerA,37.48,
L004670,2026-06-26 13:08,roofing,google,g_04,ID,28.63,sold,BuyerA,36.27,
L004671,2026-06-26 12:44,bathroom,facebook,fb_03,VA,26.25,sold,BuyerB,46.15,
L004672,2026-06-26 11:49,roofing,google,g_04,TN,24.18,unsold,,,
L004673,2026-06-26 13:08,windows,facebook,fb_08,TN,17.22,sold,BuyerB,28.27,
L004674,2026-06-26 18:37,roofing,facebook,fb_01,MI,26.79,sold,BuyerA,33.69,
L004675,2026-06-26 12:52,windows,facebook,fb_02,NC,18.99,sold,BuyerB,28.15,
L004676,2026-06-26 12:39,windows,facebook,fb_02,CO,18.26,sold,BuyerB,28.47,
L004677,2026-06-26 16:06,windows,facebook,fb_01,ND,21.42,sold,BuyerB,29.47,
L004678,2026-06-26 15:42,roofing,google,g_03,ND,31.54,sold,BuyerD,34.42,
L004679,2026-06-27 15:05,roofing,facebook,fb_08,GA,28.74,sold,BuyerC,52.53,
L004680,2026-06-27 10:47,roofing,facebook,fb_08,OH,20.17,sold,BuyerA,31.15,
L004681,2026-06-27 11:10,windows,google,g_02,OH,28.48,sold,BuyerB,27.04,
L004682,2026-06-27 12:31,roofing,facebook,fb_04,AZ,18.68,sold,BuyerA,37.83,
L004683,2026-06-27 14:57,roofing,facebook,fb_04,FL,23.36,returned,BuyerC,51.54,no_answer
L004684,2026-06-27 21:05,bathroom,facebook,fb_02,TN,21.48,sold,BuyerB,45.58,
L004685,2026-06-27 10:20,roofing,facebook,fb_07,GA,21.86,sold,BuyerC,51.66,
L004686,2026-06-27 19:51,roofing,facebook,fb_05,FL,21.54,unsold,,,
L004687,2026-06-27 12:57,windows,facebook,fb_07,IN,26.46,unsold,,,
L004688,2026-06-27 12:22,bathroom,google,g_04,NY,40.51,sold,BuyerE,39.36,
L004689,2026-06-27 13:37,roofing,facebook,fb_07,NJ,24.82,returned,BuyerA,34.16,bad_number
L004690,2026-06-27 16:04,bathroom,facebook,fb_03,MI,29.83,sold,BuyerE,41.43,
L004691,2026-06-27 16:03,roofing,facebook,fb_02,NC,23.16,sold,BuyerA,32.98,
L004692,2026-06-27 13:53,roofing,facebook,fb_02,NC,23.34,returned,BuyerA,34.23,out_of_service_area
L004693,2026-06-27 11:54,roofing,facebook,fb_04,GA,23.68,unsold,,,
L004694,2026-06-27 13:47,roofing,facebook,fb_08,MI,19.15,sold,BuyerD,37.3,
L004695,2026-06-27 8:07,bathroom,facebook,fb_06,PA,30.83,sold,BuyerE,37.67,
L004696,2026-06-27 11:28,bathroom,facebook,fb_06,FL,21.96,sold,BuyerE,41.59,
L004697,2026-06-27 10:25,roofing,google,g_01,OH,27.94,sold,BuyerA,33.3,
L004698,2026-06-27 16:58,bathroom,facebook,fb_07,TX,28.65,sold,BuyerB,43.5,
L004699,2026-06-27 23:42,roofing,facebook,fb_03,CA,25.82,sold,BuyerD,33.31,
L004700,2026-06-27 14:17,bathroom,google,g_02,AZ,29.38,sold,BuyerE,39.68,
L004701,2026-06-27 16:41,roofing,facebook,fb_01,FL,30.72,sold,BuyerC,51.19,
L004702,2026-06-27 16:16,roofing,facebook,fb_05,MT,21.52,returned,BuyerA,38.49,no_answer
L004703,2026-06-27 10:13,roofing,facebook,fb_01,GA,24.18,sold,BuyerC,53.77,
L004704,2026-06-27 9:51,roofing,facebook,fb_07,TX,21.85,sold,BuyerC,51.1,
L004705,2026-06-27 7:38,roofing,facebook,fb_04,MO,21.97,sold,BuyerD,34.77,
L004706,2026-06-27 12:08,roofing,facebook,fb_07,MO,24.64,sold,BuyerA,35.91,
L004707,2026-06-27 14:06,roofing,google,g_04,TN,29.6,unsold,,,
L004708,2026-06-27 18:42,roofing,facebook,fb_01,GA,25.16,sold,BuyerC,51.47,
L004709,2026-06-27 14:06,windows,google,g_02,GA,23,sold,BuyerB,27.23,
L004710,2026-06-27 13:00,roofing,facebook,fb_01,PA,24.08,sold,BuyerA,34.44,
L004711,2026-06-27 9:59,windows,facebook,fb_06,CA,21.35,sold,BuyerB,29.3,
L004712,2026-06-27 17:12,roofing,native,nt_01,OH,20.72,sold,BuyerD,33.51,
L004713,2026-06-27 11:16,bathroom,native,nt_02,TX,23.92,sold,BuyerE,39.23,
L004714,2026-06-27 13:23,roofing,native,nt_02,MI,19.94,sold,BuyerA,36.28,
L004715,2026-06-27 17:09,roofing,facebook,fb_01,TX,29.36,sold,BuyerC,55.58,
L004716,2026-06-27 9:37,roofing,facebook,fb_07,VA,20.79,returned,BuyerD,34.76,bad_number
L004717,2026-06-27 11:23,bathroom,google,g_01,VA,40.95,sold,BuyerB,43.31,
L004718,2026-06-27 12:10,bathroom,facebook,fb_08,FL,24.36,sold,BuyerB,41.6,
L004719,2026-06-27 18:12,roofing,google,g_04,ID,31.85,returned,BuyerD,34.25,no_answer
L004720,2026-06-27 14:39,windows,facebook,fb_01,CA,20.67,returned,BuyerB,30.11,no_answer
L004721,2026-06-27 8:33,bathroom,facebook,fb_07,MT,25.14,unsold,,,
L004722,2026-06-27 7:37,bathroom,google,g_01,FL,25.38,sold,BuyerE,39.62,
L004723,2026-06-27 17:56,windows,facebook,fb_05,ID,17.56,returned,BuyerB,29.65,no_answer
L004724,2026-06-27 11:15,windows,facebook,fb_07,MI,19.28,returned,BuyerB,27.3,not_homeowner
L004725,2026-06-27 19:29,bathroom,facebook,fb_04,CA,26.26,sold,BuyerB,44.27,
L004726,2026-06-27 8:03,windows,facebook,fb_02,NY,19.1,sold,BuyerF,27.27,
L004727,2026-06-27 10:11,windows,facebook,fb_07,NC,19.27,returned,BuyerB,29.61,bad_number
L004728,2026-06-27 13:30,roofing,facebook,fb_08,NC,25.77,sold,BuyerA,36.28,
L004729,2026-06-27 19:01,roofing,google,g_01,WY,32.5,sold,BuyerD,30.23,
L004730,2026-06-27 16:02,bathroom,facebook,fb_03,AZ,33.88,sold,BuyerE,39.01,
L004731,2026-06-27 16:01,bathroom,facebook,fb_03,CA,25.45,sold,BuyerB,44.57,
L004732,2026-06-27 14:55,roofing,native,nt_02,NJ,15.59,sold,BuyerA,36.52,
L004733,2026-06-27 11:07,windows,native,nt_02,GA,16.3,sold,BuyerB,27.17,
L004734,2026-06-27 14:02,roofing,facebook,fb_04,TX,20.49,sold,BuyerC,49.55,
L004735,2026-06-27 14:03,bathroom,native,nt_01,FL,24.8,returned,BuyerB,44.79,no_answer
L004736,2026-06-27 16:13,bathroom,facebook,fb_07,PA,26.32,sold,BuyerE,42.09,
L004737,2026-06-27 7:50,roofing,google,g_02,NC,35.46,sold,BuyerD,35.27,
L004738,2026-06-27 9:19,bathroom,facebook,fb_07,NC,28.7,sold,BuyerE,37.2,
L004739,2026-06-27 13:31,roofing,facebook,fb_01,PA,24.96,sold,BuyerA,35.42,
L004740,2026-06-27 10:59,roofing,google,g_03,FL,33.96,returned,BuyerA,38.05,no_answer
L004741,2026-06-27 13:12,windows,facebook,fb_05,MT,19.19,sold,BuyerB,29.11,
L004742,2026-06-27 6:12,windows,facebook,fb_05,TX,22.6,sold,BuyerB,27.74,
L004743,2026-06-27 10:21,bathroom,facebook,fb_08,GA,31.92,sold,BuyerB,40.75,
L004744,2026-06-27 6:34,roofing,facebook,fb_03,IL,24.43,sold,BuyerA,34.26,
L004745,2026-06-27 15:33,bathroom,native,nt_02,FL,20.3,sold,BuyerE,38.68,
L004746,2026-06-27 8:12,roofing,google,g_03,PA,35.57,sold,BuyerD,33.09,
L004747,2026-06-27 13:01,windows,facebook,fb_06,IL,21.61,sold,BuyerF,26.7,
L004748,2026-06-27 12:38,windows,facebook,fb_05,IL,21.31,sold,BuyerA,27.24,
L004749,2026-06-27 15:30,windows,facebook,fb_05,WY,22.9,sold,BuyerB,27.4,
L004750,2026-06-27 22:32,windows,google,g_04,PA,30.24,returned,BuyerB,27.96,no_answer
L004751,2026-06-27 13:29,windows,facebook,fb_05,IN,21.37,sold,BuyerF,27.64,
L004752,2026-06-27 19:25,roofing,facebook,fb_05,MT,22.42,unsold,,,
L004753,2026-06-27 6:07,roofing,facebook,fb_02,CA,23.62,sold,BuyerD,29.52,
L004754,2026-06-27 21:06,windows,native,nt_01,MO,15.13,sold,BuyerB,27.62,
L004755,2026-06-27 14:07,roofing,facebook,fb_05,CA,21.44,returned,BuyerD,31.88,no_answer
L004756,2026-06-27 13:02,roofing,facebook,fb_03,MO,24,returned,BuyerD,31.19,no_answer
L004757,2026-06-27 7:32,windows,google,g_03,FL,28.01,returned,BuyerB,29.73,no_answer
L004758,2026-06-27 13:00,bathroom,facebook,fb_08,AZ,31.37,sold,BuyerE,37.16,
L004759,2026-06-27 7:41,windows,facebook,fb_04,TX,21.77,sold,BuyerB,27.7,
L004760,2026-06-27 15:34,roofing,native,nt_02,TX,21.02,returned,BuyerC,48.09,no_answer
L004761,2026-06-27 15:08,bathroom,google,g_02,OH,42.47,sold,BuyerB,43.06,
L004762,2026-06-27 12:27,windows,google,g_02,TN,20.52,returned,BuyerB,28.71,duplicate
L004763,2026-06-27 19:30,roofing,google,g_01,CA,29.81,sold,BuyerD,32.77,
L004764,2026-06-27 13:59,roofing,facebook,fb_08,NC,26.6,sold,BuyerD,31.91,
L004765,2026-06-27 17:22,bathroom,google,g_01,PA,35.71,sold,BuyerB,42.36,
L004766,2026-06-27 15:30,roofing,native,nt_02,MT,18.57,unsold,,,
L004767,2026-06-27 8:30,roofing,facebook,fb_05,NJ,22.24,returned,BuyerA,38.66,out_of_service_area
L004768,2026-06-27 20:56,windows,google,g_02,TX,23.19,sold,BuyerB,27.66,
L004769,2026-06-27 15:47,bathroom,google,g_03,FL,25.13,sold,BuyerB,48.24,
L004770,2026-06-27 19:31,windows,facebook,fb_05,TX,20.24,sold,BuyerB,27.59,
L004771,2026-06-27 18:17,bathroom,facebook,fb_05,FL,29.52,sold,BuyerE,39.42,
L004772,2026-06-27 15:37,bathroom,google,g_03,GA,37.02,sold,BuyerE,39.47,
L004773,2026-06-27 19:57,windows,facebook,fb_01,CA,21.04,sold,BuyerB,30.19,
L004774,2026-06-27 6:44,windows,facebook,fb_05,CA,19.64,returned,BuyerB,28.25,out_of_service_area
L004775,2026-06-27 10:19,windows,google,g_03,IL,25.3,returned,BuyerB,30.13,no_answer
L004776,2026-06-27 18:52,roofing,google,g_01,CA,33.03,returned,BuyerD,32.61,out_of_service_area
L004777,2026-06-27 8:32,bathroom,facebook,fb_08,TX,23.82,sold,BuyerB,40.9,
L004778,2026-06-27 15:07,roofing,google,g_04,VA,28.38,sold,BuyerD,32.79,
L004779,2026-06-27 18:01,roofing,google,g_01,PA,28.34,sold,BuyerD,33.05,
L004780,2026-06-27 12:53,roofing,facebook,fb_03,IL,24.11,sold,BuyerA,34.52,
L004781,2026-06-27 17:51,roofing,google,g_03,FL,35.4,returned,BuyerC,52.83,not_homeowner
L004782,2026-06-27 15:56,bathroom,google,g_04,VA,35.62,sold,BuyerB,43.64,
L004783,2026-06-27 21:48,windows,facebook,fb_04,IL,21.8,unsold,,,
L004784,2026-06-27 8:00,bathroom,facebook,fb_01,NC,26.62,returned,BuyerB,44.31,bad_number
L004785,2026-06-27 20:05,windows,facebook,fb_07,IL,22.95,returned,BuyerA,27.37,not_homeowner
L004786,2026-06-27 19:58,roofing,facebook,fb_02,MI,17.38,sold,BuyerA,36.85,
L004787,2026-06-27 11:29,roofing,google,g_04,VA,26.87,sold,BuyerD,35.37,
L004788,2026-06-27 16:22,windows,facebook,fb_06,TN,23.71,returned,BuyerF,28.36,changed_mind
L004789,2026-06-27 10:48,roofing,native,nt_01,FL,18.6,sold,BuyerC,52.65,
L004790,2026-06-27 17:12,bathroom,native,nt_02,FL,24.62,sold,BuyerB,45.04,
L004791,2026-06-27 18:44,bathroom,facebook,fb_07,NJ,28.65,returned,BuyerB,45.88,changed_mind
L004792,2026-06-27 10:40,roofing,facebook,fb_07,TX,21.15,sold,BuyerC,50.99,
L004793,2026-06-27 12:27,roofing,facebook,fb_03,NC,23.17,returned,BuyerD,35.23,no_answer
L004794,2026-06-27 20:11,roofing,google,g_01,PA,28.02,sold,BuyerD,33.32,
L004795,2026-06-27 15:37,roofing,facebook,fb_08,GA,24.52,sold,BuyerC,51.57,
L004796,2026-06-27 18:02,roofing,google,g_03,IN,35.75,returned,BuyerA,33.52,changed_mind
L004797,2026-06-27 14:14,windows,facebook,fb_01,MI,22.59,sold,BuyerB,28.9,
L004798,2026-06-27 12:55,bathroom,native,nt_01,NJ,23.05,sold,BuyerE,42.33,
L004799,2026-06-27 9:30,roofing,facebook,fb_01,AZ,23.64,sold,BuyerD,34.73,
L004800,2026-06-27 15:01,roofing,google,g_04,IL,27.14,returned,BuyerD,32.97,not_homeowner
L004801,2026-06-27 9:48,roofing,google,g_04,CA,32.25,sold,BuyerD,31.61,
L004802,2026-06-27 7:33,bathroom,facebook,fb_01,MO,31.87,sold,BuyerB,47.04,
L004803,2026-06-27 16:21,windows,google,g_02,TX,22.71,sold,BuyerB,28.18,
L004804,2026-06-27 23:52,bathroom,native,nt_01,PA,25.29,sold,BuyerB,45.43,
L004805,2026-06-27 14:54,roofing,facebook,fb_08,GA,21.65,sold,BuyerC,52.37,
L004806,2026-06-27 17:04,windows,google,g_02,VA,27.16,sold,BuyerB,30.06,
L004807,2026-06-27 10:14,windows,facebook,fb_04,GA,17.57,sold,BuyerB,27.27,
L004808,2026-06-27 19:34,roofing,facebook,fb_05,PA,19.43,sold,BuyerA,34.7,
L004809,2026-06-27 20:02,windows,native,nt_02,OH,15.24,sold,BuyerF,25.32,
L004810,2026-06-27 6:16,roofing,facebook,fb_02,TN,23.06,returned,BuyerA,34.04,no_answer
L004811,2026-06-27 6:46,bathroom,facebook,fb_03,FL,29.94,sold,BuyerE,42.22,
L004812,2026-06-27 13:36,roofing,facebook,fb_01,CA,20.77,sold,BuyerD,30.3,
L004813,2026-06-27 15:19,windows,google,g_01,NJ,30.2,sold,BuyerB,28.98,
L004814,2026-06-27 13:39,bathroom,google,g_01,OH,36.42,returned,BuyerB,45.6,out_of_service_area
L004815,2026-06-28 15:22,bathroom,google,g_03,NC,28.93,sold,BuyerE,39.89,
L004816,2026-06-28 19:37,windows,facebook,fb_07,PA,18.56,sold,BuyerB,28.43,
L004817,2026-06-28 13:09,roofing,native,nt_02,GA,18.76,sold,BuyerC,53.42,
L004818,2026-06-28 19:38,windows,facebook,fb_08,SC,17.34,sold,BuyerB,27.97,
L004819,2026-06-28 12:39,bathroom,facebook,fb_08,AZ,35.71,sold,BuyerB,44.28,
L004820,2026-06-28 13:18,windows,facebook,fb_08,IN,17.31,sold,BuyerB,28.58,
L004821,2026-06-28 23:17,windows,facebook,fb_05,OH,22.85,sold,BuyerB,31.76,
L004822,2026-06-28 12:41,bathroom,facebook,fb_06,ND,27.07,unsold,,,
L004823,2026-06-28 11:20,roofing,facebook,fb_02,GA,20.02,sold,BuyerC,54.29,
L004824,2026-06-28 15:21,roofing,facebook,fb_08,CA,21.83,sold,BuyerD,33.44,
L004825,2026-06-28 21:15,bathroom,facebook,fb_05,OH,21.9,sold,BuyerB,41.84,
L004826,2026-06-28 12:24,bathroom,facebook,fb_07,FL,25.22,sold,BuyerE,38.97,
L004827,2026-06-28 14:00,bathroom,facebook,fb_01,CA,29.13,sold,BuyerB,41.88,
L004828,2026-06-28 9:08,roofing,facebook,fb_03,TN,20.21,sold,BuyerD,34.75,
L004829,2026-06-28 12:49,roofing,facebook,fb_01,CA,27.14,sold,BuyerA,33.82,
L004830,2026-06-28 13:57,roofing,google,g_01,MI,25.71,sold,BuyerA,35.35,
L004831,2026-06-28 11:22,bathroom,google,g_01,AZ,33.08,sold,BuyerB,44.97,
L004832,2026-06-28 15:19,windows,facebook,fb_06,CA,21,sold,BuyerF,27.66,
L004833,2026-06-28 12:07,windows,facebook,fb_08,NC,15.76,sold,BuyerB,25.72,
L004834,2026-06-28 9:09,bathroom,facebook,fb_07,NY,31.39,sold,BuyerE,39.33,
L004835,2026-06-28 8:38,bathroom,facebook,fb_08,OH,21.2,returned,BuyerB,41.8,duplicate
L004836,2026-06-28 13:15,bathroom,facebook,fb_07,IL,33.63,sold,BuyerB,44.23,
L004837,2026-06-28 11:42,roofing,facebook,fb_01,CA,26.07,sold,BuyerA,37.36,
L004838,2026-06-28 9:04,roofing,native,nt_01,MI,20.04,returned,BuyerD,35.67,bad_number
L004839,2026-06-28 16:34,roofing,facebook,fb_03,AZ,23.03,returned,BuyerA,35.45,no_answer
L004840,2026-06-28 13:42,roofing,native,nt_01,CA,17.43,sold,BuyerD,36.8,
L004841,2026-06-28 8:16,bathroom,google,g_04,MI,37.72,sold,BuyerB,46.25,
L004842,2026-06-28 13:44,roofing,google,g_04,NY,27.57,sold,BuyerA,35.01,
L004843,2026-06-28 19:47,bathroom,facebook,fb_06,MO,36.35,returned,BuyerB,42.13,no_answer
L004844,2026-06-28 15:17,roofing,facebook,fb_03,FL,19.34,unsold,,,
L004845,2026-06-28 14:36,windows,native,nt_01,AZ,15.72,sold,BuyerF,27.64,
L004846,2026-06-28 16:12,roofing,facebook,fb_08,NC,23.95,sold,BuyerA,38.79,
L004847,2026-06-28 21:36,roofing,facebook,fb_02,FL,25.37,sold,BuyerC,52.96,
L004848,2026-06-28 15:20,roofing,facebook,fb_08,TX,25.86,sold,BuyerD,32.48,
L004849,2026-06-28 11:51,windows,google,g_01,TX,26.56,sold,BuyerB,28.73,
L004850,2026-06-28 10:57,roofing,facebook,fb_06,TX,20.93,sold,BuyerC,50.39,
L004851,2026-06-28 17:58,bathroom,native,nt_01,IL,23.15,sold,BuyerB,42.84,
L004852,2026-06-28 20:51,roofing,facebook,fb_03,PA,24.04,sold,BuyerA,34.33,
L004853,2026-06-28 16:49,roofing,facebook,fb_03,PA,23.69,sold,BuyerA,35.27,
L004854,2026-06-28 21:29,roofing,facebook,fb_01,FL,25.65,sold,BuyerC,51.93,
L004855,2026-06-28 15:07,roofing,facebook,fb_02,TX,22.94,sold,BuyerC,51.77,
L004856,2026-06-28 11:21,windows,facebook,fb_02,FL,19.82,sold,BuyerB,29.67,
L004857,2026-06-28 13:15,bathroom,facebook,fb_05,MI,31.49,sold,BuyerE,39.69,
L004858,2026-06-28 9:07,roofing,facebook,fb_01,SC,21.68,sold,BuyerA,37.48,
L004859,2026-06-28 21:48,roofing,google,g_03,CO,32.91,sold,BuyerA,35.57,
L004860,2026-06-28 11:25,roofing,google,g_02,IN,37.49,sold,BuyerA,34.99,
L004861,2026-06-28 11:05,roofing,google,g_01,CA,27.87,sold,BuyerD,29.38,
L004862,2026-06-28 18:20,bathroom,facebook,fb_01,OH,27.03,sold,BuyerB,40.25,
L004863,2026-06-28 15:21,roofing,facebook,fb_01,FL,24.51,sold,BuyerC,50.55,
L004864,2026-06-28 10:21,bathroom,google,g_01,CA,41.66,sold,BuyerB,46.38,
L004865,2026-06-28 13:38,windows,facebook,fb_07,TX,16.16,returned,BuyerB,26.36,not_homeowner
L004866,2026-06-28 21:25,windows,google,g_01,NY,27.14,sold,BuyerB,31.9,
L004867,2026-06-28 16:44,roofing,facebook,fb_02,TX,25.43,sold,BuyerC,54.03,
L004868,2026-06-28 17:40,roofing,facebook,fb_05,NC,22.39,sold,BuyerD,29.59,
L004869,2026-06-28 17:42,windows,facebook,fb_03,OH,19.37,sold,BuyerB,26.03,
L004870,2026-06-28 10:50,roofing,facebook,fb_08,MO,21.25,sold,BuyerA,33.75,
L004871,2026-06-28 13:28,roofing,facebook,fb_02,FL,25.2,sold,BuyerC,52.92,
L004872,2026-06-28 16:33,windows,facebook,fb_07,NY,18.28,returned,BuyerB,28.78,not_homeowner
L004873,2026-06-28 8:27,roofing,google,g_04,CA,31.68,sold,BuyerD,32.39,
L004874,2026-06-28 10:35,roofing,facebook,fb_02,FL,23.68,sold,BuyerC,55.54,
L004875,2026-06-28 12:17,roofing,google,g_01,MO,32.04,sold,BuyerD,32.67,
L004876,2026-06-28 8:24,windows,google,g_04,OH,31.57,sold,BuyerB,27.55,
L004877,2026-06-28 8:10,windows,facebook,fb_04,IL,24.17,unsold,,,
L004878,2026-06-28 10:33,roofing,facebook,fb_08,NJ,26.62,sold,BuyerD,34.29,
L004879,2026-06-28 16:23,bathroom,facebook,fb_07,FL,22.32,sold,BuyerE,39.47,
L004880,2026-06-28 20:31,windows,facebook,fb_06,IL,18.18,sold,BuyerF,25.56,
L004881,2026-06-28 6:39,windows,google,g_01,CA,23.69,sold,BuyerB,30.03,
L004882,2026-06-28 6:46,roofing,facebook,fb_04,TX,20.64,unsold,,,
L004883,2026-06-28 18:17,bathroom,facebook,fb_01,IN,26.43,sold,BuyerE,40.11,
L004884,2026-06-28 16:31,bathroom,native,nt_01,CO,23.87,sold,BuyerE,36.32,
L004885,2026-06-28 12:44,roofing,facebook,fb_06,CO,22.82,sold,BuyerA,37.86,
L004886,2026-06-28 17:09,roofing,google,g_02,TX,32.09,sold,BuyerC,51.36,
L004887,2026-06-28 14:19,windows,facebook,fb_02,CA,23.46,sold,BuyerB,27.45,
L004888,2026-06-28 14:08,windows,google,g_01,AZ,30.56,sold,BuyerB,29.02,
L004889,2026-06-28 11:27,roofing,native,nt_02,CO,20.91,returned,BuyerA,36.34,no_answer
L004890,2026-06-28 11:06,bathroom,facebook,fb_08,ID,26.36,unsold,,,
L004891,2026-06-28 12:24,bathroom,facebook,fb_03,NY,22.73,returned,BuyerE,39.04,no_answer
L004892,2026-06-28 12:53,roofing,google,g_04,FL,27.9,unsold,,,
L004893,2026-06-28 14:25,bathroom,native,nt_02,CA,17.58,sold,BuyerE,39.57,
L004894,2026-06-28 20:09,roofing,google,g_02,CA,26.23,sold,BuyerA,38.37,
L004895,2026-06-28 14:45,windows,facebook,fb_02,FL,20.59,unsold,,,
L004896,2026-06-28 18:55,roofing,google,g_01,TX,37.25,sold,BuyerC,51.46,
L004897,2026-06-28 12:59,bathroom,facebook,fb_01,CO,26.21,sold,BuyerE,37.57,
L004898,2026-06-28 13:56,bathroom,facebook,fb_01,IL,27.08,returned,BuyerB,42.12,no_answer
L004899,2026-06-28 13:21,windows,facebook,fb_01,IN,23.34,returned,BuyerB,26.83,no_answer
L004900,2026-06-28 14:54,windows,google,g_01,OH,32.43,sold,BuyerB,29.86,
L004901,2026-06-28 11:22,windows,facebook,fb_01,TN,20.63,sold,BuyerA,27.11,
L004902,2026-06-28 13:25,windows,facebook,fb_01,GA,20.69,sold,BuyerB,28.82,
L004903,2026-06-28 14:47,windows,google,g_01,TN,23.49,sold,BuyerB,27.49,
L004904,2026-06-28 10:21,bathroom,google,g_03,ND,36.88,unsold,,,
L004905,2026-06-28 11:05,roofing,facebook,fb_03,CA,24.6,sold,BuyerD,36.62,
L004906,2026-06-28 19:50,bathroom,facebook,fb_02,VA,26.56,sold,BuyerE,38.36,
L004907,2026-06-28 11:21,roofing,facebook,fb_02,PA,22.77,sold,BuyerA,34.83,
L004908,2026-06-28 20:03,roofing,native,nt_01,TN,17.07,sold,BuyerA,36.03,
L004909,2026-06-28 13:57,roofing,facebook,fb_02,GA,21.45,sold,BuyerC,50.32,
L004910,2026-06-28 15:47,roofing,facebook,fb_02,FL,23.05,sold,BuyerD,31.74,
L004911,2026-06-28 9:01,windows,google,g_03,NC,25.45,returned,BuyerF,27.92,bad_number
L004912,2026-06-28 6:09,windows,native,nt_02,AZ,16.14,unsold,,,
L004913,2026-06-28 14:55,bathroom,facebook,fb_01,SC,19.84,sold,BuyerB,42.57,
L004914,2026-06-28 13:00,bathroom,google,g_03,OH,31.46,returned,BuyerB,41.05,out_of_service_area
L004915,2026-06-28 13:28,roofing,facebook,fb_02,NY,21.83,sold,BuyerD,34.17,
L004916,2026-06-28 8:35,windows,facebook,fb_06,AZ,22.15,sold,BuyerF,26.92,
L004917,2026-06-28 9:01,roofing,facebook,fb_02,SC,26.07,sold,BuyerD,33.62,
L004918,2026-06-28 16:23,windows,facebook,fb_08,GA,16.06,sold,BuyerB,27.25,
L004919,2026-06-28 16:35,roofing,google,g_01,OH,32.18,sold,BuyerD,33.86,
L004920,2026-06-28 18:29,windows,facebook,fb_05,NC,19.1,sold,BuyerF,27.92,
L004921,2026-06-28 13:47,roofing,facebook,fb_01,TX,27.52,unsold,,,
L004922,2026-06-28 12:14,windows,facebook,fb_02,IL,18.12,sold,BuyerF,27.23,
L004923,2026-06-28 16:49,windows,native,nt_02,IL,16.99,sold,BuyerB,28.12,
L004924,2026-06-28 12:57,roofing,google,g_01,CA,36.41,returned,BuyerD,33.48,no_answer
L004925,2026-06-28 15:57,windows,google,g_02,FL,31.85,sold,BuyerB,26.29,
L004926,2026-06-28 8:50,roofing,google,g_02,PA,32.7,sold,BuyerD,32.49,
L004927,2026-06-28 9:37,windows,facebook,fb_03,GA,20.59,sold,BuyerF,27.63,
L004928,2026-06-28 17:41,windows,facebook,fb_06,CA,21.33,sold,BuyerB,28.2,
L004929,2026-06-28 8:23,bathroom,google,g_03,TX,33.19,unsold,,,
L004930,2026-06-28 15:17,roofing,native,nt_01,NJ,18.91,sold,BuyerA,34.72,
L004931,2026-06-28 17:41,windows,facebook,fb_02,CA,18.3,sold,BuyerB,28.98,
L004932,2026-06-28 20:10,roofing,facebook,fb_01,TX,23.45,sold,BuyerC,51.2,
L004933,2026-06-28 19:27,roofing,facebook,fb_03,ID,19.53,sold,BuyerA,38.55,
L004934,2026-06-28 17:26,bathroom,native,nt_02,FL,21.74,sold,BuyerB,45.91,
L004935,2026-06-28 13:15,windows,facebook,fb_05,ND,17.35,sold,BuyerA,26.21,
L004936,2026-06-28 11:45,windows,facebook,fb_05,TX,21.57,sold,BuyerB,29.04,
L004937,2026-06-28 6:00,windows,native,nt_01,TX,15.67,returned,BuyerB,27.69,no_answer
L004938,2026-06-28 13:04,windows,native,nt_02,VA,15.23,sold,BuyerB,27.53,
L004939,2026-06-28 12:40,windows,google,g_04,TX,27.81,sold,BuyerB,29.09,
L004940,2026-06-28 14:34,roofing,native,nt_02,TX,18.73,sold,BuyerD,35.9,
L004941,2026-06-28 12:00,windows,facebook,fb_08,NY,21.2,sold,BuyerB,28.85,
L004942,2026-06-28 12:47,roofing,facebook,fb_07,TX,28.27,sold,BuyerA,38.1,
L004943,2026-06-28 13:18,roofing,google,g_03,FL,34.82,sold,BuyerC,51.46,
L004944,2026-06-28 12:38,roofing,facebook,fb_03,GA,24.43,sold,BuyerD,31.91,
L004945,2026-06-28 12:11,roofing,facebook,fb_04,CA,24.08,returned,BuyerD,33.03,changed_mind
L004946,2026-06-29 17:30,roofing,facebook,fb_01,CO,24.32,unsold,,,
L004947,2026-06-29 10:06,roofing,facebook,fb_08,TX,21.89,sold,BuyerC,51.87,
L004948,2026-06-29 16:25,roofing,google,g_02,TX,26.91,sold,BuyerC,52.37,
L004949,2026-06-29 9:31,roofing,facebook,fb_02,TX,22.45,sold,BuyerC,50.99,
L004950,2026-06-29 10:59,roofing,facebook,fb_01,SC,22.29,sold,BuyerD,32.99,
L004951,2026-06-29 7:39,bathroom,facebook,fb_06,CA,23.86,sold,BuyerB,46.05,
L004952,2026-06-29 13:34,roofing,native,nt_01,CA,23.07,sold,BuyerA,35.73,
L004953,2026-06-29 10:09,bathroom,facebook,fb_05,MO,31.79,returned,BuyerB,47.24,no_answer
L004954,2026-06-29 10:33,roofing,google,g_04,NJ,34.71,sold,BuyerD,34.15,
L004955,2026-06-29 19:17,roofing,facebook,fb_08,MI,21.55,unsold,,,
L004956,2026-06-29 10:27,bathroom,facebook,fb_01,FL,32.25,sold,BuyerB,43.59,
L004957,2026-06-29 17:14,windows,facebook,fb_03,OH,20.8,unsold,,,
L004958,2026-06-29 12:26,roofing,facebook,fb_06,MI,26.72,sold,BuyerD,36.9,
L004959,2026-06-29 7:50,roofing,facebook,fb_07,SC,29.56,sold,BuyerA,33.83,
L004960,2026-06-29 12:36,windows,facebook,fb_06,TX,21.21,sold,BuyerB,29.05,
L004961,2026-06-29 19:26,windows,facebook,fb_03,PA,17.1,sold,BuyerB,29.92,
L004962,2026-06-29 13:54,windows,google,g_03,PA,25.73,sold,BuyerB,30.77,
L004963,2026-06-29 11:10,windows,facebook,fb_05,MT,24.52,returned,BuyerB,26.87,bad_number
L004964,2026-06-29 8:55,roofing,google,g_02,AZ,23.54,unsold,,,
L004965,2026-06-29 13:48,windows,facebook,fb_01,OH,20.81,sold,BuyerB,27.95,
L004966,2026-06-29 17:26,roofing,facebook,fb_03,MO,24.48,sold,BuyerA,39.51,
L004967,2026-06-29 13:49,windows,facebook,fb_04,MI,19.73,sold,BuyerB,27.6,
L004968,2026-06-29 8:38,roofing,facebook,fb_05,CA,27.74,sold,BuyerA,33.13,
L004969,2026-06-29 10:43,roofing,facebook,fb_01,AZ,22.24,sold,BuyerA,31.18,
L004970,2026-06-29 6:06,roofing,facebook,fb_05,GA,23.02,sold,BuyerC,50.28,
L004971,2026-06-29 12:14,windows,facebook,fb_07,PA,16.48,sold,BuyerB,28.27,
L004972,2026-06-29 20:29,bathroom,google,g_03,TX,37.07,sold,BuyerB,42.77,
L004973,2026-06-29 10:21,windows,facebook,fb_07,CA,23.05,sold,BuyerB,29.61,
L004974,2026-06-29 16:55,roofing,facebook,fb_02,IN,19.9,sold,BuyerA,35.8,
L004975,2026-06-29 14:32,bathroom,google,g_03,GA,35.54,sold,BuyerE,40.68,
L004976,2026-06-29 14:55,bathroom,facebook,fb_07,FL,28.11,sold,BuyerB,44.34,
L004977,2026-06-29 19:49,windows,facebook,fb_05,NC,16.72,sold,BuyerA,27.42,
L004978,2026-06-29 12:09,roofing,facebook,fb_06,MI,20.96,sold,BuyerA,32.9,
L004979,2026-06-29 16:55,windows,facebook,fb_04,TX,18.07,sold,BuyerB,31.86,
L004980,2026-06-29 9:43,windows,facebook,fb_02,TX,21.01,sold,BuyerB,29.62,
L004981,2026-06-29 7:34,windows,google,g_04,AZ,24.13,sold,BuyerB,30.66,
L004982,2026-06-29 19:18,windows,facebook,fb_07,GA,17.1,unsold,,,
L004983,2026-06-29 11:29,windows,native,nt_01,CA,16.21,sold,BuyerB,26.54,
L004984,2026-06-29 16:44,roofing,facebook,fb_02,AZ,24.15,returned,BuyerD,36.17,no_answer
L004985,2026-06-29 13:16,windows,facebook,fb_01,PA,19.17,unsold,,,
L004986,2026-06-29 14:13,windows,facebook,fb_02,GA,18.76,sold,BuyerB,30.07,
L004987,2026-06-29 10:16,bathroom,facebook,fb_06,FL,26.97,sold,BuyerB,44.29,
L004988,2026-06-29 12:24,windows,google,g_02,TX,23.69,returned,BuyerB,28.19,no_answer
L004989,2026-06-29 19:58,windows,facebook,fb_02,CA,19.02,sold,BuyerB,31.04,
L004990,2026-06-29 7:13,bathroom,facebook,fb_04,CA,24.95,sold,BuyerB,40.92,
L004991,2026-06-29 10:02,windows,google,g_02,ND,30.5,sold,BuyerB,28.86,
L004992,2026-06-29 13:52,roofing,facebook,fb_07,SC,21.03,sold,BuyerD,32.56,
L004993,2026-06-29 9:51,bathroom,facebook,fb_02,CA,27.25,sold,BuyerB,45.23,
L004994,2026-06-29 6:12,windows,facebook,fb_08,FL,20.23,sold,BuyerB,28.73,
L004995,2026-06-29 18:24,bathroom,facebook,fb_01,MT,22.75,sold,BuyerE,36.52,
L004996,2026-06-29 15:05,bathroom,native,nt_01,CA,20.17,sold,BuyerB,45.2,
L004997,2026-06-29 18:53,bathroom,facebook,fb_07,CA,24.4,unsold,,,
L004998,2026-06-29 21:58,bathroom,facebook,fb_08,NY,26.85,sold,BuyerB,45.23,
L004999,2026-06-29 18:34,bathroom,facebook,fb_04,TN,26.71,sold,BuyerE,35.96,
L005000,2026-06-29 9:28,roofing,google,g_01,ND,31.78,unsold,,,
L005001,2026-06-29 15:01,roofing,native,nt_02,IL,22.7,sold,BuyerA,35.15,
L005002,2026-06-29 15:59,bathroom,facebook,fb_02,CO,30.74,sold,BuyerB,44.25,
L005003,2026-06-29 7:04,roofing,native,nt_01,VA,17.25,sold,BuyerD,32.14,
L005004,2026-06-29 15:59,roofing,facebook,fb_02,AZ,23.58,sold,BuyerD,33.69,
L005005,2026-06-29 9:23,bathroom,google,g_02,MT,34.84,unsold,,,
L005006,2026-06-29 18:41,windows,facebook,fb_01,WY,16.46,sold,BuyerB,27.99,
L005007,2026-06-29 11:58,bathroom,google,g_03,GA,40.17,sold,BuyerB,44.8,
L005008,2026-06-29 22:21,bathroom,native,nt_01,TX,22.74,sold,BuyerE,39.56,
L005009,2026-06-29 16:39,roofing,facebook,fb_06,WY,17.82,sold,BuyerD,32.5,
L005010,2026-06-29 6:01,roofing,facebook,fb_07,FL,19.61,sold,BuyerC,49.95,
L005011,2026-06-29 13:40,bathroom,facebook,fb_05,WY,30.82,sold,BuyerE,40.78,
L005012,2026-06-29 20:10,windows,google,g_01,GA,25.04,sold,BuyerF,28.18,
L005013,2026-06-29 15:24,roofing,facebook,fb_06,TX,25.82,sold,BuyerC,51.36,
L005014,2026-06-29 17:18,bathroom,facebook,fb_07,OH,19.7,sold,BuyerB,48.61,
L005015,2026-06-29 12:29,roofing,facebook,fb_03,FL,25.82,unsold,,,
L005016,2026-06-29 22:11,windows,facebook,fb_05,TN,21.13,returned,BuyerA,29.43,not_homeowner
L005017,2026-06-29 15:09,roofing,facebook,fb_04,TX,17.62,sold,BuyerC,52.09,
L005018,2026-06-29 11:39,windows,facebook,fb_05,TN,24.72,sold,BuyerB,28.03,
L005019,2026-06-29 19:02,windows,google,g_01,TX,32.09,sold,BuyerA,26.91,
L005020,2026-06-29 14:19,windows,native,nt_01,TX,18.34,sold,BuyerB,28.84,
L005021,2026-06-29 14:29,roofing,facebook,fb_01,IN,25.72,sold,BuyerD,32.15,
L005022,2026-06-29 15:20,roofing,google,g_01,AZ,25.75,returned,BuyerD,35.74,changed_mind
L005023,2026-06-29 20:34,windows,google,g_01,NC,26.99,returned,BuyerF,27.82,duplicate
L005024,2026-06-29 10:28,roofing,facebook,fb_06,IN,22.8,sold,BuyerA,37.46,
L005025,2026-06-29 20:51,bathroom,facebook,fb_01,GA,20.13,sold,BuyerB,43.61,
L005026,2026-06-29 17:23,bathroom,facebook,fb_06,CA,31.01,returned,BuyerE,38.59,duplicate
L005027,2026-06-29 14:27,bathroom,google,g_02,GA,37.42,sold,BuyerE,39.21,
L005028,2026-06-29 17:23,bathroom,google,g_03,FL,37.01,returned,BuyerE,36.55,not_homeowner
L005029,2026-06-29 12:38,windows,facebook,fb_02,FL,18.63,returned,BuyerB,28.64,no_answer
L005030,2026-06-29 16:03,roofing,google,g_01,VA,33.26,sold,BuyerD,36.03,
L005031,2026-06-29 9:18,roofing,facebook,fb_06,PA,26.09,sold,BuyerA,36.63,
L005032,2026-06-29 13:08,roofing,google,g_02,IL,24.46,sold,BuyerA,38.77,
L005033,2026-06-29 14:38,bathroom,native,nt_02,TX,23.35,sold,BuyerB,40.94,
L005034,2026-06-29 14:38,bathroom,facebook,fb_07,CA,25.05,sold,BuyerE,37.94,
L005035,2026-06-29 16:31,bathroom,facebook,fb_06,NJ,23.26,sold,BuyerB,44.87,
L005036,2026-06-29 15:56,windows,google,g_03,CA,26.7,sold,BuyerB,30.17,
L005037,2026-06-29 17:37,bathroom,native,nt_01,MO,20.36,sold,BuyerB,43.37,
L005038,2026-06-29 6:34,windows,facebook,fb_05,TX,19.24,sold,BuyerB,29.61,
L005039,2026-06-29 16:04,roofing,facebook,fb_02,VA,18.72,sold,BuyerA,37.46,
L005040,2026-06-29 9:08,roofing,facebook,fb_01,SC,22.96,sold,BuyerA,33.79,
L005041,2026-06-29 9:23,windows,facebook,fb_07,GA,23.07,sold,BuyerF,26.59,
L005042,2026-06-29 17:16,bathroom,facebook,fb_03,TX,30.14,sold,BuyerE,45.17,
L005043,2026-06-29 14:33,windows,facebook,fb_04,PA,16.18,sold,BuyerB,27.39,
L005044,2026-06-29 15:45,windows,google,g_04,ND,27.91,unsold,,,
L005045,2026-06-29 15:37,roofing,native,nt_01,FL,19.03,sold,BuyerC,52.54,
L005046,2026-06-29 14:36,roofing,facebook,fb_07,GA,21.62,sold,BuyerC,52.12,
L005047,2026-06-29 13:47,roofing,facebook,fb_03,MT,21.31,sold,BuyerD,33.46,
L005048,2026-06-29 14:45,bathroom,native,nt_01,OH,23.82,sold,BuyerB,44.52,
L005049,2026-06-29 17:50,windows,facebook,fb_08,TX,17.06,sold,BuyerB,28.59,
L005050,2026-06-29 16:29,roofing,native,nt_01,NC,20.42,sold,BuyerD,30.83,
L005051,2026-06-29 16:06,roofing,facebook,fb_01,MT,25.46,returned,BuyerA,37.5,duplicate
L005052,2026-06-29 16:10,bathroom,facebook,fb_02,FL,24.98,sold,BuyerB,44.02,
L005053,2026-06-29 16:47,bathroom,google,g_04,NJ,32.07,sold,BuyerB,41.95,
L005054,2026-06-29 13:09,windows,google,g_03,TX,24.04,sold,BuyerB,28.48,
L005055,2026-06-29 17:19,windows,facebook,fb_05,MT,17.5,sold,BuyerF,27.69,
L005056,2026-06-29 19:15,bathroom,facebook,fb_02,GA,23.45,sold,BuyerB,46.56,
L005057,2026-06-29 17:19,roofing,facebook,fb_04,IL,26.13,sold,BuyerA,34.13,
L005058,2026-06-29 14:02,roofing,facebook,fb_07,GA,22.14,sold,BuyerC,52.18,
L005059,2026-06-29 13:43,roofing,google,g_02,IL,31.05,sold,BuyerD,32.2,
L005060,2026-06-29 8:19,bathroom,facebook,fb_02,VA,28.54,sold,BuyerE,39.45,
L005061,2026-06-29 19:35,bathroom,google,g_01,IN,36.58,sold,BuyerB,45.52,
L005062,2026-06-29 15:48,windows,facebook,fb_07,MI,16.76,sold,BuyerB,28.21,
L005063,2026-06-29 14:13,bathroom,google,g_03,PA,35.61,sold,BuyerB,47.48,
L005064,2026-06-29 9:27,roofing,google,g_01,FL,30.55,sold,BuyerC,52.02,
L005065,2026-06-29 11:24,roofing,facebook,fb_08,TX,22.85,sold,BuyerA,36.44,
L005066,2026-06-29 17:23,windows,google,g_02,OH,22.1,sold,BuyerA,27.79,
L005067,2026-06-29 6:52,bathroom,google,g_04,CA,38.57,returned,BuyerB,43.39,duplicate
L005068,2026-06-29 6:38,roofing,google,g_04,TX,30.79,sold,BuyerC,49.91,
L005069,2026-06-29 13:38,roofing,google,g_04,FL,29.39,sold,BuyerC,51.18,
L005070,2026-06-29 14:42,bathroom,native,nt_02,PA,21.66,sold,BuyerB,44.4,
L005071,2026-06-29 6:39,bathroom,facebook,fb_07,FL,25.26,sold,BuyerE,45.19,
L005072,2026-06-29 17:37,bathroom,native,nt_02,TX,16.21,sold,BuyerE,39.62,
L005073,2026-06-29 12:39,roofing,facebook,fb_01,VA,24.81,returned,BuyerD,33.28,bad_number
L005074,2026-06-29 8:16,windows,facebook,fb_07,CA,22.52,sold,BuyerB,28.06,
L005075,2026-06-29 9:34,roofing,google,g_02,FL,24.18,sold,BuyerC,54.61,
L005076,2026-06-29 11:24,windows,facebook,fb_06,NJ,17.22,sold,BuyerB,29.28,
L005077,2026-06-29 19:08,roofing,google,g_01,FL,31.37,sold,BuyerD,29.94,
L005078,2026-06-29 10:43,windows,facebook,fb_02,FL,20.54,sold,BuyerB,29.2,
L005079,2026-06-29 12:45,windows,facebook,fb_06,TX,18.37,sold,BuyerB,27.75,
L005080,2026-06-29 13:03,roofing,facebook,fb_01,OH,20.75,sold,BuyerD,35.02,
L005081,2026-06-29 21:39,roofing,native,nt_02,CA,21.06,sold,BuyerA,35.92,
L005082,2026-06-29 17:28,windows,google,g_02,IL,27.95,sold,BuyerF,27.87,
L005083,2026-06-29 10:05,windows,google,g_02,GA,25.04,unsold,,,
L005084,2026-06-29 15:31,bathroom,facebook,fb_04,CA,29.24,unsold,,,
L005085,2026-06-29 14:44,bathroom,facebook,fb_04,CO,28.73,sold,BuyerE,37.93,
L005086,2026-06-29 14:17,windows,facebook,fb_07,TX,22.19,sold,BuyerB,29,
L005087,2026-06-29 20:42,windows,facebook,fb_01,MI,19.48,sold,BuyerB,27.52,
L005088,2026-06-29 11:19,bathroom,native,nt_01,CA,20.7,sold,BuyerB,46.98,
L005089,2026-06-29 8:51,windows,google,g_02,NY,18.87,unsold,,,
L005090,2026-06-29 7:58,bathroom,facebook,fb_07,TN,26.9,sold,BuyerB,45.31,
L005091,2026-06-29 14:00,roofing,google,g_01,IN,30.44,sold,BuyerA,36.41,
L005092,2026-06-29 8:14,windows,facebook,fb_05,NJ,22.25,sold,BuyerB,28,
L005093,2026-06-29 23:58,roofing,native,nt_02,TN,16.74,sold,BuyerA,37.72,
L005094,2026-06-29 13:55,bathroom,facebook,fb_04,CA,26.61,sold,BuyerE,40.41,
L005095,2026-06-29 10:15,bathroom,facebook,fb_03,TX,28.95,sold,BuyerB,41.23,
L005096,2026-06-29 17:17,windows,facebook,fb_04,OH,21.53,unsold,,,
L005097,2026-06-29 10:56,roofing,facebook,fb_01,TX,22.33,sold,BuyerC,52.18,
L005098,2026-06-29 17:28,roofing,google,g_04,TX,31.22,sold,BuyerA,36.15,
L005099,2026-06-29 8:44,windows,facebook,fb_05,FL,21.19,sold,BuyerB,28.76,
L005100,2026-06-29 8:17,roofing,google,g_04,MO,18.59,sold,BuyerD,33.56,
L005101,2026-06-29 18:14,roofing,facebook,fb_04,TX,27.14,sold,BuyerA,36.66,
L005102,2026-06-29 12:57,windows,facebook,fb_02,MT,21.55,sold,BuyerF,26.16,
L005103,2026-06-29 16:33,windows,google,g_02,FL,30.57,sold,BuyerB,28.41,
L005104,2026-06-29 20:01,roofing,google,g_02,IN,28.98,sold,BuyerA,32.18,
L005105,2026-06-29 17:25,roofing,google,g_04,TX,29.13,sold,BuyerA,36.8,
L005106,2026-06-29 20:02,bathroom,facebook,fb_04,MO,27.89,sold,BuyerB,44.31,
L005107,2026-06-29 17:51,roofing,native,nt_02,NC,21.3,sold,BuyerA,35.76,
L005108,2026-06-29 10:33,roofing,google,g_02,TX,33.26,sold,BuyerA,34.11,
L005109,2026-06-29 12:50,bathroom,facebook,fb_01,FL,23.53,returned,BuyerE,37.24,changed_mind
L005110,2026-06-29 15:53,roofing,google,g_02,AZ,33.53,returned,BuyerD,34.08,bad_number
L005111,2026-06-29 16:35,roofing,facebook,fb_03,TN,17.62,sold,BuyerA,35.44,
L005112,2026-06-29 16:48,windows,google,g_03,TX,32.45,sold,BuyerB,27.77,
L005113,2026-06-29 15:17,bathroom,google,g_02,IL,39.58,sold,BuyerB,37.61,
L005114,2026-06-29 15:36,roofing,google,g_02,FL,31.2,sold,BuyerA,38.02,
L005115,2026-06-29 11:01,roofing,facebook,fb_01,MT,17.84,sold,BuyerD,34.47,
L005116,2026-06-29 9:50,windows,facebook,fb_02,GA,22.43,sold,BuyerF,28.8,
L005117,2026-06-29 16:08,bathroom,facebook,fb_03,SC,25.33,sold,BuyerE,37.77,
L005118,2026-06-29 20:47,roofing,facebook,fb_04,TX,19.75,sold,BuyerD,31.68,
L005119,2026-06-29 9:02,roofing,facebook,fb_01,NC,21.09,sold,BuyerA,37.6,
L005120,2026-06-29 12:11,windows,google,g_04,MI,22.74,sold,BuyerB,27.01,
L005121,2026-06-29 15:02,windows,facebook,fb_07,MT,21.09,returned,BuyerB,28.72,not_homeowner
L005122,2026-06-29 11:46,windows,facebook,fb_06,TX,21.35,sold,BuyerB,28.99,
L005123,2026-06-29 12:08,roofing,google,g_04,TX,24.03,sold,BuyerA,35.99,
L005124,2026-06-29 17:16,roofing,facebook,fb_02,SC,21.87,sold,BuyerA,35.56,
L005125,2026-06-29 14:03,windows,facebook,fb_05,TX,18.64,returned,BuyerB,27.53,no_answer
L005126,2026-06-29 13:38,roofing,google,g_04,FL,28.57,sold,BuyerA,36.38,
L005127,2026-06-29 9:45,bathroom,facebook,fb_08,ND,26.61,unsold,,,
L005128,2026-06-29 16:18,roofing,facebook,fb_04,MT,21.96,sold,BuyerA,36.57,
L005129,2026-06-29 9:43,roofing,google,g_03,CA,26.93,sold,BuyerA,35.43,
L005130,2026-06-29 10:57,windows,google,g_01,GA,27.85,returned,BuyerB,27.23,out_of_service_area
L005131,2026-06-29 10:34,bathroom,facebook,fb_04,MI,24.91,sold,BuyerE,42.47,
L005132,2026-06-29 16:10,windows,google,g_04,CA,28.51,sold,BuyerB,28.15,
L005133,2026-06-30 16:57,windows,facebook,fb_07,NC,17.11,sold,BuyerB,29.26,
L005134,2026-06-30 10:47,roofing,google,g_04,TX,31.12,sold,BuyerC,53.74,
L005135,2026-06-30 23:37,roofing,facebook,fb_06,AZ,23.65,sold,BuyerA,35.22,
L005136,2026-06-30 12:38,roofing,facebook,fb_01,AZ,20.62,sold,BuyerD,35.69,
L005137,2026-06-30 13:41,roofing,facebook,fb_05,ID,19.44,sold,BuyerD,33.58,
L005138,2026-06-30 12:18,roofing,facebook,fb_05,NC,21.47,sold,BuyerA,34.7,
L005139,2026-06-30 13:37,windows,google,g_03,OH,28.07,sold,BuyerF,28.34,
L005140,2026-06-30 14:54,bathroom,facebook,fb_01,AZ,27.42,sold,BuyerE,41.62,
L005141,2026-06-30 14:52,roofing,native,nt_01,CA,16.45,sold,BuyerD,32.89,
L005142,2026-06-30 14:59,bathroom,facebook,fb_01,VA,24.65,sold,BuyerE,39.38,
L005143,2026-06-30 8:04,windows,facebook,fb_03,OH,18.78,sold,BuyerB,27.01,
L005144,2026-06-30 11:02,windows,facebook,fb_01,FL,24.53,sold,BuyerA,26.04,
L005145,2026-06-30 13:48,windows,facebook,fb_03,WY,21.65,sold,BuyerB,28.54,
L005146,2026-06-30 12:46,windows,facebook,fb_01,SC,19.51,unsold,,,
L005147,2026-06-30 13:11,roofing,native,nt_02,GA,21.66,sold,BuyerC,51.98,
L005148,2026-06-30 14:07,roofing,google,g_03,PA,33.75,sold,BuyerA,34.97,
L005149,2026-06-30 20:12,windows,facebook,fb_02,CO,24.26,sold,BuyerB,27.79,
L005150,2026-06-30 21:19,windows,facebook,fb_08,IL,17.97,unsold,,,
L005151,2026-06-30 7:30,bathroom,facebook,fb_06,FL,32.71,sold,BuyerB,44.78,
L005152,2026-06-30 16:51,windows,google,g_02,ND,29.32,sold,BuyerB,29.83,
L005153,2026-06-30 15:12,windows,google,g_04,NC,23.83,sold,BuyerB,29.64,
L005154,2026-06-30 15:37,roofing,native,nt_02,TX,18.85,sold,BuyerC,52.36,
L005155,2026-06-30 17:33,roofing,facebook,fb_08,FL,24.18,sold,BuyerC,50.92,
L005156,2026-06-30 11:44,bathroom,google,g_04,TX,40.35,sold,BuyerB,45.29,
L005157,2026-06-30 17:34,windows,facebook,fb_07,WY,18.86,returned,BuyerA,26.42,not_homeowner
L005158,2026-06-30 6:53,windows,native,nt_01,NJ,16.27,sold,BuyerF,28.91,
L005159,2026-06-30 17:36,windows,google,g_02,GA,28.63,returned,BuyerF,27.08,no_answer
L005160,2026-06-30 14:15,windows,facebook,fb_06,IN,17.07,unsold,,,
L005161,2026-06-30 20:06,bathroom,facebook,fb_01,VA,30.92,sold,BuyerE,41.21,
L005162,2026-06-30 17:16,bathroom,facebook,fb_07,TX,18.12,sold,BuyerB,43.76,
L005163,2026-06-30 22:06,windows,facebook,fb_03,NC,23.62,sold,BuyerB,26.97,
L005164,2026-06-30 12:02,windows,native,nt_01,SC,16.52,unsold,,,
L005165,2026-06-30 13:13,windows,facebook,fb_01,TX,18.44,sold,BuyerB,29.51,
L005166,2026-06-30 17:55,windows,facebook,fb_04,CA,20.01,returned,BuyerB,29.81,changed_mind
L005167,2026-06-30 10:11,windows,facebook,fb_07,FL,22.43,returned,BuyerB,26.53,bad_number
L005168,2026-06-30 11:27,roofing,facebook,fb_07,TX,22.36,sold,BuyerC,52.84,
L005169,2026-06-30 14:20,roofing,google,g_04,TX,28.97,sold,BuyerC,53.4,
L005170,2026-06-30 12:12,bathroom,google,g_03,IL,28.28,sold,BuyerB,46.31,
L005171,2026-06-30 18:14,windows,google,g_04,PA,31.68,sold,BuyerB,27.98,
L005172,2026-06-30 20:38,bathroom,facebook,fb_08,IL,26.09,sold,BuyerB,48.36,
L005173,2026-06-30 11:38,bathroom,native,nt_01,CA,22.55,unsold,,,
L005174,2026-06-30 11:00,roofing,facebook,fb_02,IL,20.94,sold,BuyerD,29.63,
L005175,2026-06-30 9:12,bathroom,google,g_01,TX,39.86,sold,BuyerB,43.24,
L005176,2026-06-30 6:37,roofing,facebook,fb_02,GA,28.21,sold,BuyerD,34.15,
L005177,2026-06-30 20:53,windows,google,g_02,TN,23.29,sold,BuyerB,26.78,
L005178,2026-06-30 12:00,bathroom,facebook,fb_02,FL,28.24,sold,BuyerB,43.02,
L005179,2026-06-30 6:21,roofing,facebook,fb_04,NJ,19.7,sold,BuyerD,39.7,
L005180,2026-06-30 9:37,bathroom,facebook,fb_01,TN,26.36,returned,BuyerB,42.4,not_homeowner
L005181,2026-06-30 14:50,windows,facebook,fb_03,MI,18.9,sold,BuyerB,29.59,
L005182,2026-06-30 16:44,roofing,native,nt_02,OH,18.08,sold,BuyerD,35.24,
L005183,2026-06-30 18:48,bathroom,facebook,fb_04,AZ,30.59,sold,BuyerB,41.67,
L005184,2026-06-30 11:06,windows,facebook,fb_08,MI,17.78,sold,BuyerB,30.55,
L005185,2026-06-30 23:51,bathroom,facebook,fb_04,TX,29.44,sold,BuyerB,46.13,
L005186,2026-06-30 17:18,roofing,facebook,fb_01,IL,22.24,sold,BuyerA,32.89,
L005187,2026-06-30 19:55,bathroom,facebook,fb_07,NC,26.02,sold,BuyerE,40.41,
L005188,2026-06-30 9:11,roofing,facebook,fb_08,CA,25.72,sold,BuyerD,35.56,
L005189,2026-06-30 23:00,windows,facebook,fb_03,PA,17.29,returned,BuyerB,28.68,out_of_service_area
L005190,2026-06-30 10:21,roofing,facebook,fb_03,PA,22.87,sold,BuyerA,40.09,
L005191,2026-06-30 13:14,roofing,facebook,fb_03,NC,20.79,sold,BuyerA,37.74,
L005192,2026-06-30 17:48,bathroom,facebook,fb_04,PA,25.44,sold,BuyerB,47.1,
L005193,2026-06-30 13:37,roofing,facebook,fb_01,FL,18.33,sold,BuyerC,49.95,
L005194,2026-06-30 6:48,bathroom,google,g_03,TN,38.02,sold,BuyerE,37.13,
L005195,2026-06-30 20:25,windows,facebook,fb_02,NC,18.12,sold,BuyerB,28.34,
L005196,2026-06-30 19:25,roofing,facebook,fb_01,NC,20.3,unsold,,,
L005197,2026-06-30 15:03,windows,google,g_03,TX,31.28,returned,BuyerB,27.26,duplicate
L005198,2026-06-30 14:20,roofing,facebook,fb_07,FL,21.43,sold,BuyerC,53.51,
L005199,2026-06-30 15:05,windows,google,g_03,MO,25.93,sold,BuyerF,27.41,
L005200,2026-06-30 14:11,bathroom,facebook,fb_07,CA,31.11,unsold,,,
L005201,2026-06-30 14:37,bathroom,facebook,fb_01,FL,23.68,sold,BuyerB,42.33,
L005202,2026-06-30 12:54,roofing,facebook,fb_03,TN,24.54,sold,BuyerA,34.63,
L005203,2026-06-30 18:19,roofing,native,nt_01,CA,19.9,unsold,,,
L005204,2026-06-30 15:59,roofing,facebook,fb_05,NC,13.03,sold,BuyerA,37.23,
L005205,2026-06-30 19:15,bathroom,google,g_01,OH,35.4,sold,BuyerB,46.7,
L005206,2026-06-30 14:16,roofing,facebook,fb_04,FL,23.23,sold,BuyerC,51.24,
L005207,2026-06-30 22:39,roofing,facebook,fb_02,TX,23.83,sold,BuyerC,50.58,
L005208,2026-06-30 17:35,windows,facebook,fb_07,GA,25.82,returned,BuyerB,25.07,not_homeowner
L005209,2026-06-30 17:37,bathroom,facebook,fb_05,VA,29.36,sold,BuyerB,43.48,
L005210,2026-06-30 13:47,roofing,facebook,fb_04,FL,21.43,sold,BuyerC,51.6,
L005211,2026-06-30 10:23,roofing,facebook,fb_01,GA,18.77,sold,BuyerC,49.66,
L005212,2026-06-30 18:00,roofing,facebook,fb_01,NJ,23.6,sold,BuyerD,31.94,
L005213,2026-06-30 14:23,bathroom,facebook,fb_07,NY,27.76,sold,BuyerB,42.81,
L005214,2026-06-30 21:38,bathroom,facebook,fb_08,AZ,31.53,sold,BuyerB,46.25,
L005215,2026-06-30 18:38,windows,facebook,fb_03,GA,20.54,sold,BuyerB,28.97,
L005216,2026-06-30 13:25,windows,facebook,fb_03,CA,18.51,returned,BuyerB,28.13,no_answer
L005217,2026-06-30 18:37,roofing,facebook,fb_03,TX,24.98,sold,BuyerC,53.38,
L005218,2026-06-30 20:18,roofing,google,g_02,FL,27.25,sold,BuyerC,53.73,
L005219,2026-06-30 16:47,bathroom,google,g_01,PA,27.59,sold,BuyerE,40.1,
L005220,2026-06-30 19:47,roofing,google,g_04,TX,24.45,sold,BuyerC,50.08,
L005221,2026-06-30 18:56,roofing,google,g_04,CO,33.24,sold,BuyerA,35.98,
L005222,2026-06-30 15:59,roofing,facebook,fb_04,TN,23.78,sold,BuyerD,32.25,
L005223,2026-06-30 14:04,windows,facebook,fb_06,OH,20.98,sold,BuyerB,25.79,
L005224,2026-06-30 14:16,roofing,native,nt_02,TN,18.62,sold,BuyerA,36.63,
L005225,2026-06-30 15:09,bathroom,facebook,fb_04,PA,22.34,returned,BuyerB,45.43,no_answer
L005226,2026-06-30 8:16,bathroom,native,nt_01,MI,22.9,sold,BuyerB,45.08,
L005227,2026-06-30 18:13,windows,native,nt_01,PA,14.89,sold,BuyerB,28.75,
L005228,2026-06-30 12:39,bathroom,facebook,fb_06,TX,27.96,sold,BuyerB,43.4,
L005229,2026-06-30 17:49,windows,facebook,fb_02,CA,18.19,sold,BuyerB,28.88,
L005230,2026-06-30 17:59,roofing,facebook,fb_07,AZ,22.49,sold,BuyerA,34.88,
L005231,2026-06-30 8:37,roofing,facebook,fb_01,TX,21.4,returned,BuyerD,34.56,bad_number
L005232,2026-06-30 18:06,roofing,facebook,fb_04,VA,22.54,sold,BuyerA,35.79,
L005233,2026-06-30 9:27,bathroom,facebook,fb_08,OH,27.25,unsold,,,
L005234,2026-06-30 10:11,bathroom,native,nt_01,AZ,20.33,sold,BuyerB,42.76,
L005235,2026-06-30 10:14,roofing,facebook,fb_01,MT,25.29,sold,BuyerA,38.28,
L005236,2026-06-30 16:41,roofing,native,nt_01,IN,18.3,sold,BuyerA,38.08,
L005237,2026-06-30 12:18,windows,facebook,fb_01,FL,20.27,sold,BuyerB,26.67,
L005238,2026-06-30 15:58,bathroom,facebook,fb_02,CO,26.3,sold,BuyerB,42.7,
L005239,2026-06-30 13:13,roofing,facebook,fb_01,CO,20.34,unsold,,,
L005240,2026-06-30 14:23,roofing,facebook,fb_01,FL,23.38,sold,BuyerA,35.94,
L005241,2026-06-30 21:50,windows,google,g_01,NC,29.92,sold,BuyerF,27.71,
L005242,2026-06-30 13:42,roofing,facebook,fb_01,IL,26.69,returned,BuyerA,35.19,changed_mind
L005243,2026-06-30 12:35,windows,facebook,fb_07,IL,18.08,returned,BuyerF,27.63,not_homeowner
L005244,2026-06-30 16:24,bathroom,facebook,fb_05,SC,23.91,sold,BuyerE,43.61,
L005245,2026-06-30 22:46,windows,facebook,fb_07,OH,21.77,returned,BuyerF,27.51,not_homeowner
L005246,2026-06-30 15:27,roofing,facebook,fb_01,GA,25.82,sold,BuyerD,34.03,
L005247,2026-06-30 21:50,bathroom,facebook,fb_08,AZ,25.29,sold,BuyerE,42.62,
L005248,2026-06-30 15:38,bathroom,google,g_04,GA,38.74,unsold,,,
L005249,2026-06-30 6:33,windows,facebook,fb_03,NC,17.19,returned,BuyerB,28.99,not_homeowner
L005250,2026-06-30 13:26,windows,facebook,fb_05,FL,22.79,sold,BuyerB,28.74,
L005251,2026-06-30 22:19,roofing,facebook,fb_03,NJ,23.57,sold,BuyerD,34.91,
L005252,2026-06-30 10:09,roofing,google,g_04,GA,27.85,sold,BuyerD,33.67,
L005253,2026-06-30 18:32,roofing,facebook,fb_03,MI,24.58,sold,BuyerA,33.89,
L005254,2026-06-30 11:35,roofing,native,nt_01,OH,24.91,sold,BuyerA,37.84,
L005255,2026-06-30 15:32,windows,native,nt_02,FL,16.8,sold,BuyerB,28.27,
L005256,2026-06-30 21:58,windows,native,nt_01,TX,13.99,sold,BuyerB,26.92,
L005257,2026-06-30 10:06,roofing,facebook,fb_04,FL,23.48,returned,BuyerA,37.87,changed_mind
L005258,2026-06-30 16:18,bathroom,facebook,fb_07,OH,20.84,returned,BuyerE,42.16,bad_number
L005259,2026-06-30 19:26,roofing,native,nt_01,GA,16.13,sold,BuyerA,38.75,
L005260,2026-06-30 19:58,bathroom,facebook,fb_03,MO,26.75,sold,BuyerE,36.67,
L005261,2026-06-30 17:46,bathroom,facebook,fb_07,MO,26.02,sold,BuyerB,44.16,
L005262,2026-06-30 18:39,windows,facebook,fb_05,TX,22.6,sold,BuyerB,28.43,
L005263,2026-06-30 13:26,roofing,facebook,fb_01,VA,24.3,sold,BuyerA,35.42,
L005264,2026-06-30 15:24,bathroom,google,g_03,ND,38.68,unsold,,,
L005265,2026-06-30 9:28,bathroom,facebook,fb_02,CO,30.79,sold,BuyerE,38.98,
L005266,2026-06-30 23:56,windows,facebook,fb_07,FL,19.23,returned,BuyerF,27.89,no_answer
L005267,2026-06-30 12:07,bathroom,facebook,fb_02,CO,23.78,sold,BuyerB,45.14,
L005268,2026-06-30 11:05,bathroom,facebook,fb_07,IN,23.81,sold,BuyerB,42.91,
L005269,2026-06-30 21:38,bathroom,facebook,fb_06,FL,27.85,sold,BuyerB,45.37,
L005270,2026-06-30 9:52,windows,facebook,fb_05,GA,19.06,sold,BuyerB,26.66,
L005271,2026-06-30 19:29,bathroom,facebook,fb_01,CA,22.84,sold,BuyerB,48.6,
L005272,2026-06-30 21:18,roofing,facebook,fb_03,CA,25.11,sold,BuyerD,34.6,
L005273,2026-06-30 9:52,roofing,facebook,fb_06,NC,25.69,returned,BuyerD,30.5,no_answer
L005274,2026-06-30 19:32,roofing,google,g_01,ID,24.92,sold,BuyerD,33.77,
L005275,2026-06-30 22:24,roofing,google,g_01,SC,32.76,sold,BuyerA,36.1,
L005276,2026-06-30 18:53,bathroom,native,nt_02,OH,20.2,sold,BuyerE,37.32,
L005277,2026-06-30 9:36,bathroom,facebook,fb_04,TX,23.35,sold,BuyerB,41.76,
L005278,2026-06-30 13:04,windows,google,g_01,MI,30.13,returned,BuyerB,28.35,no_answer
L005279,2026-06-30 17:56,windows,facebook,fb_01,IL,18.71,sold,BuyerB,29.95,
L005280,2026-06-30 22:59,windows,facebook,fb_03,PA,20.32,sold,BuyerF,28.9,
L005281,2026-06-30 18:08,bathroom,google,g_03,CO,32.19,sold,BuyerB,45.1,
L005282,2026-06-30 20:10,bathroom,native,nt_01,AZ,19.43,sold,BuyerB,42.51,
L005283,2026-06-30 7:20,windows,facebook,fb_04,GA,18.84,sold,BuyerB,25.88,
L005284,2026-06-30 16:33,windows,facebook,fb_06,MI,18.65,returned,BuyerB,28.98,not_homeowner
L005285,2026-06-30 17:30,windows,facebook,fb_01,GA,22.4,sold,BuyerF,27.29,
L005286,2026-06-30 16:37,bathroom,facebook,fb_03,OH,29.03,sold,BuyerE,37.3,
L005287,2026-06-30 21:35,roofing,facebook,fb_01,TX,20.48,sold,BuyerA,35.58,
L005288,2026-06-30 11:12,windows,facebook,fb_03,FL,18.75,sold,BuyerF,26.34,
L005289,2026-06-30 9:43,bathroom,google,g_02,GA,31.58,sold,BuyerE,37.75,
L005290,2026-06-30 16:24,roofing,facebook,fb_04,AZ,21.31,sold,BuyerA,32.95,
L005291,2026-06-30 16:19,roofing,google,g_02,TX,32.61,sold,BuyerA,38.93,
L005292,2026-06-30 18:00,roofing,facebook,fb_03,MO,19.65,sold,BuyerA,33.81,
L005293,2026-06-30 18:56,windows,facebook,fb_03,AZ,19.76,sold,BuyerF,27.04,
L005294,2026-06-30 20:56,roofing,facebook,fb_07,CO,25.18,returned,BuyerA,36.44,changed_mind
L005295,2026-06-30 15:27,bathroom,facebook,fb_01,MI,26.34,sold,BuyerB,49.94,
L005296,2026-06-30 15:49,windows,google,g_02,GA,30.42,sold,BuyerB,29.5,
L005297,2026-06-30 12:17,windows,native,nt_02,NC,18.24,sold,BuyerB,29.23,
L005298,2026-06-30 18:28,windows,facebook,fb_08,VA,19.92,returned,BuyerB,26.35,bad_number
L005299,2026-06-30 12:20,roofing,facebook,fb_05,FL,24.6,sold,BuyerD,30.89,
L005300,2026-06-30 15:09,bathroom,facebook,fb_06,MO,26.39,unsold,,,
L005301,2026-06-30 9:56,bathroom,google,g_02,FL,35.85,sold,BuyerB,46.25,
L005302,2026-06-30 14:38,roofing,facebook,fb_08,GA,20.45,sold,BuyerA,38.7,
L005303,2026-06-30 18:49,bathroom,google,g_04,IL,34.32,sold,BuyerB,44.53,
L005304,2026-06-30 12:20,bathroom,google,g_01,IL,30.8,sold,BuyerE,37.03,
L005305,2026-06-30 12:10,roofing,native,nt_01,PA,18.38,sold,BuyerA,36.45,
L005306,2026-06-30 9:29,windows,facebook,fb_03,NY,19.28,sold,BuyerF,26.84,
L005307,2026-06-30 11:37,bathroom,facebook,fb_08,MT,23.84,unsold,,,
L005308,2026-06-30 18:05,bathroom,facebook,fb_04,TX,16.8,sold,BuyerE,40.88,
L005309,2026-06-30 15:20,bathroom,facebook,fb_06,CA,26.71,sold,BuyerB,41.69,
L005310,2026-06-30 14:13,windows,facebook,fb_06,MO,17.97,sold,BuyerF,27.76,
L005311,2026-06-30 16:06,roofing,native,nt_01,MI,16.96,unsold,,,
L005312,2026-06-30 16:05,roofing,google,g_04,FL,27.82,sold,BuyerD,36.63,
L005313,2026-06-30 10:20,roofing,google,g_03,IL,32.39,sold,BuyerA,37.68,
L005314,2026-06-30 16:20,windows,facebook,fb_01,MI,24.18,sold,BuyerB,29.97,
L005315,2026-06-30 19:37,bathroom,google,g_02,CA,40.42,sold,BuyerB,40.68,
L005316,2026-06-30 13:48,windows,facebook,fb_03,GA,20.43,sold,BuyerB,28.49,
L005317,2026-06-30 19:44,roofing,facebook,fb_08,FL,24.29,sold,BuyerA,39.22,
L005318,2026-06-30 13:54,windows,facebook,fb_03,MO,21.92,sold,BuyerB,27.56,
L005319,2026-06-30 11:32,roofing,facebook,fb_02,IL,24.1,sold,BuyerA,35.98,
L005320,2026-06-30 15:36,roofing,google,g_01,MO,27.1,sold,BuyerD,37.1,
L005321,2026-06-30 15:58,windows,facebook,fb_01,MI,23.87,sold,BuyerB,28.74,
L005322,2026-06-30 15:25,roofing,facebook,fb_03,PA,24.35,sold,BuyerD,39.29,
L005323,2026-06-30 12:52,windows,facebook,fb_07,GA,16.25,sold,BuyerB,27.65,
